0.746683075829406,0.288644309866348,3.08937657002756e-06,2,1,0.985098509850985
0.74894455280152,0.261877922492553,2.85799894980677e-06,2,1,0.993599359935994
0.742808732885251,0.326293049275126,2.10152553232367e-06,2,1,0.971197119711971
0.697420843223262,0.998775925788074,4.20849529067708e-06,2,1,0.785678567856786
0.724037275036417,0.536752912006314,2.32815498718367e-06,2,1,0.901290129012901
0.711607535999988,0.667269200001167,2.31962766029185e-06,2,1,0.855885588558856
0.715136011687993,0.635065220195344,2.02373112518663e-06,2,1,0.868286828682868
0.715407660234082,0.687598318389865,2.10944988975736e-06,2,1,0.863686368636864
0.749388988430017,0.353335498113775,1.67604853329688e-06,2,1,0.985598559855986
0.712586769941335,0.703232659171519,2.43268371370039e-06,2,1,0.854885488548855
0.712702948640721,0.704464906783328,2.30638641266347e-06,2,1,0.854985498549855
0.711557003975047,0.731178290567731,2.33797055738748e-06,2,1,0.849384938493849
0.712230648082259,0.729922630322322,2.41451211638412e-06,2,1,0.851185118511851
0.709822971721549,0.783872264845342,2.43161902462727e-06,2,1,0.83958395839584
0.73404171844242,0.439893450858157,3.33707415089723e-06,2,1,0.936993699369937
0.705339165188136,0.798516112435022,2.17413579741301e-06,2,1,0.826482648264827
0.71689328354508,0.697953666120701,2.42563759843027e-06,2,1,0.866586658665867
0.723967026018585,0.602733124903396,2.13243702934193e-06,2,1,0.894489448944894
0.705626654479246,0.838280803418685,2.75564788672003e-06,2,1,0.823182318231823
0.704461532647211,0.824791770949874,2.69613109323821e-06,2,1,0.821482148214821
0.708535103071256,0.835820811452581,2.55152373919788e-06,2,1,0.830983098309831
0.705030205236397,0.87755611736433,2.40448113463226e-06,2,1,0.817681768176818
0.705388520254171,0.851367163293776,2.66831803305692e-06,2,1,0.821182118211821
0.706392126031085,0.896394562375505,2.15549196570179e-06,2,1,0.819281928192819
0.723628906889288,0.623239900585094,2.78756352258147e-06,2,1,0.891589158915892
0.723632110173514,0.63549633074357,2.37588881297512e-06,2,1,0.89028902890289
0.725641165552237,0.61206811472469,2.68758033954829e-06,2,1,0.897889788978898
0.740045106420263,0.355742922561206,4.57222271173011e-06,2,1,0.961096109610961
0.744654936870452,0.251440210427572,2.83096999743546e-06,2,1,0.983598359835984
0.68765699267887,1.09318032550074,1.41833898146007e-06,2,1,0.750875087508751
0.692126627665125,1.07631199966711,1.26700561271228e-06,2,1,0.764176417641764
0.692149752708914,1.05557290747603,1.49582940592229e-06,2,1,0.766276627662766
0.694244373167724,1.07623770272938,1.73304920519455e-06,2,1,0.76967696769677
0.694486136529269,1.07051107359329,1.93633532439214e-06,2,1,0.770877087708771
0.694386515982958,1.08267443423536,2.19197040747486e-06,2,1,0.769376937693769
0.688368559682249,1.11624871743846,2.76221338763048e-06,2,1,0.75037503750375
0.688444436253632,1.12997629511674,2.62571507441336e-06,2,1,0.749174917491749
0.686929557603155,1.18881737818421,2.30208313141412e-06,2,1,0.739273927392739
0.691300010555355,1.20998902830635,1.40670393356172e-06,2,1,0.748474847484748
0.688712512490743,1.20408490117065,1.86021435139324e-06,2,1,0.742374237423742
0.691345788570473,1.21139815151984,2.40439040697059e-06,2,1,0.748474847484748
0.698723863511964,1.17739341075842,2.05484207267786e-06,2,1,0.771077107710771
0.731564859411347,0.500686139912999,3.40917047568337e-06,2,1,0.924492449244924
0.699077857777307,1.12077403305583,2.46892526737867e-06,2,1,0.777677767776778
0.70139022887909,1.0211754787159,2.22644082879201e-06,2,1,0.793779377937794
0.709295285788187,0.891627562167266,1.41112645595447e-06,2,1,0.827282728272827
0.7089601647697,0.867305960212832,1.51408812438709e-06,2,1,0.828882888288829
0.716720454810976,0.791005157365361,1.34130376702656e-06,2,1,0.856685668566857
0.746980677456989,0.310555720151899,1.44581010851832e-06,2,1,0.983598359835984
0.753753223843039,0.357965494596501,2.96022167769947e-06,2,1,0.996399639963996
0.754284252673881,0.353057322713061,2.8079742116197e-06,2,1,0.998299829982998
0.755506398244401,0.293418350351615,2.75358046643037e-06,2,1,1
0.756334637582303,0.300829880446248,2.71172482318551e-06,2,1,1
0.735652482763303,0.528242279722138,1.27066133754597e-06,2,1,0.932293229322932
0.734734917430465,0.493437492665314,1.31048254804366e-06,2,1,0.933393339333933
0.761025212266292,0.289603959745913,2.73111247029336e-06,2,1,1
0.744846343966192,0.316405286165351,8.3477152014878e-07,2,1,0.977497749774977
0.742475427254639,0.35428410174651,1.13569290544823e-06,2,1,0.967496749674967
0.752296536638873,0.267856413701951,1.42604604414234e-06,2,1,1
0.713736933110885,0.8577649399633,1.11199504766742e-06,2,1,0.842184218421842
0.733556375924272,0.609120824831207,1.44007704111355e-06,2,1,0.918691869186919
0.7503884977993,0.300645249174836,1.26867924749963e-06,2,1,0.993499349934993
0.742488728316782,0.362585659019311,1.52445786215024e-06,2,1,0.966696669666967
0.742726544409415,0.304948271808349,1.70958956955476e-06,2,1,0.973197319731973
0.744650000856213,0.298850483635231,1.75697402448103e-06,2,1,0.978797879787979
0.745147675268088,0.338971412651736,1.88442705859067e-06,2,1,0.975997599759976
0.745841037856244,0.324733679740142,1.80787120261266e-06,2,1,0.979297929792979
0.743833464038204,0.312596392430024,1.86970629380084e-06,2,1,0.975297529752975
0.743580547432757,0.314440148290155,1.85530129954115e-06,2,1,0.974397439743974
0.743909493063951,0.367824037813773,2.84056109744971e-06,2,1,0.96989698969897
0.741609692740034,0.351891498950815,3.20094567659462e-06,2,1,0.965496549654965
0.742448185047942,0.345787213252087,2.05151431098499e-06,2,1,0.968296829682968
0.717075751321591,0.602134360245375,3.30132093617567e-06,2,1,0.876687668766877
0.720759741138458,0.620787211763167,3.53468403795265e-06,2,1,0.884388438843884
0.714644122510755,0.54308241480778,2.74267039004151e-06,2,1,0.876287628762876
0.713946717837291,0.550656863837264,2.83629190082696e-06,2,1,0.873787378737874
0.709686474457791,0.616694434670281,3.63673391120738e-06,2,1,0.856085608560856
0.709318903407079,0.589029481046097,2.17240395579048e-06,2,1,0.857885788578858
0.709310549662786,0.600124261428869,3.19825027744197e-06,2,1,0.856785678567857
0.710082059175538,0.578099903481026,2.64677241323211e-06,2,1,0.860986098609861
0.713141538063553,0.564291181714979,2.3715008615162e-06,2,1,0.87028702870287
0.713074585394774,0.563820520766521,2.69503072859026e-06,2,1,0.87018701870187
0.716080221090169,0.539857102355595,2.27996510164273e-06,2,1,0.88038803880388
0.714488708130027,0.550542983403503,2.60300600783641e-06,2,1,0.875187518751875
0.714337708338574,0.556396449723515,2.80460930667942e-06,2,1,0.874187418741874
0.712203085594597,0.584140978391734,2.94959722845063e-06,2,1,0.865886588658866
0.712637532393567,0.544480907469077,2.49911534122951e-06,2,1,0.870987098709871
0.70889071020604,0.594764188364526,3.47392587266252e-06,2,1,0.856185618561856
0.711213822931321,0.576028696779996,2.65563193469402e-06,2,1,0.864086408640864
0.706901831844343,0.598536762289347,3.2853184527497e-06,2,1,0.850685068506851
0.706810275210846,0.599945945769658,3.00118506968998e-06,2,1,0.85028502850285
0.696009903266023,0.927090214183997,3.96463578499005e-06,2,1,0.789278927892789
0.723252880221919,0.52594192413903,1.46280695505104e-06,2,1,0.9003900390039
0.710601099144612,0.550195061485376,2.36149767330535e-06,2,1,0.865086508650865
0.711446013427888,0.54462375647441,2.34671106490968e-06,2,1,0.867886788678868
0.705959896371546,0.627565898542043,3.30232854495625e-06,2,1,0.845284528452845
0.709573475919666,0.570603163960381,2.46887754558645e-06,2,1,0.86038603860386
0.713861937427901,0.555697818040058,2.44806056755859e-06,2,1,0.872987298729873
0.713745995338889,0.548390268955506,2.70170377073482e-06,2,1,0.873487348734873
0.71192712153798,0.569243432541397,2.76048446633573e-06,2,1,0.866686668666867
0.706498699250274,0.603638950748042,2.68056093668075e-06,2,1,0.849084908490849
0.70726653246894,0.606004039004478,3.00057838610631e-06,2,1,0.850885088508851
0.709226371539546,0.598841668152935,3.09558818857599e-06,2,1,0.856685668566857
0.710248390341573,0.559761866994149,2.39897830464631e-06,2,1,0.863286328632863
0.709628519609501,0.588987632298718,3.50945175047304e-06,2,1,0.858685868586859
0.70694668582446,0.615804620886971,3.49202776357709e-06,2,1,0.849084908490849
0.706468714824687,0.591299599470086,2.76570553319136e-06,2,1,0.85028502850285
0.705925841382896,0.621926906255371,2.94785030548363e-06,2,1,0.845784578457846
0.707251454097026,0.626700161044363,3.87054692618356e-06,2,1,0.848684868486849
0.696735764882642,0.883271771680223,4.08936911261978e-06,2,1,0.795579557955796
0.719900101151246,0.517345635311667,1.95761826298417e-06,2,1,0.892589258925893
0.710434858753127,0.574183229446617,4.15397764332599e-06,2,1,0.862286228622862
0.706113966670113,0.595398011377779,2.28086900593231e-06,2,1,0.848984898489849
0.70175963774752,0.663324345083451,3.01991310035414e-06,2,1,0.830783078307831
0.703749603071402,0.672553810198466,3.01578382040692e-06,2,1,0.834983498349835
0.705551317510267,0.611972772592113,2.51447380079998e-06,2,1,0.845784578457846
0.705930002398788,0.599864150163816,2.86838306500652e-06,2,1,0.847984798479848
0.703014333465545,0.668958219934911,3.54475443418941e-06,2,1,0.833483348334834
0.704596950830974,0.623628367830322,2.83244434290952e-06,2,1,0.842184218421842
0.70395485695186,0.633655828706874,2.89210825468559e-06,2,1,0.83948394839484
0.707652896478731,0.608416669524539,2.51963942930086e-06,2,1,0.851585158515852
0.705542962314013,0.642171787509154,3.04725172983689e-06,2,1,0.842784278427843
0.707624753681943,0.672880479731487,2.97207162245579e-06,2,1,0.845084508450845
0.720166898594868,0.505765437246002,1.67577485738699e-06,2,1,0.894389438943894
0.704305379349536,0.620994635095226,3.4060804330719e-06,2,1,0.841684168416842
0.705657123597823,0.654466973635316,3.39578023922846e-06,2,1,0.841784178417842
0.703252274334611,0.662489925432293,2.90146909604391e-06,2,1,0.834783478347835
0.705327406378807,0.629995096282111,2.4398095336915e-06,2,1,0.843384338433843
0.703462424063589,0.640976385608796,3.29763995583514e-06,2,1,0.837483748374838
0.701174558363519,0.66576166499531,3.40044454208117e-06,2,1,0.829082908290829
0.703399175072808,0.65239043010434,3.12924508703968e-06,2,1,0.836183618361836
0.704512091586694,0.6145119058189,2.71891994624286e-06,2,1,0.842884288428843
0.747622784321408,0.317398296308538,2.28298939863086e-06,2,1,0.984598459845985
0.697860703067457,1.14882839335726,1.54282088740775e-06,2,1,0.771677167716772
0.692168832010279,1.00698737261604,2.29197181390738e-06,2,1,0.771277127712771
0.715938007641542,0.462096940900923,1.95487171306244e-06,2,1,0.887888788878888
0.694124907417413,0.966553264335407,2.34034577398244e-06,2,1,0.78037803780378
0.692366983444838,0.926462530631424,2.36714737736831e-06,2,1,0.77987798779878
0.695894525658383,0.906266664698975,2.22255324930272e-06,2,1,0.791079107910791
0.695955977388367,0.92049293344169,1.91971525688956e-06,2,1,0.78977897789779
0.697201967321906,0.901774611370915,1.73480891898458e-06,2,1,0.794879487948795
0.696430318103261,0.861819287933151,1.53054453935604e-06,2,1,0.796979697969797
0.687964345445691,0.940391187266681,1.91566344668335e-06,2,1,0.767076707670767
0.68874426002389,0.961453788698752,2.45652911287144e-06,2,1,0.766976697669767
0.688803141450032,0.954169442010669,2.65606897132703e-06,2,1,0.767876787678768
0.698077723459339,0.825662909130562,2.80447819381526e-06,2,1,0.804880488048805
0.698048284472779,0.916412765392435,2.59855313799344e-06,2,1,0.795679567956796
0.693108523847624,0.974770273206104,2.09087353180416e-06,2,1,0.776977697769777
0.696183504711956,0.870368219531711,1.83498586729135e-06,2,1,0.795479547954795
0.704444985147844,0.733445860431259,2.16393886034924e-06,2,1,0.830683068306831
0.703712571588722,0.815270215229992,3.39850824621367e-06,2,1,0.820482048204821
0.70065129564877,0.96694214100235,3.84552466283817e-06,2,1,0.797279727972797
0.708515114612589,0.717486804048126,2.92845325208397e-06,2,1,0.842884288428843
0.707528148999019,0.755386121400135,1.71934355269627e-06,2,1,0.836483648364836
0.708881983852242,0.715987473098272,3.17126506354655e-06,2,1,0.843984398439844
0.712202010782392,0.729707695252386,3.32811137625347e-06,2,1,0.851185118511851
0.717119934026182,0.658433278707117,2.75738735606005e-06,2,1,0.871087108710871
0.709684939715301,0.785006412373828,1.79309686200209e-06,2,1,0.839083908390839
0.712930937406865,0.530044370892771,2.7711319877948e-06,2,1,0.873187318731873
0.714062323794653,0.59968028909914,2.01989427504759e-06,2,1,0.869086908690869
0.708942974192684,0.72685980686187,1.95746671886001e-06,2,1,0.842984298429843
0.714799261211972,0.66524462776846,1.81028842301527e-06,2,1,0.864386438643864
0.708341846455653,0.714173343190465,1.89785978145336e-06,2,1,0.842684268426843
0.703426324508794,0.765525956173457,3.53854713889888e-06,2,1,0.824782478247825
0.702762694352036,0.808278003813431,3.27205241037294e-06,2,1,0.818781878187819
0.705401884930717,0.656252444656452,2.80342311783991e-06,2,1,0.840984098409841
0.707453385962046,0.703509924274561,2.31822913559968e-06,2,1,0.841484148414842
0.703857550912952,0.721351732915098,3.44632563685507e-06,2,1,0.83038303830383
0.700379524661761,0.872821827171795,2.43669630912459e-06,2,1,0.806080608060806
0.703609055532092,0.792314427736975,2.1992916530127e-06,2,1,0.822582258225823
0.712355573516599,0.568947520634084,1.67493535834855e-06,2,1,0.867786778677868
0.711817120949422,0.594595392690609,2.0377980849617e-06,2,1,0.863786378637864
0.713689968154182,0.618098878017553,2.05445771849651e-06,2,1,0.866286628662866
0.708210010350489,0.688418734231569,1.61974033499901e-06,2,1,0.844984498449845
0.707900359056466,0.738501882044882,2.36104291171479e-06,2,1,0.839083908390839
0.709972694780353,0.757559516481185,2.75724742104204e-06,2,1,0.842584258425843
0.71229894549448,0.630039120229925,2.12463026609551e-06,2,1,0.861486148614862
0.712493053873524,0.597765189854147,1.81938028620652e-06,2,1,0.865286528652865
0.711699583753725,0.61866828631128,2.60143767225081e-06,2,1,0.861086108610861
0.706262474996164,0.701381174704604,2.62828893895903e-06,2,1,0.838583858385839
0.704916300975485,0.806873036322391,2.61296613681317e-06,2,1,0.824482448244825
0.694406012792677,0.9720442713309,2.9013742681839e-06,2,1,0.780578057805781
0.694151356842785,0.909242016385933,2.31584854661622e-06,2,1,0.786278627862786
0.696023573243803,0.822516267232731,2.54395635858265e-06,2,1,0.7998799879988
0.698993847955287,0.880220449546046,2.87633251479881e-06,2,1,0.801780178017802
0.697842244521803,0.855990961895596,2.27253368491683e-06,2,1,0.801180118011801
0.695439607894287,0.857853939815941,2.538018882438e-06,2,1,0.794779477947795
0.697394538990596,0.829809944939727,1.920540577566e-06,2,1,0.802680268026803
0.716393444315225,0.467161129558101,1.50768645726269e-06,2,1,0.888488848884888
0.697162445315226,0.809607807234044,2.1229181963482e-06,2,1,0.804080408040804
0.696140080126829,0.850544050782379,3.22994271881252e-06,2,1,0.797379737973797
0.739868964508112,0.390168066743323,2.75271150978299e-06,2,1,0.957195719571957
0.694092387145965,1.0048177299547,3.42277002717116e-06,2,1,0.776477647764776
0.697372870929842,0.910093174567006,5.13057739138832e-06,2,1,0.794479447944795
0.697917138720409,0.923417473617192,4.13037919667757e-06,2,1,0.794579457945795
0.718790092010483,0.668027821896312,2.86232569428931e-06,2,1,0.874487448744874
0.723308863910824,0.602336336382716,1.90251619231774e-06,2,1,0.892789278927893
0.733960837614389,0.46597487477973,2.02390451375255e-06,2,1,0.934193419341934
0.698257805457059,0.921180071305877,3.85138404409375e-06,2,1,0.795679567956796
0.75783108046293,0.279230187276141,1.76735493044759e-06,2,1,1
0.705939296794488,0.733103678683876,2.59266998861786e-06,2,1,0.834583458345835
0.702905034934991,0.779747296175397,2.51415994627292e-06,2,1,0.821982198219822
0.702790405555499,0.794771577745557,2.45033884237863e-06,2,1,0.82018201820182
0.705096825841428,0.771328187832169,2.38255629819309e-06,2,1,0.828582858285829
0.704493874112321,0.768085703839281,2.35358069469071e-06,2,1,0.827282728272827
0.708348369967466,0.74113113258125,2.64107166161709e-06,2,1,0.83998399839984
0.709466547991363,0.695837710925366,2.45736985607881e-06,2,1,0.847484748474847
0.709628705007786,0.705875016241341,2.56125383198456e-06,2,1,0.846884688468847
0.714033876896159,0.672321107416829,2.19763103422348e-06,2,1,0.861686168616862
0.708742245755881,0.732299247206321,2.4892050862049e-06,2,1,0.841984198419842
0.713438797992592,0.669917763843909,2.16718853409072e-06,2,1,0.86038603860386
0.715275426852469,0.636650049705848,2.15024667874176e-06,2,1,0.868486848684868
0.713187351032317,0.692181508426186,2.43955905527047e-06,2,1,0.857485748574857
0.709122341730509,0.705095253633971,2.55596383587192e-06,2,1,0.845684568456846
0.712752619583375,0.698893041674705,2.5304001277139e-06,2,1,0.855685568556856
0.709565764613618,0.714274093237789,2.57901481575958e-06,2,1,0.845884588458846
0.714342489826051,0.666827394323142,2.34474077443348e-06,2,1,0.863086308630863
0.710797766106994,0.709915888077694,2.5917067129516e-06,2,1,0.849484948494849
0.711353084619677,0.735776998465276,2.65357773407229e-06,2,1,0.848384838483848
0.709547142226089,0.742820217606661,2.46720351067299e-06,2,1,0.842984298429843
0.709405133712481,0.742313291987698,2.48928803227853e-06,2,1,0.842684268426843
0.71005103287178,0.731621087182715,2.31734319954618e-06,2,1,0.845384538453845
0.709847162872705,0.740899657972248,2.56928072139339e-06,2,1,0.843984398439844
0.705688831438751,0.760388818178178,2.39045947513056e-06,2,1,0.831183118311831
0.710187719433673,0.730169983102047,2.5355197338868e-06,2,1,0.845884588458846
0.710990324655955,0.732361278049763,2.49399885524712e-06,2,1,0.847784778477848
0.712455597842142,0.655455605467123,2.69466328813922e-06,2,1,0.859285928592859
0.712034333501762,0.703990946263748,2.46097937284607e-06,2,1,0.853285328532853
0.709072948095293,0.707857570309769,2.5885681072324e-06,2,1,0.845284528452845
0.70992364325157,0.738341234613777,2.38451685228583e-06,2,1,0.844384438443844
0.706624144639597,0.736110067461656,2.36316680106097e-06,2,1,0.836083608360836
0.711651453509924,0.691205100421071,2.78937550391104e-06,2,1,0.853585358535854
0.712231255094811,0.688013597252204,2.81530025446482e-06,2,1,0.855485548554855
0.71215819266279,0.694070421576913,2.81952781031632e-06,2,1,0.854685468546855
0.714240151346043,0.688255086542187,2.47937239575558e-06,2,1,0.860686068606861
0.708968966564167,0.724100081610797,2.71779164763373e-06,2,1,0.843384338433843
0.706716429289988,0.733041714924446,2.4411179867757e-06,2,1,0.836583658365837
0.713412317699802,0.665104516160923,2.41604198616398e-06,2,1,0.860786078607861
0.712209747907429,0.653237679579992,2.34926058070208e-06,2,1,0.858885888588859
0.708527019410636,0.703179269697851,2.63812502228161e-06,2,1,0.844284428442844
0.710296578261465,0.689762894125295,2.66429777192599e-06,2,1,0.85028502850285
0.708204967816271,0.715143568051429,2.62280941678467e-06,2,1,0.842284228422842
0.707875807115467,0.716267177564303,2.54369835213265e-06,2,1,0.841284128412841
0.707062923770595,0.738143437190439,2.64830297874829e-06,2,1,0.836983698369837
0.709657590880676,0.72304057076139,2.58401966948472e-06,2,1,0.845284528452845
0.706573147899002,0.716786349065147,2.64036578202505e-06,2,1,0.837883788378838
0.710608950445956,0.681585702567201,2.291186724046e-06,2,1,0.851885188518852
0.710288783316458,0.712803995158567,2.27747474463317e-06,2,1,0.847884788478848
0.707902260158191,0.712004952890357,2.28914147644659e-06,2,1,0.841784178417842
0.711611864313768,0.670283208808451,2.41171983524145e-06,2,1,0.855685568556856
0.710294176529567,0.670740210370295,2.71980247299382e-06,2,1,0.852185218521852
0.711290762814085,0.720537551326693,2.63109816620925e-06,2,1,0.84978497849785
0.714562119377425,0.684030605368863,2.46232599386214e-06,2,1,0.861886188618862
0.713250614350657,0.69274925392041,2.5316640279303e-06,2,1,0.857585758575858
0.706931933390061,0.775605216081811,2.48821336911377e-06,2,1,0.832883288328833
0.751311277909377,0.329399327247311,2.30893652894274e-06,2,1,0.992999299929993
0.746676270599125,0.326029068962243,1.88243914704426e-06,2,1,0.981298129812981
0.699799994824968,0.971254934301988,3.89915720599024e-06,2,1,0.794679467946795
0.69957322337894,0.869158963447426,3.5016642489384e-06,2,1,0.804380438043804
0.702709069829783,0.91181450327873,2.21670169288519e-06,2,1,0.808180818081808
0.751623402884489,0.249531067840346,2.91863269144232e-06,2,1,1
0.748194102860274,0.287556659340332,3.47929641820076e-06,2,1,0.989098909890989
0.756801977086206,0.199747200942843,2.58174549335562e-06,2,1,1
0.752249157083026,0.24953299370948,2.35987578230172e-06,2,1,1
0.685341476711134,1.10723304096283,1.41736569768425e-06,2,1,0.743474347434743
0.739208987211944,0.473399407436647,1.78741564960346e-06,2,1,0.947094709470947
0.73382155700156,0.426702243436981,1.54937182391994e-06,2,1,0.937793779377938
0.746690464011367,0.417981128151684,1.87903357046078e-06,2,1,0.972097209720972
0.735345365815899,0.510070659031796,1.76825528992562e-06,2,1,0.933293329332933
0.739355539416257,0.52533844923283,1.64884627275215e-06,2,1,0.942194219421942
0.7168630780481,0.74346078937263,1.02894331846719e-06,2,1,0.861886188618862
0.742181860588175,0.45176052085634,1.51474187700825e-06,2,1,0.956995699569957
0.732557581497664,0.601620563176781,2.31225747998406e-06,2,1,0.916891689168917
0.723096613421492,0.729576283185646,3.37718226091231e-06,2,1,0.879387938793879
0.746755405358554,0.384576881362896,1.71805865352308e-06,2,1,0.975597559755976
0.741475914256195,0.428820000663705,1.83614302917359e-06,2,1,0.957395739573957
0.742940845165494,0.439259343877103,1.88744990152562e-06,2,1,0.96019601960196
0.744080694670189,0.341483742889675,1.80322806682539e-06,2,1,0.972997299729973
0.744877462587695,0.344355281332059,1.91544806138226e-06,2,1,0.974797479747975
0.746188772621258,0.347248008467898,1.89312295844773e-06,2,1,0.977897789778978
0.748333487231111,0.300445138692235,1.9507118947395e-06,2,1,0.988198819881988
0.748389598117355,0.319150467407713,2.01305749936438e-06,2,1,0.986398639863986
0.742550442494964,0.453588446138898,1.80354594498857e-06,2,1,0.957695769576958
0.752848768590859,0.271579904038687,2.00310959684931e-06,2,1,1
0.75137128614182,0.308330372922678,2.02441992346611e-06,2,1,0.995199519951995
0.752811665984219,0.270618077007127,1.94621708852975e-06,2,1,1
0.751959813367839,0.269470793557173,2.08214771327783e-06,2,1,1
0.752457637631825,0.269276975545856,2.08806603534916e-06,2,1,1
0.750613906486027,0.372985154948556,2.14472683645621e-06,2,1,0.986798679867987
0.75454947904445,0.303474751106003,1.4981877010298e-06,2,1,1
0.75499145518336,0.331015506894187,1.67835561535676e-06,2,1,1
0.752627507883244,0.376317264234472,2.08075186225723e-06,2,1,0.991599159915992
0.751839895397154,0.361453248905899,2.02843787843866e-06,2,1,0.991099109910991
0.75562202632201,0.323280862886405,1.76803073213075e-06,2,1,1
0.755991244093313,0.253949955544899,1.70232616567561e-06,2,1,1
0.755610795787173,0.287881430230725,1.7948945776001e-06,2,1,1
0.755806339945893,0.285024230132686,1.83720645931001e-06,2,1,1
0.755873109747232,0.271868441435376,1.83938579573278e-06,2,1,1
0.755978876361046,0.281319088293525,1.89097345947242e-06,2,1,1
0.756009525617347,0.252124434511858,1.88125553919811e-06,2,1,1
0.756055863921618,0.270330596633978,1.92012252681187e-06,2,1,1
0.75588163063838,0.253506460755244,1.90028387139436e-06,2,1,1
0.756102327159421,0.251674864546772,1.91196776314647e-06,2,1,1
0.755796242764422,0.2522892976887,1.92465474167501e-06,2,1,1
0.756024285741005,0.25134483886471,1.91298917431333e-06,2,1,1
0.755656584634957,0.268746237850748,1.96676856616343e-06,2,1,1
0.754984008007887,0.337053726005565,1.99527285756276e-06,2,1,1
0.757629891273336,0.306286836365812,1.86423033241932e-06,2,1,1
0.749250143170396,0.279892118802968,1.84458591828669e-06,2,1,0.992599259925993
0.752752528770275,0.284398058703129,2.11271094877241e-06,2,1,1
0.740345472665672,0.416125150449518,1.06060759828462e-06,2,1,0.955795579557956
0.729405440272759,0.461526376480042,8.20255651483931e-07,2,1,0.922792279227923
0.73258016288223,0.595101957223063,6.5575442124402e-07,2,1,0.917591759175918
0.753917202669725,0.189715717037729,2.2842550221836e-06,2,1,1
0.754396880905924,0.197640841475326,2.62389171773132e-06,2,1,1
0.754251192079644,0.192359737898894,2.92758561765519e-06,2,1,1
0.759370485040857,0.322189414353603,1.25105688907459e-06,2,1,1
0.738819197064939,0.328959728053696,1.11879386047629e-06,2,1,0.960596059605961
0.73215500006281,0.497299295524216,9.6192194352294e-07,2,1,0.926392639263926
0.74983883554446,0.426994268695584,2.04437292950873e-06,2,1,0.979297929792979
0.736782655304114,0.343863981591177,5.01905976256313e-06,2,1,0.953795379537954
0.700318706803658,0.760540756124559,3.22208777338538e-06,2,1,0.817281728172817
0.707340585442925,0.627739885119421,2.74246868011176e-06,2,1,0.848884888488849
0.702850451436917,0.452966145681419,3.58317864519535e-06,2,1,0.854885488548855
0.706741347170423,0.686599989705927,2.75590450401454e-06,2,1,0.841384138413841
0.698463419255686,0.897589566044995,4.30464440137548e-06,2,1,0.798579857985799
0.705125861586821,0.746896524561393,2.64438052913196e-06,2,1,0.831083108310831
0.735039485232145,0.378031120347909,1.94674564451659e-06,2,1,0.945894589458946
0.732622935448485,0.433303640386354,2.30572590850111e-06,2,1,0.933993399339934
0.726724296448874,0.516787842556716,3.07596642205591e-06,2,1,0.91029102910291
0.73187173173629,0.403439315554518,2.02904742341362e-06,2,1,0.935093509350935
0.730811720257281,0.419282465999376,2.40633304973601e-06,2,1,0.930793079307931
0.720000075309637,0.545076019921832,3.85050333074838e-06,2,1,0.88998899889989
0.724366447555027,0.48505109315461,2.92599701423342e-06,2,1,0.907390739073907
0.722812933700129,0.513076807833356,3.16188193671869e-06,2,1,0.900590059005901
0.723104894931952,0.490949943477633,2.85547502302327e-06,2,1,0.903490349034903
0.722469154477512,0.502125689655077,3.10233737172243e-06,2,1,0.900790079007901
0.721376591957584,0.529615843106031,3.01753767834484e-06,2,1,0.895189518951895
0.720198196234377,0.586065511460634,2.80410941190785e-06,2,1,0.886388638863886
0.7172300803173,0.592814907751752,3.30568457662003e-06,2,1,0.877987798779878
0.720784459286613,0.554027181914997,2.68785262351041e-06,2,1,0.891189118911891
0.726679267850852,0.416435043644107,1.84886320839688e-06,2,1,0.92029202920292
0.722039785916787,0.563291938523796,3.27821038621762e-06,2,1,0.893489348934894
0.723854493676708,0.526775575932841,3.26596081076191e-06,2,1,0.901890189018902
0.725378336204177,0.421459910678583,2.53287822737422e-06,2,1,0.916391639163916
0.718445532716975,0.580808123163512,3.43144735760102e-06,2,1,0.882388238823882
0.724391994921553,0.461966901871716,2.7335461629809e-06,2,1,0.90979097909791
0.71820393387808,0.57586282442935,3.33397077487201e-06,2,1,0.882288228822882
0.719433537304506,0.526269547779694,2.31271742251955e-06,2,1,0.89048904890489
0.719156068781136,0.565055066361181,3.14277113771153e-06,2,1,0.885788578857886
0.725879852920064,0.470384382711692,3.04243549797791e-06,2,1,0.912791279127913
0.719641874261391,0.546424603673889,3.24004937021826e-06,2,1,0.888988898889889
0.712683190392064,0.594715025042409,2.83430987980142e-06,2,1,0.866086608660866
0.716772387170219,0.556009144712585,2.58210415982803e-06,2,1,0.880588058805881
0.720643428012864,0.51635376702124,2.98668849172322e-06,2,1,0.894589458945895
0.712929415104182,0.619604728461321,2.02822186238047e-06,2,1,0.864186418641864
0.713689493371924,0.571588852539211,3.75582043446054e-06,2,1,0.870987098709871
0.718733214286495,0.531435419885543,2.63101423685661e-06,2,1,0.888088808880888
0.713525148337317,0.600986843903267,3.00947178526475e-06,2,1,0.867586758675868
0.714021863221893,0.645225539183361,3.07697522419403e-06,2,1,0.864386438643864
0.717703029748528,0.58752413381643,3.27351862101886e-06,2,1,0.87978797879788
0.714984573656736,0.568572601691729,2.13781427821182e-06,2,1,0.874687468746875
0.730675157676513,0.434429155605888,2.31149402839905e-06,2,1,0.928892889288929
0.743710596221443,0.301454687688137,4.33499089483684e-06,2,1,0.976097609760976
0.712409377240515,0.574299350731777,3.39744705874484e-06,2,1,0.867386738673867
0.702380077764472,0.789967395949133,2.91587797242921e-06,2,1,0.81958195819582
0.715497094312884,0.670438429291197,2.23576904876962e-06,2,1,0.865686568656866
0.701221722719566,0.725334512592291,5.24236203456843e-06,2,1,0.823182318231823
0.699283826867357,0.941366904102498,4.31896879880064e-06,2,1,0.796279627962796
0.743522586874223,0.34577140080023,2.51235447109929e-06,2,1,0.971097109710971
0.743854367293357,0.338000080935711,2.95927454795448e-06,2,1,0.972797279727973
0.743835159714794,0.338364153804781,2.94936436159158e-06,2,1,0.972697269726973
0.711769263825191,0.534983337071353,2.74842482983622e-06,2,1,0.86968696869687
0.712750497673484,0.520104687746476,2.49211525632328e-06,2,1,0.873787378737874
0.711967688350313,0.524367297095783,2.48568307405912e-06,2,1,0.871287128712871
0.712079226040412,0.529864676883349,2.4106499871647e-06,2,1,0.870987098709871
0.7121877484724,0.522283638980323,2.37906418835023e-06,2,1,0.872087208720872
0.711525965134203,0.531456928396135,2.42407166579429e-06,2,1,0.869386938693869
0.710908221411704,0.551082726282491,2.44685975205547e-06,2,1,0.865886588658866
0.710862901447421,0.541652132069588,2.40733666862621e-06,2,1,0.866686668666867
0.710481565139512,0.545527788806333,2.39975020385119e-06,2,1,0.865286528652865
0.71070640496249,0.540841317836379,2.27168739069744e-06,2,1,0.866386638663866
0.711306193432187,0.536236184541398,2.25140698941171e-06,2,1,0.868386838683868
0.711029878362951,0.546133916980231,2.315980405312e-06,2,1,0.866686668666867
0.764419368339769,0.306619134091752,1.67870625483468e-06,2,1,1
0.745807895777512,0.306477779239557,3.95113569479723e-06,2,1,0.980998099809981
0.710336328106379,0.695680024476801,2.2921594780177e-06,2,1,0.84978497849785
0.711187769426643,0.628882576920688,2.20305173875052e-06,2,1,0.858685868586859
0.706945245274771,0.781140445201755,2.76750728870626e-06,2,1,0.832383238323832
0.70842730792368,0.765169946386001,3.86559608387516e-06,2,1,0.837783778377838
0.708230274973501,0.762656579701663,2.80740335881182e-06,2,1,0.837583758375838
0.708190855348641,0.769450174386626,3.49149273104721e-06,2,1,0.836783678367837
0.718883736980009,0.667484161332617,3.35338952275163e-06,2,1,0.874787478747875
0.743514954713635,0.284508397165559,2.37655292033716e-06,2,1,0.977297729772977
0.740899952689609,0.342329045000628,2.68360474569906e-06,2,1,0.964696469646965
0.740612755872412,0.264753660182133,2.11411630227854e-06,2,1,0.971797179717972
0.73355211128868,0.471738357451351,9.97131200873972e-07,2,1,0.932593259325933
0.715644556064042,0.624417018058146,1.70950305763365e-06,2,1,0.870687068706871
0.715818151314752,0.632114581001301,1.74319821250966e-06,2,1,0.87038703870387
0.716396927384828,0.632339934125562,1.7952404214069e-06,2,1,0.871887188718872
0.715857935523612,0.608241211705056,1.81804305131055e-06,2,1,0.872887288728873
0.711567339393939,0.715380676947851,2.21734358630969e-06,2,1,0.850985098509851
0.711180740650849,0.711702796399867,1.95007389183265e-06,2,1,0.85038503850385
0.711024320934547,0.733648677987761,1.86574038832275e-06,2,1,0.847684768476848
0.71183316940543,0.735846981948127,1.86460430193042e-06,2,1,0.84958495849585
0.711755922916576,0.731262878585601,1.80184900244949e-06,2,1,0.84988498849885
0.712204983565376,0.724205274740918,1.65381641260973e-06,2,1,0.851785178517852
0.712348142474196,0.745824861753691,1.81882905069451e-06,2,1,0.84988498849885
0.706169675874883,0.788523072587621,2.03832363997083e-06,2,1,0.82958295829583
0.709856379810865,0.715211601514095,1.60825772079183e-06,2,1,0.846584658465847
0.707117755039705,0.789081473008066,1.71992651196347e-06,2,1,0.831983198319832
0.70995098362874,0.794596351378393,1.83782770426596e-06,2,1,0.838783878387839
0.708503167163877,0.742195741145647,2.4974663705724e-06,2,1,0.84028402840284
0.706862298492929,0.72608992971604,1.99181641430807e-06,2,1,0.837683768376838
0.71160404845349,0.728816816813129,1.72948723346994e-06,2,1,0.84968496849685
0.711336589616593,0.756405056807202,1.92479827551253e-06,2,1,0.846284628462846
0.719684530967333,0.761563245196634,2.03653619867908e-06,2,1,0.867386738673867
0.709270250446591,0.789700392380094,1.44205672078858e-06,2,1,0.837483748374838
0.710512447284843,0.781782349734295,1.46587721917738e-06,2,1,0.841584158415842
0.711898557590714,0.736030183898197,1.80032313652351e-06,2,1,0.84978497849785
0.738135472539004,0.37655250795815,1.25367613756837e-06,2,1,0.954095409540954
0.723100532008697,0.757895802781235,1.51603442201744e-06,2,1,0.876587658765877
0.717752369688046,0.70189518997284,1.77002286650821e-06,2,1,0.868386838683868
0.718053032406321,0.689209945151943,2.39099444325188e-06,2,1,0.87038703870387
0.717011423211538,0.672364252306232,1.6817923529217e-06,2,1,0.869386938693869
0.758608817692702,0.314253611835258,1.57329006438269e-06,2,1,1
0.716385366941344,0.760880335156825,2.1402898077591e-06,2,1,0.858885888588859
0.707624501174977,0.789840959754497,1.74085299739144e-06,2,1,0.833283328332833
0.726736383892867,0.641474112622967,1.39438052750175e-06,2,1,0.897789778977898
0.715777574143438,0.792789804422299,2.03831139620429e-06,2,1,0.854085408540854
0.71895907859098,0.94018517612274,1.55035406829969e-06,2,1,0.847484748474847
0.714903236482355,0.85577080535064,1.51061149962497e-06,2,1,0.845484548454845
0.723281337084062,0.758955971999696,2.00100882028489e-06,2,1,0.876987698769877
0.716608292352884,0.760302291923088,2.1567155283307e-06,2,1,0.859485948594859
0.708737782112604,0.866870608431482,2.04174584852329e-06,2,1,0.828382838283828
0.709289836678075,0.846544939864031,1.88785712624986e-06,2,1,0.831783178317832
0.71154226451093,0.761572880879893,1.74034919288137e-06,2,1,0.846284628462846
0.714960453990264,0.73906471065781,2.28921737457299e-06,2,1,0.857385738573857
0.712178845966597,0.791989625166914,2.33769319805955e-06,2,1,0.844784478447845
0.709777406931692,0.779025951894624,2.35400765454534e-06,2,1,0.83988398839884
0.727524752304376,0.548842868540476,1.2231962558012e-06,2,1,0.909190919091909
0.738078131167208,0.424971815578017,8.73739577894032e-07,2,1,0.948994899489949
0.709999972920731,0.756069158007036,4.00288942089671e-06,2,1,0.842784278427843
0.710573667154434,0.760536783873107,2.8837143771978e-06,2,1,0.843884388438844
0.740643240729059,0.375602718685045,2.19626550722068e-06,2,1,0.960596059605961
0.744407774877412,0.369333317633811,2.83395928764933e-06,2,1,0.970997099709971
0.743950672944748,0.342767238509766,2.58627036254472e-06,2,1,0.972497249724973
0.741906614790918,0.335352851283096,3.26596255652321e-06,2,1,0.967996799679968
0.701827799753173,0.892570548095653,4.56647931672589e-06,2,1,0.807880788078808
0.700323329342284,0.716114352095477,2.74241383588048e-06,2,1,0.821782178217822
0.821428230521899,1.09601976934901,7.50555933395882e-07,2,1,1
0.815559120426941,0.831354311058213,6.17627550401434e-08,2,1,1
0.719059696952631,0.620915279823405,2.69279613672394e-06,2,1,0.87988798879888
0.747366520066863,0.22955872025408,2.15801607160293e-06,2,1,0.992799279927993
0.82255912001437,0.685461073632182,1.24386812737223e-07,2,1,1
0.780263551629368,1.3229847064465,1.25532649944785e-07,2,1,0.967796779677968
0.696379847093791,0.825512367466412,4.80922519479044e-06,2,1,0.8004800480048
0.708056135358271,0.8547188080292,2.63915058265805e-06,2,1,0.827782778277828
0.704911400013797,0.837843907371136,2.02149103100932e-06,2,1,0.821382138213821
0.79233523716517,1.14572996466737,1.0514421208876e-07,2,1,1
0.782890262436689,0.239444275138003,1.45668041509649e-06,2,1,1
0.750215287858348,0.305619449619714,3.84966173903888e-06,2,1,0.992499249924992
0.741115479320513,0.715534774483137,2.81480560277903e-06,2,1,0.927592759275928
0.782704710560556,0.326929097164716,1.1834276886229e-06,2,1,1
0.782448384194771,0.306719791372541,1.71487533846251e-06,2,1,1
0.78363858746029,0.297230201060323,2.00185022966759e-06,2,1,1
0.78463219388311,0.281073523714038,1.87916513487151e-06,2,1,1
0.783125542990393,0.307374788970824,1.91772691850683e-06,2,1,1
0.781257974739264,0.325375878785718,1.82241516684169e-06,2,1,1
0.782231213369473,0.309843081102922,1.93151430650791e-06,2,1,1
0.782326927289255,0.305954272491666,1.80997038654955e-06,2,1,1
0.782764085712193,0.315112283716974,1.70166033014467e-06,2,1,1
0.78154277074425,0.339881551823402,1.66144894957609e-06,2,1,1
0.786707303337794,0.263478890555789,1.89672816398536e-06,2,1,1
0.755228602659156,0.260274762747061,3.16731205597555e-06,2,1,1
0.767185617954487,0.268502408845333,2.39751520646657e-06,2,1,1
0.796048698160761,0.214877477108365,1.39627646214971e-06,2,1,1
0.786824050125989,0.157950662320396,2.5989925168914e-06,2,1,1
0.7839412172499,0.188103804303114,2.78004585631938e-06,2,1,1
0.717254738666555,0.584341299127501,3.34137959426587e-06,2,1,0.878987898789879
0.753258455273184,0.276337016566453,2.37379597397692e-06,2,1,1
0.752188906354022,0.292057193397512,4.36387040542206e-06,2,1,0.998999899989999
0.73762126058936,0.398304317067729,2.78295534212777e-06,2,1,0.95049504950495
0.722675352013821,0.539312145128018,1.66743147564131e-06,2,1,0.897489748974898
0.750508569230982,0.361610696943661,3.47856823609948e-06,2,1,0.987598759875988
0.752150059291778,0.440367137380473,1.53709535035893e-06,2,1,0.983898389838984
0.750898095966829,0.486730443337638,2.68236706992414e-06,2,1,0.975997599759976
0.746436493230265,0.431355449205709,2.05406744053272e-06,2,1,0.96999699969997
0.742341704756026,0.453654925145307,1.09041737278288e-06,2,1,0.957195719571957
0.714063347786704,0.676912897621089,3.12273394611192e-06,2,1,0.861286128612861
0.755494954031085,0.275203235222375,3.15590466031869e-06,2,1,1
0.737893989894445,0.37202208785824,1.88968413636449e-06,2,1,0.953895389538954
0.736791492230614,0.528208167585695,8.39253068990473e-07,2,1,0.935293529352935
0.737891559036162,0.578002187306741,1.04368483874252e-06,2,1,0.933093309330933
0.737307095564763,0.581299494006782,1.06378696780286e-06,2,1,0.931193119311931
0.737956709076268,0.607148368219212,1.05751562839945e-06,2,1,0.93029302930293
0.738364967017424,0.612530264591705,1.04162515992256e-06,2,1,0.930793079307931
0.736683188332936,0.577330102567072,1.05919183442318e-06,2,1,0.92999299929993
0.734280732183459,0.637040795857518,1.19973307986332e-06,2,1,0.917791779177918
0.730522580946791,0.656673935948192,1.40156786596978e-06,2,1,0.906090609060906
0.720069198724943,0.6080516437328,3.77472966393183e-06,2,1,0.883888388838884
0.742762527713943,0.37438828009354,2.9441296939713e-06,2,1,0.966296629662966
0.741840948404581,0.351902762156022,2.94787437735336e-06,2,1,0.966096609660966
0.748404106703961,0.298245529730604,3.60028966816782e-06,2,1,0.988598859885989
0.710791059270685,0.847379822761774,3.59255625899994e-06,2,1,0.835683568356836
0.703801011481016,0.819065737035287,2.91766865703787e-06,2,1,0.82038203820382
0.699534449866809,0.96884052264497,2.10126473717021e-06,2,1,0.794179417941794
0.700206249199824,1.01248922428395,2.32555617273777e-06,2,1,0.791579157915792
0.742831582861857,0.321062908980883,2.49126284868407e-06,2,1,0.971797179717972
0.743866464150718,0.314614757617788,2.69564318626666e-06,2,1,0.975197519751975
0.734422141340253,0.402741636820196,2.04336074106359e-06,2,1,0.941794179417942
0.700222981987058,1.05081584674965,2.65102034635751e-06,2,1,0.787678767876788
0.696523809800796,1.03575973432658,2.66581382692609e-06,2,1,0.77967796779678
0.696569689801395,0.991813954201782,1.70407059017867e-06,2,1,0.784178417841784
0.688987848255498,1.34216467564433,2.72729285601198e-06,2,1,0.729172917291729
0.758760647284498,0.299542208081949,1.17815213424585e-06,2,1,1
0.749487139715057,0.199289245566629,2.32280012577348e-06,2,1,1
0.744192091491905,0.298840128383368,2.34791863125988e-06,2,1,0.977597759775978
0.742042716982948,0.310577142485986,2.42085997691274e-06,2,1,0.970797079707971
0.741978574392964,0.315848132471888,2.39919629814797e-06,2,1,0.97009700970097
0.744444875529962,0.300470547062744,2.38749266057927e-06,2,1,0.978097809780978
0.747333583022959,0.242806723754719,2.67348922287333e-06,2,1,0.991399139913991
0.744330314882903,0.277312210060423,2.62979723624342e-06,2,1,0.98009800980098
0.741436465404631,0.273017100434571,2.54580445452578e-06,2,1,0.973097309730973
0.741059703485355,0.28941160604004,2.63400112659659e-06,2,1,0.97039703970397
0.740547267403261,0.263473147816006,2.62869000279179e-06,2,1,0.971697169716972
0.74178273023779,0.272982687927633,2.68667812229395e-06,2,1,0.973997399739974
0.741150423868393,0.2607465292537,2.76969480661707e-06,2,1,0.973597359735974
0.741161718974043,0.281444022320886,2.77899293971333e-06,2,1,0.971497149714971
0.741448211539633,0.260884541524142,2.67335170504267e-06,2,1,0.974297429742974
0.742456858792545,0.264311644032842,2.62999309113459e-06,2,1,0.976597659765977
0.741689359705527,0.284384492839847,2.75187262321517e-06,2,1,0.972597259725973
0.74251370836156,0.262102869441078,2.74715450077137e-06,2,1,0.976897689768977
0.741429935424788,0.239828529601078,3.74508429541454e-06,2,1,0.976397639763976
0.743174915450067,0.229365846826874,1.78966985913075e-06,2,1,0.981998199819982
0.744548590543234,0.22017880377104,4.00258752827725e-06,2,1,0.986498649864986
0.744277757265238,0.215904655595059,3.41694655457793e-06,2,1,0.986198619861986
0.744347086907212,0.217357716091822,3.56513151801798e-06,2,1,0.986198619861986
0.740369171479538,0.215815604228143,3.54573016697675e-06,2,1,0.976097609760976
0.741492600465089,0.222091819424298,2.76312670913876e-06,2,1,0.978297829782978
0.744891343130383,0.205071579665759,3.16826126435137e-06,2,1,0.988898889888989
0.740923260187387,0.226796030199221,1.85908397060894e-06,2,1,0.976397639763976
0.739534499696096,0.239316806401057,2.83086183594941e-06,2,1,0.971497149714971
0.744018525961398,0.216430181271202,1.99320685250782e-06,2,1,0.985498549854986
0.75208763756156,0.185557181523912,2.41003149204795e-06,2,1,1
0.741115479692803,0.232698676453071,3.76380262169317e-06,2,1,0.976297629762976
0.742170618791681,0.291337888302605,1.9760972656053e-06,2,1,0.973097309730973
0.741766272513782,0.23374041576469,4.15635243426279e-06,2,1,0.977897789778978
0.741039252102583,0.242398618163402,2.34356541506818e-06,2,1,0.975097509750975
0.734398632645852,0.38095187348113,2.82345173262245e-06,2,1,0.943894389438944
0.743434503058434,0.237017052774617,2.40230911721107e-06,2,1,0.981898189818982
0.752713400841437,0.326758092160008,3.21962043940406e-06,2,1,0.996899689968997
0.755775519494396,0.621891952040435,3.87897724011717e-07,2,1,0.974997499749975
0.728904755569288,0.597714019106036,4.98075468995144e-07,2,1,0.907790779077908
0.72806951352991,0.410254507975073,1.5746327486504e-06,2,1,0.924592459245925
0.734271840841198,0.401928885254253,2.56481103402354e-06,2,1,0.941494149414941
0.721506922922662,0.44939794957016,2.27051364611942e-06,2,1,0.903590359035904
0.723901920754088,0.437754241119481,2.61790072058573e-06,2,1,0.910991099109911
0.749908071155784,0.352631576394714,1.64997708668696e-06,2,1,0.986998699869987
0.745846461191762,0.262507004661768,2.91091854566189e-06,2,1,0.985498549854986
0.745395108571984,0.258352602486807,3.5662540616131e-06,2,1,0.984798479847985
0.737610121236437,0.403344044214954,1.16198774786291e-06,2,1,0.94999499949995
0.731070778245146,0.460452961061858,1.04992949200298e-06,2,1,0.927292729272927
0.736430663610045,0.400123569557515,3.93079437739062e-06,2,1,0.947294729472947
0.741780742488519,0.363735035829839,3.18074915050846e-06,2,1,0.964796479647965
0.742354662098209,0.363114437171655,3.18800163829706e-06,2,1,0.966296629662966
0.74247265202178,0.361281774780868,3.13633338865914e-06,2,1,0.966796679667967
0.741038894946703,0.358647434155329,3.43115508882606e-06,2,1,0.963396339633963
0.740004665085639,0.364711138708895,3.61330521545176e-06,2,1,0.96009600960096
0.739484755077818,0.360036699336509,2.79682255816671e-06,2,1,0.959195919591959
0.741672458464684,0.349412072739962,2.70320710381046e-06,2,1,0.965996599659966
0.741673237979263,0.331183596086397,2.75401848465072e-06,2,1,0.967796779677968
0.741374305478404,0.356600872639341,2.94632104361165e-06,2,1,0.964496449644965
0.741745276376198,0.3418781359025,2.6469202033283e-06,2,1,0.966896689668967
0.744982036569793,0.323152272779284,2.08467244626443e-06,2,1,0.977197719771977
0.727265268689842,0.483816550781049,4.63308100429266e-06,2,1,0.914991499149915
0.718862906482188,0.590235834043381,2.81122205424274e-06,2,1,0.882488248824883
0.698793950117239,0.936362400405438,2.72110610661187e-06,2,1,0.795579557955796
0.695159295437937,1.00888249118041,4.00228489736032e-06,2,1,0.778777877787779
0.696036525198837,1.00269603729419,4.93198008079331e-06,2,1,0.781678167816782
0.737703950340471,0.410659273431718,2.43312480531263e-06,2,1,0.94949494949495
0.703252747078259,0.742851364429896,3.19592105316444e-06,2,1,0.826682668266827
0.702748515248811,0.746045393292974,3.7502978099973e-06,2,1,0.824982498249825
0.704003511207407,0.686269601915192,3.04746405986817e-06,2,1,0.834283428342834
0.702915702086276,0.681902266494409,3.37314803506685e-06,2,1,0.831883188318832
0.70011817318805,0.821233958373436,3.44307261734221e-06,2,1,0.810581058105811
0.736039533358646,0.375038253282464,2.56982308093505e-06,2,1,0.948794879487949
0.716765170667057,0.603192105196843,3.1074801685907e-06,2,1,0.875787578757876
0.728036896306737,0.518149382728155,2.63540483784528e-06,2,1,0.913591359135914
0.728510297664583,0.505225448162709,3.04256499862977e-06,2,1,0.916091609160916
0.722517777073955,0.577506227663383,3.35464071938871e-06,2,1,0.893289328932893
0.734882450808521,0.464852681482899,2.46678613610293e-06,2,1,0.936693669366937
0.733887779257915,0.408366610420956,4.32421149075564e-06,2,1,0.93979397939794
0.730259854840177,0.493202938933097,2.01017629754197e-06,2,1,0.921892189218922
0.726235103386721,0.566295552098574,2.73568419317308e-06,2,1,0.904090409040904
0.730865108339586,0.520885034927643,2.83876668385083e-06,2,1,0.920592059205921
0.732185143287782,0.496346176199038,2.47167181607652e-06,2,1,0.926492649264926
0.728826934842731,0.463868237859459,1.0865161640868e-06,2,1,0.921092109210921
0.729255389851899,0.51068344393373,2.54521545249121e-06,2,1,0.917491749174917
0.728188563937278,0.532081759577748,2.52714158108208e-06,2,1,0.912591259125913
0.730870762167711,0.498684711250434,2.85749188266175e-06,2,1,0.922892289228923
0.729088067206815,0.481385368609939,1.87132004137294e-06,2,1,0.91999199919992
0.737024768134371,0.411944029674983,1.64845776181465e-06,2,1,0.947594759475948
0.734494132843828,0.437979246301997,2.42132792263708e-06,2,1,0.938393839383938
0.729435660662959,0.493261495459337,1.67552134064211e-06,2,1,0.91969196919692
0.728874249328085,0.52090493372614,1.72447265245498e-06,2,1,0.915491549154915
0.73359973312497,0.41744761645296,4.11393475256222e-06,2,1,0.938193819381938
0.728486792072419,0.497774920177551,2.65435177654643e-06,2,1,0.916791679167917
0.726250770559349,0.490811640929575,3.03894870836544e-06,2,1,0.911691169116912
0.732002414449663,0.450754996915546,2.64020895071176e-06,2,1,0.930693069306931
0.726108579165277,0.504026166684058,3.95926814594071e-06,2,1,0.90999099909991
0.725832058370006,0.5057913443046,3.93494380974363e-06,2,1,0.909090909090909
0.73238918940989,0.441234594936394,1.30163227317978e-06,2,1,0.932593259325933
0.746139058359442,0.36795202322986,1.5764591684356e-06,2,1,0.975697569756976
0.73033201433625,0.462207769403244,3.15638602743529e-06,2,1,0.925192519251925
0.731000095033518,0.462049217329482,2.88295855380556e-06,2,1,0.926892689268927
0.730509608194978,0.469636440204998,2.96468802166828e-06,2,1,0.924892489248925
0.722924772111672,0.566896454882341,2.1996316152165e-06,2,1,0.895389538953895
0.731090938728611,0.464778695386128,2.15330228512999e-06,2,1,0.926892689268927
0.731432290413098,0.459160821026032,3.33017271127846e-06,2,1,0.928292829282928
0.730624274671237,0.465541450864979,3.46749914827447e-06,2,1,0.925592559255926
0.730104329925293,0.496132411272002,1.88846508186978e-06,2,1,0.921192119211921
0.731780448648021,0.464485642018939,4.36029354131883e-06,2,1,0.928692869286929
0.733266171461825,0.42021940170819,4.84744859198376e-06,2,1,0.936993699369937
0.737711362919009,0.388309785689901,2.90020228219629e-06,2,1,0.951795179517952
0.730996454181729,0.439118291461798,3.06700221557699e-06,2,1,0.929192919291929
0.761159119458306,0.322089596668475,1.6897216557659e-06,2,1,1
0.752404643313683,0.264445820638871,3.02868476269234e-06,2,1,1
0.69392702084396,1.09003328277652,3.80912533728692e-06,2,1,0.767476747674767
0.69425264303228,1.09671053193775,3.42088512153604e-06,2,1,0.767576757675768
0.69806517957147,1.03432357297941,3.5785699723474e-06,2,1,0.783778377837784
0.702082865225251,0.816054729791668,1.48331740042934e-06,2,1,0.816181618161816
0.704978154791783,0.875560882921696,1.5696086151971e-06,2,1,0.817681768176818
0.696004864142498,1.10665322527674,2.18318880656657e-06,2,1,0.771177117711771
0.713429501151014,0.817122915841189,1.67490626125687e-06,2,1,0.845584558455846
0.713835833131284,0.822761326545886,2.40095144340057e-06,2,1,0.845984598459846
0.745677860537271,0.287886684334397,2.95190188220465e-06,2,1,0.982598259825983
0.750337498163135,0.224810855046589,2.40345754822448e-06,2,1,1
0.722294243737191,0.469915096462178,2.67183087339119e-06,2,1,0.903590359035904
0.70670487988094,0.96610939112959,1.53960690738658e-06,2,1,0.813081308130813
0.707278099315038,0.941767970156514,1.76421617173838e-06,2,1,0.816981698169817
0.72215526762099,0.810917508689167,1.19533659837866e-06,2,1,0.868786878687869
0.719227039260555,0.777404669502543,1.06335219012417e-06,2,1,0.864586458645865
0.725903180439552,0.428931236909773,2.78409601881662e-06,2,1,0.917091709170917
0.740512636527099,0.301516956441473,3.49733133955318e-06,2,1,0.967796779677968
0.732683235535305,0.439984890927589,2.45644154721113e-06,2,1,0.933493349334933
0.73352333704328,0.453851763354141,2.82536710661898e-06,2,1,0.934293429342934
0.735782739256167,0.396194040272331,2.72908912961907e-06,2,1,0.945994599459946
0.737596999854687,0.393950157937033,2.6869929422273e-06,2,1,0.950895089508951
0.734938829767081,0.395937981290006,2.48798553911508e-06,2,1,0.943794379437944
0.737480582666358,0.36614415275679,2.37717789759876e-06,2,1,0.953395339533953
0.735258368813228,0.388377600911551,2.42651926954322e-06,2,1,0.945394539453945
0.734664444256887,0.45739385027507,2.40649546901361e-06,2,1,0.936893689368937
0.737576204904661,0.377577589089892,2.2894667710069e-06,2,1,0.952495249524952
0.735688748935283,0.383931639661845,2.63853263365203e-06,2,1,0.946994699469947
0.734241268010055,0.423120374340631,2.19591636050404e-06,2,1,0.939293929392939
0.735696575229978,0.371660535545871,2.58171210730976e-06,2,1,0.948194819481948
0.735805847884431,0.422605988851001,2.51766728355704e-06,2,1,0.943394339433943
0.735266706035361,0.366750003578216,2.56884614280457e-06,2,1,0.947594759475948
0.73640688179507,0.3565182633721,2.62487351464514e-06,2,1,0.951595159515952
0.734524905754195,0.414353765682981,2.28546985425768e-06,2,1,0.940894089408941
0.735990449170288,0.379207196010714,2.81235547102585e-06,2,1,0.948194819481948
0.736149734383779,0.376019323408692,2.82106969612632e-06,2,1,0.948994899489949
0.735570209693749,0.407300902708401,2.46871274777277e-06,2,1,0.944294429442944
0.733581969380768,0.413818400629284,2.99581500667518e-06,2,1,0.938493849384939
0.731155114629991,0.4708042110338,3.14826859030002e-06,2,1,0.926392639263926
0.737257293698021,0.353759754241564,2.60471585611668e-06,2,1,0.954095409540954
0.737992550787804,0.397587085894251,2.03426634202752e-06,2,1,0.951595159515952
0.733435011016418,0.477636069404069,2.32352155319636e-06,2,1,0.931693169316932
0.732920816284959,0.443451935684195,3.20514757895734e-06,2,1,0.933793379337934
0.736352476734113,0.422129315908574,2.17114964159447e-06,2,1,0.944794479447945
0.725594493923661,0.534834817966738,3.57114689505835e-06,2,1,0.905590559055906
0.730229235224749,0.453836727750466,2.69162098873719e-06,2,1,0.925792579257926
0.734040897018011,0.374262701846363,2.16645146494352e-06,2,1,0.943694369436944
0.734056198124972,0.41278092915109,3.00683305581829e-06,2,1,0.93979397939794
0.732554686404382,0.417811541249144,2.64132329438513e-06,2,1,0.935393539353935
0.740136145854089,0.314406819413964,2.35823690508383e-06,2,1,0.965496549654965
0.736565317022553,0.391315597794892,2.91375744824724e-06,2,1,0.948494849484948
0.735122754072259,0.378821150327791,2.38300950882503e-06,2,1,0.945994599459946
0.733725130860955,0.387542249046947,2.36316453481454e-06,2,1,0.941494149414941
0.735453553819945,0.424018937773576,2.98697111955668e-06,2,1,0.942294229422942
0.735589727844706,0.396104001147521,2.95023745928213e-06,2,1,0.945494549454945
0.724502232405707,0.583391647947868,3.9278555281979e-06,2,1,0.897789778977898
0.735912902360933,0.369099642263633,2.66502822914486e-06,2,1,0.948994899489949
0.739338183477367,0.307452039070664,2.22765730179048e-06,2,1,0.964096409640964
0.729379420249068,0.452245074369578,3.74371330057681e-06,2,1,0.923692369236924
0.736257187350076,0.35680580349633,3.35611216744564e-06,2,1,0.951195119511951
0.743626592962106,0.21417329919208,2.29706203238165e-06,2,1,0.984698469846985
0.741333711788041,0.35812895940451,3.19780963698911e-06,4,1,0.964196419641964
0.701376807540636,0.926089523011962,4.03319416352056e-06,4,1,0.803280328032803
0.700487806686412,0.947434634402444,6.24481483647048e-06,4,1,0.798879887988799
0.703300100470684,0.868136508728014,3.14913564125545e-06,4,1,0.814081408140814
0.696566711648574,1.02777546108156,3.30957490676933e-06,4,1,0.780578057805781
0.731962570515133,0.268508704570053,2.62131215038565e-06,4,1,0.948894889488949
0.719195945383434,0.528973044011741,5.15242925888325e-06,4,1,0.88958895889589
0.71275636837886,0.560975674511554,1.99886366960409e-06,4,1,0.86958695869587
0.717305926936784,0.540114821785206,3.92969996625143e-06,4,1,0.883488348834883
0.709501680856567,0.688856115166955,2.98629456250729e-06,4,1,0.848284828482848
0.71109360195303,0.643278075571667,3.18365857334846e-06,4,1,0.856985698569857
0.716154768685289,0.55631539563749,3.80945013486663e-06,4,1,0.878887888788879
0.709109075080075,0.623701778166159,2.50156734291385e-06,4,1,0.853885388538854
0.703441090471173,0.697363430177018,2.86171266521832e-06,4,1,0.831683168316832
0.703584171291475,0.690186802819135,2.97101481215945e-06,4,1,0.832783278327833
0.702674971000669,0.698903311343147,3.05065944375265e-06,4,1,0.82958295829583
0.704283072697281,0.690634393050806,2.22143417971508e-06,4,1,0.834583458345835
0.709357933258009,0.663331947400648,1.9549155200028e-06,4,1,0.850485048504851
0.702503492217062,0.740498422783217,4.16604741994574e-06,4,1,0.824982498249825
0.703389991970163,0.717504489115881,4.36467003155463e-06,4,1,0.82958295829583
0.701392644356125,0.756946856746906,2.61649765262235e-06,4,1,0.82038203820382
0.701661067466579,0.772449151001452,3.35006274968755e-06,4,1,0.819481948194819
0.700685888924203,0.772121784660033,4.39061828324931e-06,4,1,0.817081708170817
0.701765924135383,0.734672671787046,3.00304627030735e-06,4,1,0.823582358235824
0.701014395398212,0.781583657693797,4.49590118949765e-06,4,1,0.816881688168817
0.701235914444952,0.765462506526789,4.44293869662161e-06,4,1,0.819181918191819
0.701463865141256,0.770498443272018,3.98577347941631e-06,4,1,0.819181918191819
0.701746529241221,0.762632278228552,4.23642352175466e-06,4,1,0.820782078207821
0.701844710441756,0.761504443166764,3.73999142533617e-06,4,1,0.821082108210821
0.702071334867791,0.766861645743693,3.72840014308594e-06,4,1,0.821182118211821
0.700573803018265,0.771426035760453,2.9780319269575e-06,4,1,0.816781678167817
0.697807760878367,0.797136937095846,2.76864178247657e-06,4,1,0.807080708070807
0.696481283051059,0.837530238768332,2.96475060223237e-06,4,1,0.7995799579958
0.697461526198643,0.823873916747117,2.92469082731847e-06,4,1,0.803480348034804
0.699732097531719,0.823938022020265,2.99730193715561e-06,4,1,0.809380938093809
0.699101187249815,0.820439727908147,3.30123746710223e-06,4,1,0.808080808080808
0.700102389152846,0.818064262545697,3.68601400575556e-06,4,1,0.810881088108811
0.697772986084491,0.83910689612557,4.87601167012916e-06,4,1,0.802680268026803
0.701327901682657,0.794622148605209,3.96766003173806e-06,4,1,0.816381638163816
0.698987170281631,0.808364113808996,2.81722409325729e-06,4,1,0.808980898089809
0.697956223654056,0.854434935615345,2.6110542027489e-06,4,1,0.801680168016802
0.701383245188639,0.799221091858842,2.64383944635798e-06,4,1,0.816081608160816
0.698218544812765,0.867802674696379,3.87794859834944e-06,4,1,0.800980098009801
0.701199989145825,0.803721706769298,4.16925431290074e-06,4,1,0.815181518151815
0.703938409900661,0.746711700253513,3.64263551714693e-06,4,1,0.827982798279828
0.703365287637772,0.737067656906759,3.21477322780084e-06,4,1,0.827482748274827
0.699110061903693,0.752556722673275,3.39785729104724e-06,4,1,0.814881488148815
0.699401630038256,0.767335986335045,4.04385835250797e-06,4,1,0.814181418141814
0.702243238424154,0.744870821198967,2.42554567714826e-06,4,1,0.823782378237824
0.705659622467301,0.702561753328217,3.56667404017629e-06,4,1,0.836983698369837
0.71886761188164,0.702877751617584,1.91522226489933e-06,4,1,0.871187118711871
0.746799270753742,0.412641109860345,2.71305531017803e-06,4,1,0.972897289728973
0.732597752718004,0.407647447334127,4.01173721648238e-06,4,1,0.936593659365937
0.730082508590183,0.440273372944181,3.86686726196236e-06,4,1,0.926692669266927
0.726711952667604,0.442156172733614,4.15705305865857e-06,4,1,0.917791779177918
0.751155802354684,0.310778202276796,3.58992952570079e-06,4,1,0.994399439943994
0.705401080514198,0.740314662114406,4.00512748215668e-06,4,1,0.832483248324832
0.725807218536019,0.516480656638687,3.6367136498154e-06,4,1,0.907990799079908
0.726767744239702,0.491362449693287,2.94195702930277e-06,4,1,0.912991299129913
0.726850499671298,0.492549183223145,3.07536524426948e-06,4,1,0.913091309130913
0.724878248595723,0.500193248382104,1.58159329070657e-06,4,1,0.907190719071907
0.725832204203472,0.481952555233736,2.25668900259925e-06,4,1,0.911491149114911
0.725577291419787,0.514087415292716,2.15032701532858e-06,4,1,0.907590759075908
0.725096683594227,0.501467362970672,2.63610510760607e-06,4,1,0.907590759075908
0.7250206705415,0.518722207550422,3.1914220034957e-06,4,1,0.905690569056906
0.716301540285318,0.620673326662597,2.51205792099569e-06,4,1,0.872787278727873
0.724059345422322,0.538430749636834,2.22963676448086e-06,4,1,0.901190119011901
0.724350303321471,0.5373263298259,2.87281042297658e-06,4,1,0.902090209020902
0.723987646875328,0.548082009492929,2.49607109803001e-06,4,1,0.9000900090009
0.724200271494419,0.531994162123057,3.48506178806492e-06,4,1,0.902190219021902
0.722592951715395,0.535352920612975,2.95646246437799e-06,4,1,0.897689768976898
0.723835299063372,0.52830500064534,2.6687089739636e-06,4,1,0.901690169016902
0.723765074988257,0.520500176281353,2.8035955658159e-06,4,1,0.902290229022902
0.724058350737851,0.528492768679689,1.95934922473533e-06,4,1,0.902190219021902
0.725090133681441,0.519691880657838,3.16919311975305e-06,4,1,0.905790579057906
0.723305213107655,0.520852599718752,2.99274972703009e-06,4,1,0.900990099009901
0.721687089772765,0.539041265783359,3.0117810191529e-06,4,1,0.894989498949895
0.721902290692593,0.522228867030433,1.63569104023713e-06,4,1,0.897289728972897
0.717396834183275,0.608166975803909,2.91080590604479e-06,4,1,0.876887688768877
0.725231844449684,0.535811255288124,1.77873024040687e-06,4,1,0.904490449044904
0.72626690148178,0.504332132384468,1.98830363915352e-06,4,1,0.91039103910391
0.724103844568245,0.550044675300699,1.86622683364643e-06,4,1,0.9001900190019
0.724692074777408,0.54165241128615,2.33447415288213e-06,4,1,0.902490249024902
0.724888743046885,0.556559011718126,2.85923712731302e-06,4,1,0.901490149014902
0.728758019601834,0.509194497799914,2.15763505800001e-06,4,1,0.916391639163916
0.727219774273513,0.528079950142632,2.20223684537425e-06,4,1,0.910491049104911
0.731625794499625,0.404050126795743,3.23992483730907e-06,4,1,0.934393439343934
0.713416139263796,0.68939572967091,4.94656225901513e-06,4,1,0.858385838583858
0.71362271792165,0.694444775181427,3.28543196741898e-06,4,1,0.858385838583858
0.723016864431703,0.550339770452929,1.75754350731367e-06,4,1,0.897289728972897
0.723016273817717,0.568469007320534,3.19043557631041e-06,4,1,0.895489548954896
0.724910900739749,0.545695795201688,2.74523572699624e-06,4,1,0.902690269026903
0.72133872873244,0.583958265798202,2.8338960786755e-06,4,1,0.88958895889589
0.72440938389464,0.543348518802597,2.47740400435376e-06,4,1,0.901590159015902
0.72526404064145,0.541547743449012,2.69352599976382e-06,4,1,0.903990399039904
0.721621010309701,0.59966514589551,3.53721528077134e-06,4,1,0.888688868886889
0.723890721632582,0.544481149380468,2.34040584306468e-06,4,1,0.9001900190019
0.724838841434792,0.553969236688366,2.92209263209483e-06,4,1,0.901690169016902
0.722524526574881,0.559606310453065,2.76947436139065e-06,4,1,0.895089508950895
0.720728068076765,0.592665952995231,2.67447481281619e-06,4,1,0.887088708870887
0.720712374779834,0.584325513105148,2.38605093934326e-06,4,1,0.887888788878888
0.717819352076148,0.640489498047325,2.28965921504292e-06,4,1,0.874787478747875
0.721093076976355,0.596998128965274,2.59397118628495e-06,4,1,0.887588758875888
0.723844361676036,0.552580364983657,2.42164567298173e-06,4,1,0.899189918991899
0.719746868892876,0.600984871954621,3.36170152354667e-06,4,1,0.883688368836884
0.720201840789283,0.608667662932943,3.27622433270599e-06,4,1,0.884088408840884
0.720479561204806,0.61485707598084,3.74803223940156e-06,4,1,0.884188418841884
0.722410999131645,0.55044490141093,2.3841906742593e-06,4,1,0.895689568956896
0.72289024392693,0.579332133139261,3.12300945232936e-06,4,1,0.894089408940894
0.721021315879745,0.606499093938248,3.25777924998868e-06,4,1,0.886488648864887
0.721265858211281,0.580016639143821,3.02952447535884e-06,4,1,0.88978897889789
0.720531509054503,0.57433309558531,3.04477211065509e-06,4,1,0.888488848884888
0.719803634106295,0.588043579668596,2.97311808181358e-06,4,1,0.885188518851885
0.714311273500568,0.631036140998813,3.65203354057701e-06,4,1,0.866586658665867
0.718317844890405,0.626049472661846,3.52325781275531e-06,4,1,0.877487748774877
0.721809084178016,0.584288945041737,1.82052928774082e-06,4,1,0.890789078907891
0.718391450164086,0.642574955270881,4.51384018491006e-06,4,1,0.875987598759876
0.715711587215119,0.624632322598965,3.39078223177836e-06,4,1,0.870887088708871
0.7442767705374,0.314670210883854,2.35622371259469e-06,4,1,0.976197619761976
0.699581299825216,0.955648193518511,5.33957912473996e-06,4,1,0.795679567956796
0.696333248528077,1.01867310594939,4.16228775219742e-06,4,1,0.780878087808781
0.698450632209688,0.963656267104499,4.79231300945644e-06,4,1,0.791879187918792
0.700596175408563,0.919297165723199,5.31607267817399e-06,4,1,0.801980198019802
0.730649071824717,0.527864520835727,3.07232942783379e-06,4,1,0.919391939193919
0.748929830970538,0.281270990112411,2.37361109814899e-06,4,1,0.991599159915992
0.696923209642999,1.00342311570341,2.0802444896843e-06,4,1,0.783978397839784
0.692826313108462,1.04694717737257,4.64957189771461e-06,4,1,0.768876887688769
0.701823346946254,0.906054380567969,4.72559442105309e-06,4,1,0.806480648064806
0.759358244336747,0.317968293090475,1.16719882792661e-06,4,1,1
0.745570832304161,0.287378724360175,1.32832090804322e-06,4,1,0.982298229822982
0.812619125792867,0.331055019766456,6.4249267081635e-07,4,1,1
0.723764644042669,0.563395021331312,2.22874474935077e-06,4,1,0.897889788978898
0.735136850952264,0.334788289692685,3.45279103749697e-06,4,1,0.95049504950495
0.736645149008863,0.290276038915333,3.88369334992027e-06,4,1,0.958895889588959
0.724819155949373,0.549368410939209,2.65680250062729e-06,4,1,0.902090209020902
0.737079056155315,0.285717445358564,2.37452949388425e-06,4,1,0.96049604960496
0.74188958795611,0.31314102620912,3.11039782314348e-06,4,1,0.97019701970197
0.723305163651883,0.75678036637843,3.51526127739391e-06,4,1,0.877187718771877
0.720284224750578,0.727722618620467,3.07078698311887e-06,4,1,0.872287228722872
0.72102392016462,0.792264558966155,3.30286878040567e-06,4,1,0.867686768676868
0.716925637982408,0.804935065882823,2.44219245148358e-06,4,1,0.855785578557856
0.717498108661203,0.777981644584686,3.07103716559761e-06,4,1,0.85998599859986
0.727197142556929,0.707365094547345,2.94867992168867e-06,4,1,0.892289228922892
0.723429128924255,0.665264368618003,2.66416831590023e-06,4,1,0.886788678867887
0.719389838517232,0.719288616068187,2.62972031081829e-06,4,1,0.870887088708871
0.730414533012573,0.635041479001048,2.68364426129717e-06,4,1,0.907990799079908
0.730217746073132,0.607122180069609,2.9149236108793e-06,4,1,0.91029102910291
0.72707185094022,0.659432193586381,3.18253905066205e-06,4,1,0.896789678967897
0.720368991986994,0.757967302260878,2.77425721330144e-06,4,1,0.86948694869487
0.719116800968076,0.73007586850398,2.87352525689899e-06,4,1,0.869086908690869
0.722718544226547,0.699111032401262,2.53275562115957e-06,4,1,0.881488148814881
0.718856482393182,0.71874480261045,2.87931624689847e-06,4,1,0.86948694869487
0.719202611486734,0.691980802203415,2.93499844940723e-06,4,1,0.873087308730873
0.719191276200746,0.762172637913877,3.08514534144246e-06,4,1,0.865986598659866
0.720346153064471,0.707113643109477,2.96790465194683e-06,4,1,0.874587458745875
0.724547619699176,0.53363486919398,2.43242398248985e-06,4,1,0.902990299029903
0.734345551649311,0.307828775532327,2.95460397229884e-06,4,1,0.951195119511951
0.735551724110884,0.317760429300864,2.84637661737979e-06,4,1,0.953295329532953
0.736109718130019,0.328962222772573,2.58647727700428e-06,4,1,0.953595359535954
0.734229115730426,0.321940232694196,2.62754790158962e-06,4,1,0.949394939493949
0.76700434678873,0.86406553402892,1.41909164261037e-07,4,1,0.97969796979698
0.767752507932942,0.812056239444181,1.36469808646524e-07,4,1,0.986898689868987
0.768443023708573,0.281742805415003,1.48850756952884e-06,4,1,1
0.702328149215714,0.890761829729653,4.53800185709369e-06,4,1,0.809280928092809
0.70200484863534,0.896180927440951,4.92304593199259e-06,4,1,0.807980798079808
0.702177225377752,0.891437781400056,4.42907711672871e-06,4,1,0.808880888088809
0.701878560464973,0.884499106063112,1.9021273387319e-06,4,1,0.808780878087809
0.700028459931336,0.946278823965472,2.25356105150418e-06,4,1,0.797779777977798
0.688667809868883,1.21156611011238,1.67282979777283e-06,4,1,0.741574157415742
0.72091824864333,0.431849548781913,2.92788000939962e-06,4,1,0.903790379037904
0.720254055885216,0.42984999073468,3.83289047771475e-06,4,1,0.902290229022902
0.75310440501816,0.213364391820744,2.7139745932994e-06,4,1,1
0.733953209604757,0.460202622295832,3.4932270627236e-06,4,1,0.934793479347935
0.746361891709614,0.338484564806678,2.6360610361951e-06,4,1,0.979197919791979
0.686174346619877,1.33179536731721,2.066117095248e-06,4,1,0.722972297229723
0.68693392836578,1.33752423007056,2.97154062842356e-06,4,1,0.724372437243724
0.684820303243116,1.38195707385292,3.02327179161694e-06,4,1,0.714371437143714
0.688895584723018,1.2887123545861,3.61187594749918e-06,4,1,0.734373437343734
0.753925435444677,0.244430292355274,2.65016705888355e-06,4,1,1
0.755102769254477,0.227615518221855,2.67752709583108e-06,4,1,1
0.751813047041155,0.25876036102637,2.59045767277375e-06,4,1,1
0.753072499282871,0.231761528006412,2.39200674324656e-06,4,1,1
0.688805007631587,1.38254198563898,1.2948092073051e-06,4,1,0.724672467246725
0.734496886257421,0.609735879941884,1.05604002950569e-06,4,1,0.921092109210921
0.740303814846105,0.380097327926615,2.22081647660346e-06,4,1,0.959295929592959
0.739582237976046,0.396413100720187,2.26608345928855e-06,4,1,0.955795579557956
0.742778845109958,0.28947028039842,2.12245442759396e-06,4,1,0.974897489748975
0.742726978101107,0.286277414700607,2.17572383912356e-06,4,1,0.975097509750975
0.761992826714718,0.576944728318552,2.33216480187973e-07,4,1,0.995699569956996
0.7743160270542,0.208339287681759,2.59534644654678e-06,4,1,1
0.761198713621703,0.196612807524898,2.01108945048394e-06,4,1,1
0.768936634203106,0.209638283650533,2.07471474985524e-06,4,1,1
0.757475499951874,0.300154178594092,2.20322907068559e-06,4,1,1
0.74964083815308,0.282048624174726,2.01474226494718e-06,4,1,0.993399339933993
0.746647488583684,0.366593150858046,2.41853229300699e-06,4,1,0.977097709770977
0.750693561041652,0.357942266009165,2.64107956925848e-06,4,1,0.988498849884988
0.744498948860133,0.341520625552504,3.70246437845225e-06,4,1,0.974097409740974
0.746495299519342,0.315755731101897,3.80425632265784e-06,4,1,0.981898189818982
0.744426559771962,0.328317467268482,2.56780566527501e-06,4,1,0.975197519751975
0.743629435248168,0.424215178388229,3.55923519659299e-06,4,1,0.963496349634963
0.744778888307145,0.396233284957222,3.53288446638738e-06,4,1,0.969296929692969
0.743065899954373,0.360988279040195,2.76662454668702e-06,4,1,0.968396839683968
0.743507571410826,0.346506845444248,3.08734518420629e-06,4,1,0.970997099709971
0.743498362602402,0.371392320570109,2.67218982030375e-06,4,1,0.968496849684969
0.745967814306131,0.376437897201454,2.73060916823823e-06,4,1,0.974397439743974
0.749497882819321,0.392902287635617,2.38053466226826e-06,4,1,0.981898189818982
0.744770451970742,0.531073130308562,2.13297479291674e-06,4,1,0.955695569556956
0.735694654507008,0.789003473888808,1.27552827531991e-06,4,1,0.906090609060906
0.741610087741169,0.464784487862932,9.97891493771928e-07,4,1,0.954195419541954
0.757670649791019,0.32489624318807,1.0711695206769e-06,4,1,1
0.735432161950252,0.513815462251377,1.25783484397994e-06,4,1,0.933193319331933
0.739414110232858,0.420291945349807,1.19313313394649e-06,4,1,0.952995299529953
0.732737678977696,0.488655594647415,1.11034477416963e-06,4,1,0.928692869286929
0.7455480619056,0.488788184850149,1.23410419840187e-06,4,1,0.961896189618962
0.735274967839466,0.573243781176337,1.20682877352965e-06,4,1,0.926792679267927
0.742484075456039,0.482893887663943,1.09511801208759e-06,4,1,0.954595459545955
0.768537580209317,0.276424224948734,1.72027400630054e-06,4,1,1
0.756781062592711,0.272176625778631,8.50766364880608e-07,4,1,1
0.724904773694142,0.423622736190138,2.37260921606406e-06,4,1,0.914991499149915
0.755891467212153,0.320895846550514,3.13282115814869e-06,4,1,1
0.75460949406119,0.253662256523741,3.12975294185654e-06,4,1,1
0.751232272960154,0.275998076516624,3.05153910539956e-06,4,1,0.998199819981998
0.755887976504206,0.266752298927941,2.61155194551826e-06,4,1,1
0.745298883211103,0.280304160028191,1.5560112368504e-06,4,1,0.982298229822982
0.742767058694438,0.315597612942159,3.60268617429004e-06,4,1,0.972197219721972
0.742896272908987,0.314735393555699,3.1398183924954e-06,4,1,0.972597259725973
0.743233996664729,0.299281182430672,2.48186381355958e-06,4,1,0.975097509750975
0.741996681547465,0.322063868112612,2.68686736100414e-06,4,1,0.96959695969597
0.740368321894398,0.361822666025899,3.36194843941645e-06,4,1,0.961296129612961
0.744583274219638,0.298965956195595,2.74945041842662e-06,4,1,0.978597859785979
0.741466964155948,0.386860166334879,2.49702653392943e-06,4,1,0.961596159615962
0.739223330758263,0.388639944912582,3.16325951119775e-06,4,1,0.955695569556956
0.737199232914412,0.353423440692479,4.60698732452279e-06,4,1,0.953995399539954
0.691637388961168,1.02719464335302,3.5134431438776e-06,4,1,0.767876787678768
0.709772340242461,0.788411430400718,2.20764287316443e-06,4,1,0.838983898389839
0.696811528259674,0.941635000606434,2.66896580956313e-06,4,1,0.78987898789879
0.703457726139788,0.89373169932431,2.18693055239319e-06,4,1,0.811981198119812
0.7057914422136,0.859856795354906,2.21484322859333e-06,4,1,0.821382138213821
0.710832164920246,0.826501273950293,2.08345118285265e-06,4,1,0.837883788378838
0.702337032625247,0.854066079778018,2.94579852089609e-06,4,1,0.813081308130813
0.708405167728396,0.796778287776594,2.12150823626102e-06,4,1,0.834583458345835
0.70367835739984,0.864556197200908,2.52950164934857e-06,4,1,0.815481548154815
0.700554491928783,0.894425682564302,2.87787724663077e-06,4,1,0.804380438043804
0.695407741779229,0.87922861213664,4.27646860441649e-06,4,1,0.792579257925793
0.71090028939758,0.823355161708057,2.31462846147348e-06,4,1,0.838383838383838
0.704315874358111,0.940755391208325,2.80944146333477e-06,4,1,0.809380938093809
0.707894692274054,0.846281227874566,2.26051439569847e-06,4,1,0.828282828282828
0.700498560078711,0.92230102023629,2.9861184271609e-06,4,1,0.801380138013801
0.696945293438878,0.90882120810442,3.40056326260722e-06,4,1,0.793579357935794
0.6993431153698,0.831912832834334,3.06976655879067e-06,4,1,0.807480748074808
0.69645841115081,0.856388894583079,4.16006908410529e-06,4,1,0.797579757975798
0.702728335989365,0.870884131109397,2.36254877202821e-06,4,1,0.812381238123812
0.700344247439619,0.924202456010405,3.10101540923201e-06,4,1,0.800780078007801
0.702665724818974,0.920187153824394,2.6319595266965e-06,4,1,0.807180718071807
0.700420105279643,0.950921984409551,2.88590494475051e-06,4,1,0.798279827982798
0.702861572884149,0.859276677178015,2.70342607399958e-06,4,1,0.813881388138814
0.701994807244527,0.824139862938628,2.43098516991309e-06,4,1,0.815181518151815
0.706574357402313,0.822377702263521,2.29772979702935e-06,4,1,0.827182718271827
0.700877664492178,0.830348957909414,2.86595357403844e-06,4,1,0.811681168116812
0.702954548511338,0.835875691441497,3.61364552098377e-06,4,1,0.816481648164816
0.703268679490931,0.831070696223905,2.66942490195652e-06,4,1,0.817781778177818
0.702551503459727,0.837626953395699,2.74828704617904e-06,4,1,0.815281528152815
0.707072500486935,0.811562305627348,2.30390104584232e-06,4,1,0.82958295829583
0.708030777106389,0.819222022466522,2.34374745866093e-06,4,1,0.831283128312831
0.694888506998389,0.935407668973585,3.56417342044857e-06,4,1,0.785478547854785
0.711444796860036,0.655056675803938,1.46356338928675e-06,4,1,0.856785678567857
0.70596649804166,0.772688399385476,2.60441153690383e-06,4,1,0.830683068306831
0.704888526935933,0.859189269364842,2.63392457185441e-06,4,1,0.819181918191819
0.700486238335159,0.901392560121449,2.86980889869801e-06,4,1,0.803480348034804
0.704410371036344,0.853557920711864,2.77093532177483e-06,4,1,0.818481848184819
0.714916546765963,0.731269149439606,2.03652330197051e-06,4,1,0.858085808580858
0.705240180859905,0.72320056658666,2.82743803631877e-06,4,1,0.833783378337834
0.701726495656047,0.769937026063936,3.01855623705964e-06,4,1,0.81998199819982
0.707633802691368,0.734838824874829,2.18987180596178e-06,4,1,0.838783878387839
0.700813059634095,0.77862466249748,3.74795392822789e-06,4,1,0.816681668166817
0.7032225433133,0.742307386018483,2.63921794694077e-06,4,1,0.826582658265827
0.708796351567699,0.712001361087383,2.10380415446277e-06,4,1,0.844084408440844
0.7058828244872,0.760114519429589,2.51030391139895e-06,4,1,0.831683168316832
0.710356795126388,0.703560785269898,2.06825262306747e-06,4,1,0.848984898489849
0.706244820471992,0.814927625944304,2.24050011424059e-06,4,1,0.827082708270827
0.711750070257523,0.704863761863175,1.91705985947025e-06,4,1,0.852485248524853
0.708157981672498,0.748029946760633,2.55465308831549e-06,4,1,0.838883888388839
0.71386326707855,0.711011374823106,1.34869745653645e-06,4,1,0.857385738573857
0.706782492759484,0.727665415284247,2.74708755070133e-06,4,1,0.837283728372837
0.718191515407222,0.613353492402614,1.66197367548253e-06,4,1,0.878487848784879
0.71077614683165,0.73262913490998,2.18329800837263e-06,4,1,0.847184718471847
0.70477560165116,0.901284055125318,2.03495299691461e-06,4,1,0.814581458145815
0.711802393738736,0.742303387312165,1.71185200894521e-06,4,1,0.848884888488849
0.748575823211567,0.317560182424637,2.35918461345809e-06,4,1,0.987098709870987
0.693877712217513,1.10068539480095,4.22066512627091e-06,4,1,0.766276627662766
0.695205776951516,1.08109450121256,2.85345617926759e-06,4,1,0.771677167716772
0.6914313896873,1.12721731739954,3.8831362360699e-06,4,1,0.757175717571757
0.7440868326495,0.381191139260881,1.88073389515716e-06,4,1,0.968996899689969
0.750205722736021,0.287637531411759,2.27947153677372e-06,4,1,0.994299429942994
0.756569505105752,0.185924669267953,2.40657405257719e-06,4,1,1
0.792556612298512,1.10367483290719,9.92506732643497e-08,4,1,1
0.730678448818877,0.599096466286232,2.71556757378666e-06,4,1,0.912291229122912
0.735643255585138,0.490710871317721,2.30544312980565e-06,4,1,0.936093609360936
0.733102936644251,0.47361153130549,1.18697728872456e-06,4,1,0.931193119311931
0.68636786335369,1.35125840068654,3.32725981213411e-06,4,1,0.721472147214722
0.790041126502647,1.14834498031279,1.00214584189853e-07,4,1,1
0.758648812097211,0.385843545747901,5.30376123765994e-07,4,1,1
0.746214923434635,0.306850200525726,2.24154009262132e-06,4,1,0.981998199819982
0.74649604336779,0.335754767273014,1.7614315073517e-06,4,1,0.97979797979798
0.748886945933838,0.294589886185592,2.28433673208158e-06,4,1,0.99019901990199
0.749684296264924,0.280285207515617,2.3176097600386e-06,4,1,0.993699369936994
0.750180436488938,0.298556653905316,2.28759765113776e-06,4,1,0.993099309930993
0.750611796723524,0.268993813908628,2.28844689672675e-06,4,1,0.997199719971997
0.750360373457657,0.209779359903672,2.25853010397712e-06,4,1,1
0.74726176221574,0.250018348516532,2.09935941939222e-06,4,1,0.99049904990499
0.74735911939635,0.246304720699798,2.06920950124747e-06,4,1,0.991099109910991
0.749324664305616,0.25046158840632,2.39596076427048e-06,4,1,0.995799579957996
0.749115418908108,0.234158260051579,2.34262680127137e-06,4,1,0.996899689968997
0.750068638831236,0.236774083548222,2.50863538330731e-06,4,1,0.999099909990999
0.748991309656996,0.233979738958739,2.42270689055822e-06,4,1,0.996599659965997
0.752251756904566,0.199270056507108,3.02227105052159e-06,4,1,1
0.752990082154348,0.177053297994285,2.64026250273696e-06,4,1,1
0.753133164019865,0.184234558723695,2.58208882205017e-06,4,1,1
0.752974620431381,0.183887266668572,2.54864472060063e-06,4,1,1
0.752651753624872,0.182228694705138,2.45716730660209e-06,4,1,1
0.753678769182244,0.198311706071769,2.54968450403998e-06,4,1,1
0.75311489258081,0.179303786046432,2.53270659629336e-06,4,1,1
0.753050783215912,0.179538574971579,2.51056932544085e-06,4,1,1
0.756251591718613,0.181150487320754,2.52571171975569e-06,4,1,1
0.749679676445951,0.223748526409733,1.56547831707646e-06,4,1,0.999399939993999
0.75102578432402,0.250923464683653,2.12433806026142e-06,4,1,1
0.751007897407333,0.215500597292323,2.2796969286498e-06,4,1,1
0.750614094738954,0.244782220782915,2.63391053245316e-06,4,1,0.999699969997
0.74295669268234,0.249433124886115,2.14841618780154e-06,4,1,0.979397939793979
0.746140321506989,0.235023744239091,2.75333531244096e-06,4,1,0.989098909890989
0.747473920112241,0.187714187485087,3.5811956220618e-06,4,1,0.997299729972997
0.742912311442774,0.212591333502662,3.20950290007649e-06,4,1,0.982998299829983
0.751344209055173,0.216699942473001,2.09298635387403e-06,4,1,1
0.749287215178876,0.254819478233727,2.559703908554e-06,4,1,0.995199519951995
0.791243433790984,1.13865140485746,9.74907440866875e-08,4,1,1
0.788887135897907,1.1631199641668,1.05435196333636e-07,4,1,1
0.736729290275632,0.354465288251251,2.81655715475417e-06,4,1,0.952595259525953
0.748334099600193,0.322392810611617,1.64203287719259e-06,4,1,0.985998599859986
0.749627941547606,0.484958447083475,2.0070917434941e-06,4,1,0.972897289728973
0.72972982178423,0.601691550211384,1.24637809423632e-06,4,1,0.909490949094909
0.717596320722439,0.744743777212902,1.2623274179441e-06,4,1,0.863686368636864
0.733228741367376,0.44328078325597,3.41456808880489e-06,4,1,0.934593459345935
0.723459900331111,0.40978018340982,3.10838199067487e-06,4,1,0.912691269126913
0.758921550445874,0.172299941330537,3.67889344472053e-06,4,1,1
0.75262289163532,0.172181865337245,4.19973799886913e-06,4,1,1
0.75587508395266,0.161555787336199,2.11768878507982e-06,4,1,1
0.735686028085765,0.496219232764651,6.14699887962275e-07,4,1,0.935593559355936
0.727862514944673,0.438851956159944,1.81959372551037e-06,4,1,0.921092109210921
0.742857240768216,0.325169968659131,3.32882247985111e-06,4,1,0.971497149714971
0.752165667505026,0.29170016065311,2.1595915075041e-06,4,1,0.998999899989999
0.741846017305058,0.357638534787033,2.92450244506542e-06,4,1,0.965596559655966
0.738980560880423,0.365137920307971,2.9656162171923e-06,4,1,0.957395739573957
0.671876993730875,1.68869650797547,5.21767812034678e-06,4,1,0.64986498649865
0.693794726550171,1.21832488735124,2.41499499904902e-06,4,1,0.754175417541754
0.673295322351793,1.63482538997218,2.28406031660118e-06,4,1,0.658965896589659
0.676416868705738,1.5406491005053,3.31201651487914e-06,4,1,0.676567656765677
0.678323657901072,1.47594260888367,1.99238094997039e-06,4,1,0.688068806880688
0.681482865880688,1.42593333508511,1.94798079130317e-06,4,1,0.701270127012701
0.676761370336477,1.5297535888712,2.84841081249724e-06,4,1,0.678567856785679
0.680153538824642,1.44548427315613,2.0404167752789e-06,4,1,0.695869586958696
0.750260053256847,0.299427319787697,2.58254833298444e-06,4,1,0.993299329932993
0.74999462616556,0.291406220180215,2.43274226946154e-06,4,1,0.993399339933993
0.750099049002771,0.305683288235157,2.56446746925755e-06,4,1,0.992199219921992
0.737938705321873,0.364549134729673,2.12362378594174e-06,4,1,0.954795479547955
0.732119079021537,0.331787050483691,3.06386981270115e-06,4,1,0.942994299429943
0.724273661203043,0.452088676292497,1.34976384916194e-06,4,1,0.910491049104911
0.740022749201741,0.23396063802887,2.55496383931628e-06,4,1,0.973297329732973
0.740915970442564,0.246271739107457,3.37626475603923e-06,4,1,0.974397439743974
0.739396608089697,0.252523140865424,2.80046810491348e-06,4,1,0.96979697969797
0.74109132028687,0.264502686533669,1.86235059135178e-06,4,1,0.972997299729973
0.74021711861239,0.320691722894669,1.19992478347643e-06,4,1,0.965096509650965
0.742804957063216,0.268665660575689,3.51138314074965e-06,4,1,0.976997699769977
0.739819067324308,0.29498885524869,1.91949483529713e-06,4,1,0.966596659665967
0.747438301258846,0.245756262124508,1.99200341540717e-06,4,1,0.991399139913991
0.744087982142598,0.227373433225364,2.41980939185469e-06,4,1,0.984498449844984
0.743115874270123,0.231547586975337,2.54303768180546e-06,4,1,0.981598159815982
0.742503945178197,0.24398502867046,1.94891670708202e-06,4,1,0.978797879787979
0.743345444348282,0.226225130231025,3.74864047233624e-06,4,1,0.982698269826983
0.743881690965246,0.269074110210776,1.72352716552148e-06,4,1,0.97979797979798
0.745304844657376,0.266159145365005,2.07194048006063e-06,4,1,0.983798379837984
0.743326806069762,0.346752833038469,2.04505238201522e-06,4,1,0.970497049704971
0.747116133632302,0.344751682146852,1.85872823263029e-06,4,1,0.98049804980498
0.747123706068442,0.333328843233676,2.19405509514523e-06,4,1,0.981698169816982
0.74472246919293,0.391512778097842,2.2451763610806e-06,4,1,0.96959695969597
0.753596069448237,0.333861749511275,2.09679530377921e-06,4,1,0.998399839983998
0.746062450428512,0.29119246627225,1.7424469354603e-06,4,1,0.983198319831983
0.750248520815976,0.26481068646792,1.7305110919064e-06,4,1,0.996699669966997
0.746476489331423,0.304349165884757,2.18444454752717e-06,4,1,0.982998299829983
0.746050048298315,0.313284204019394,2.51852106752202e-06,4,1,0.980998099809981
0.743489415427228,0.256329552774567,3.27727023813336e-06,4,1,0.98009800980098
0.750654695367728,0.422869189713763,1.76557034548321e-06,4,1,0.981798179817982
0.750053351491639,0.336415844533871,1.88215297832961e-06,4,1,0.988998899889989
0.745676614911076,0.3320408864121,2.347502254481e-06,4,1,0.978097809780978
0.746768049668611,0.324558483646153,1.64844078904394e-06,4,1,0.981698169816982
0.741605374735531,0.426802777932835,1.84420122720995e-06,4,1,0.957995799579958
0.746292318509402,0.321117085617817,2.04091461867737e-06,4,1,0.980798079807981
0.743937993049435,0.265899416629583,2.96320355518132e-06,4,1,0.98029802980298
0.755682058654702,0.298532306269936,1.78811520390995e-06,4,1,1
0.750153533824303,0.280708493420114,2.0454664860126e-06,4,1,0.994899489948995
0.743792971596673,0.300403268469396,3.20731923497502e-06,4,1,0.976397639763976
0.745271773190294,0.283216218064212,2.33763881577035e-06,4,1,0.981998199819982
0.743228454648063,0.285681933043124,2.23661409816541e-06,4,1,0.976397639763976
0.747517727761157,0.282446808281719,2.02027573824749e-06,4,1,0.987898789878988
0.747853424202225,0.340933667951885,2.03479611552658e-06,4,1,0.982798279827983
0.745505850936874,0.375603899371894,2.1287864518888e-06,4,1,0.973297329732973
0.749913722820981,0.309557500879388,2.0693764939333e-06,4,1,0.991299129912991
0.747231554898325,0.356951503124581,2.0148005646024e-06,4,1,0.97959795979598
0.748394505938059,0.245287275224973,3.08439952847853e-06,4,1,0.993899389938994
0.74915398422713,0.283334539608183,2.31659133853204e-06,4,1,0.991999199919992
0.744921763529303,0.253091391117728,2.23641100763431e-06,4,1,0.984098409840984
0.745200784047859,0.275390003201558,3.14176636829575e-06,4,1,0.982598259825983
0.745155829912011,0.332116687907772,2.96063097517022e-06,4,1,0.976697669766977
0.744555810695038,0.279877308031548,3.40960765851683e-06,4,1,0.98049804980498
0.697728100538951,1.01934686781953,4.95402549070405e-06,4,1,0.784378437843784
0.683391639776037,1.38209539365373,4.21822090393294e-06,4,1,0.710671067106711
0.702534344583086,0.97469873010853,2.81174043784567e-06,4,1,0.801380138013801
0.693635529220472,0.961519450771124,2.40463064925842e-06,4,1,0.77967796779678
0.705559102222599,0.728352466375333,3.63348792849863e-06,4,1,0.834083408340834
0.686685274817158,1.09057015461429,4.10435406739134e-06,4,1,0.748574857485749
0.714085736006547,0.558705686680823,2.27742971830871e-06,4,1,0.873287328732873
0.698368274853138,1.09881153894461,2.63644197258812e-06,4,1,0.778077807780778
0.695156277334842,1.11780849243043,3.12868800142867e-06,4,1,0.767776777677768
0.739895805685915,0.298904893494818,1.74963223187448e-06,4,1,0.966396639663966
0.753092605919902,0.258158124431385,2.75839811597056e-06,4,1,1
0.718726184065698,0.623846266590251,1.64012791618908e-06,4,1,0.878787878787879
0.718605961765089,0.703075409915305,2.68275401437427e-06,4,1,0.87048704870487
0.713225682014353,0.670049586859193,3.99130157258983e-06,4,1,0.85988598859886
0.719076662837406,0.61579159166468,3.46332506055261e-06,4,1,0.880488048804881
0.718132748568066,0.624957657793791,3.72228302840334e-06,4,1,0.877087708770877
0.723246954004049,0.578169719564102,2.00158062680012e-06,4,1,0.895089508950895
0.720626220338301,0.631893762473479,3.4158575580571e-06,4,1,0.882888288828883
0.718846805084347,0.616951513271856,4.11621759355439e-06,4,1,0.87978797879788
0.746717410124403,0.198941870478029,2.52055058346524e-06,4,1,0.994199419941994
0.718926916250679,0.612483992230061,3.36972182602482e-06,4,1,0.88038803880388
0.716677052009024,0.627473265415169,1.70579044715781e-06,4,1,0.873087308730873
0.720697608471488,0.581564937119857,2.50859139480024e-06,4,1,0.888188818881888
0.71908393295804,0.624837416443204,2.8972116017684e-06,4,1,0.87958795879588
0.720154059135639,0.584082453097154,2.91504277883172e-06,4,1,0.886488648864887
0.715739323620297,0.633471996609234,3.44229215952948e-06,4,1,0.87008700870087
0.717331531969568,0.61933057061608,3.43412792807159e-06,4,1,0.875587558755876
0.720101361020927,0.589280236788771,2.40202631457805e-06,4,1,0.885788578857886
0.721718796847152,0.547831573938621,3.03977390176566e-06,4,1,0.894189418941894
0.720290315523556,0.571295506384457,3.22658286352403e-06,4,1,0.888088808880888
0.716373717299664,0.59395481764848,2.57644355944516e-06,4,1,0.875687568756876
0.717200894581392,0.593117461375972,2.67601753253543e-06,4,1,0.877887788778878
0.717815003321592,0.569452775800874,3.67742224843232e-06,4,1,0.881888188818882
0.717821504705264,0.565231045129442,3.24574379259554e-06,4,1,0.882388238823882
0.717974220334856,0.565320875635165,3.17793032375286e-06,4,1,0.882688268826883
0.715271393892218,0.608616457652292,2.48412569014673e-06,4,1,0.871387138713871
0.717160250292949,0.581726780495719,3.49444551280556e-06,4,1,0.878987898789879
0.718602093844619,0.592219784473398,2.91838733696931e-06,4,1,0.881688168816882
0.71863869378585,0.561530010665019,3.89707401805371e-06,4,1,0.884788478847885
0.718467875960403,0.553448405619898,3.62689706431513e-06,4,1,0.885188518851885
0.719086156411109,0.549263017889475,3.47122387904723e-06,4,1,0.887188718871887
0.718790184712735,0.54825559155379,3.11085042012539e-06,4,1,0.886588658865887
0.719697091382949,0.53857302461662,3.40893062108747e-06,4,1,0.88988898889889
0.713340407448944,0.609512845774651,3.754420806167e-06,4,1,0.866286628662866
0.717576252046868,0.535926533144797,2.41575529046824e-06,4,1,0.884688468846885
0.717967344693388,0.563141206116774,2.98561945861631e-06,4,1,0.882888288828883
0.718743346964337,0.529872098760745,2.77655135208138e-06,4,1,0.888288828882888
0.72080129332262,0.534050427722506,2.50286043759493e-06,4,1,0.893189318931893
0.717622856546229,0.542703319233821,2.52272083133867e-06,4,1,0.884088408840884
0.719341607627193,0.512045478828787,2.44682934076894e-06,4,1,0.891689168916892
0.718682511370467,0.545427441102345,2.50535403009785e-06,4,1,0.886588658865887
0.718445680465089,0.556581099756754,2.4035333706364e-06,4,1,0.884788478847885
0.719155048611921,0.549510816568288,2.49700260986397e-06,4,1,0.887388738873887
0.719824356705239,0.518844950457525,2.11757177975743e-06,4,1,0.892189218921892
0.721064949991152,0.513470615343286,2.18626039406082e-06,4,1,0.895989598959896
0.71963598233614,0.521988217722023,2.56283002176694e-06,4,1,0.891389138913891
0.720045566422964,0.499397690288628,2.61514522084786e-06,4,1,0.894789478947895
0.719789765164461,0.527631008405708,2.73675746107162e-06,4,1,0.891189118911891
0.741320591026156,0.377241378416732,3.20752501233928e-06,4,1,0.962196219621962
0.697848229448004,0.987740331257402,1.84690774338138e-06,4,1,0.787878787878788
0.695210020170361,1.07951494733336,5.21137582126555e-06,4,1,0.771777177717772
0.712956326646314,0.694839899977371,2.9973791382009e-06,4,1,0.856685668566857
0.713317862639401,0.683025496736714,2.76077618431974e-06,4,1,0.858785878587859
0.712309315469168,0.664402577816427,1.47836607777313e-06,4,1,0.858085808580858
0.685304977281916,1.09075194943849,2.88406391886508e-06,4,1,0.744974497449745
0.703872231412836,0.765514771477231,1.77697878735199e-06,4,1,0.825982598259826
0.708509633754133,0.660866816709009,2.26674295211502e-06,4,1,0.848584858485849
0.706846755940265,0.726017502719655,3.93320346796788e-06,4,1,0.837683768376838
0.709246559644927,0.731420478348478,1.50074797242725e-06,4,1,0.843384338433843
0.696838039151286,1.0407329349085,1.85237595082221e-06,4,1,0.77997799779978
0.695676315536167,0.845314113837891,2.67265957207971e-06,4,1,0.796679667966797
0.696415650144756,0.820510959778013,2.26664686656966e-06,4,1,0.801080108010801
0.691969775461306,0.862472579348989,2.34513937566638e-06,4,1,0.785278527852785
0.693471804417391,0.846191694907893,1.84316414610703e-06,4,1,0.790879087908791
0.693094639396194,0.901260587739953,2.00412360795197e-06,4,1,0.784278427842784
0.691994813054853,0.853449088879245,2.19799591761222e-06,4,1,0.786278627862786
0.690421656910669,0.952040322387591,2.92799191313972e-06,4,1,0.772277227722772
0.691965455268207,0.907810785341669,2.73112634579567e-06,4,1,0.780778077807781
0.692759885135598,0.964033298118572,2.53005963629451e-06,4,1,0.777077707770777
0.689679175012732,1.04159547437395,2.49341284796032e-06,4,1,0.761276127612761
0.689354966460732,1.04826959478112,2.07794031258359e-06,4,1,0.75977597759776
0.686106766780165,1.13102259790187,2.12133050818626e-06,4,1,0.742974297429743
0.68277059644859,1.2074367231382,1.94834884385575e-06,4,1,0.726672667266727
0.688814885564438,1.05766210974932,2.78868411170108e-06,4,1,0.757475747574757
0.687587417804876,1.08016033441698,2.17782803365068e-06,4,1,0.751975197519752
0.688428774702556,1.07126427332543,2.18416250530452e-06,4,1,0.755075507550755
0.689390983741263,1.04146153758058,2.56726693975814e-06,4,1,0.760576057605761
0.688879947466179,1.096065312988,2.49562351340727e-06,4,1,0.753775377537754
0.687570051489956,1.08556780087294,2.19948374393515e-06,4,1,0.751375137513751
0.688135441068566,1.09261823593883,2.48035920488518e-06,4,1,0.752175217521752
0.687003409992805,1.1033478065025,2.136976901691e-06,4,1,0.748174817481748
0.686312203868657,1.11800667977809,2.19371472699716e-06,4,1,0.744874487448745
0.686140996559268,1.1299419931016,2.13590520437243e-06,4,1,0.743174317431743
0.685429827572999,1.15356747284129,2.36449513062452e-06,4,1,0.738973897389739
0.68592525202975,1.15195790824618,2.35704379939113e-06,4,1,0.74047404740474
0.685206565613936,1.2159386047631,3.06671017430896e-06,4,1,0.732073207320732
0.683128100654036,1.12527368212334,1.83480989870601e-06,4,1,0.735873587358736
0.685971346463735,1.16621010264544,1.99215491339756e-06,4,1,0.739073907390739
0.685169099023303,1.13882545827399,2.62536056844576e-06,4,1,0.73977397739774
0.686288133398641,1.13871041162133,2.58737495882115e-06,4,1,0.742674267426743
0.685566036228875,1.17313711722753,2.22139889445576e-06,4,1,0.737373737373737
0.684293215832763,1.20083923165951,2.44795508124372e-06,4,1,0.731273127312731
0.685951437424482,1.16002543398703,2.37886863113955e-06,4,1,0.73967396739674
0.684825351645813,1.1679659742907,1.89160975825781e-06,4,1,0.735973597359736
0.683815205895661,1.2269827309839,2.89126764695353e-06,4,1,0.727372737273727
0.682584831511484,1.19662180413715,2.96704775958287e-06,4,1,0.727272727272727
0.68384594251854,1.21070168949405,2.11667882321878e-06,4,1,0.729072907290729
0.68377415118247,1.21385606453221,2.16114321522284e-06,4,1,0.728572857285729
0.68493985977858,1.19982092544074,2.67610236951734e-06,4,1,0.733073307330733
0.682989261528226,1.22999013269831,2.97460290502987e-06,4,1,0.724972497249725
0.682721529812476,1.24419924777857,2.40577779507642e-06,4,1,0.722772277227723
0.683264633156456,1.23256811180274,1.97820259992926e-06,4,1,0.725372537253725
0.680169826368522,1.33141180289077,1.0497455071242e-06,4,1,0.707370737073707
0.678869296264716,1.33571126358537,1.13665785066951e-06,4,1,0.703570357035704
0.679090187829987,1.34484059542033,1.17436002371407e-06,4,1,0.703270327032703
0.682535514156336,1.36149098189286,1.20371956474668e-06,4,1,0.71047104710471
0.735688341395234,0.419159114119644,3.57396352928279e-06,4,1,0.943394339433943
0.701367502422375,0.936814595511715,4.31826065204522e-06,4,1,0.802180218021802
0.693743871104232,1.13805543142904,4.26762247490944e-06,4,1,0.762076207620762
0.6893210724467,1.21056024301562,4.46495509381171e-06,4,1,0.743374337433743
0.711453364390099,0.811601654636254,2.30750785572856e-06,4,1,0.840984098409841
0.711521051511783,0.773567399722464,3.0425388244615e-06,4,1,0.844984498449845
0.721580365732329,0.750801849442617,2.42282820710027e-06,4,1,0.873387338733873
0.709416138663819,0.839694400161505,3.87692101982204e-06,4,1,0.832883288328833
0.707045704447203,0.854653446768549,6.02989177742003e-06,4,1,0.825182518251825
0.75190234490218,0.263505685723221,2.03871725813045e-06,4,1,1
0.748023170336718,0.262455976957214,3.76828087199039e-06,4,1,0.991199119911991
0.750787844340255,0.179144489202643,3.04019784699286e-06,4,1,1
0.719773510808743,0.715896169558008,1.96958674460307e-06,4,1,0.872187218721872
0.696584150729894,1.05929656346814,3.53184884962869e-06,4,1,0.777377737773777
0.698771099593639,1.04140697751575,3.30175556753262e-06,4,1,0.784878487848785
0.72521478981252,0.572794260351866,2.39698036241034e-06,4,1,0.900790079007901
0.724241606324044,0.613825689288567,2.36613850448347e-06,4,1,0.894089408940894
0.680177527760619,1.42127041588644,2.52774598373163e-06,4,1,0.698369836983698
0.701916480922817,0.974536554921433,3.70303049783915e-06,4,1,0.7997799779978
0.711953345610226,0.781709301960541,2.58320090202206e-06,4,1,0.845284528452845
0.704892664932468,0.823652053831605,4.48454618000097e-06,4,1,0.822782278227823
0.697927179984179,1.02117475106662,3.07514618745349e-06,4,1,0.784778477847785
0.697229359331432,0.975803465664551,5.34895379147409e-06,4,1,0.787478747874787
0.695241650052968,1.06581501197186,3.60834848593126e-06,4,1,0.773277327732773
0.696611399113509,0.980095670714891,6.18963183952987e-06,4,1,0.785478547854785
0.698418755088059,0.988797433650812,4.01579930680241e-06,4,1,0.789278927892789
0.694612003414552,1.11749481786429,3.72597434212686e-06,4,1,0.766476647664767
0.705417444129759,0.847563702737267,5.21104388209846e-06,4,1,0.821682168216822
0.686244457488915,1.28095278757204,5.82677331465725e-06,4,1,0.728272827282728
0.687822513064398,1.27642732330649,2.91072309188736e-06,4,1,0.732773277327733
0.697710035715281,1.00635372246113,3.28759812847431e-06,4,1,0.785678567856786
0.696437859911654,1.0790360904436,4.38929873627893e-06,4,1,0.775077507750775
0.6985837466213,0.984532686829685,4.72903038878664e-06,4,1,0.79017901790179
0.704838744383921,0.944974288638574,2.21528469540104e-06,4,1,0.81038103810381
0.692762999473029,1.1853925382225,5.16058333216733e-06,4,1,0.754775477547755
0.691645287120414,1.17703961995967,5.45146070721532e-06,4,1,0.752775277527753
0.700705658504669,0.972557157402779,2.8252289918892e-06,4,1,0.796879687968797
0.700854300793446,0.917857693756136,3.38014105513223e-06,4,1,0.802780278027803
0.692646436770125,1.18146401519907,3.63036816168678e-06,4,1,0.754875487548755
0.697083840748795,1.12455333595434,2.9353140777945e-06,4,1,0.772177217721772
0.698297345813134,1.00914923333312,4.44481006463716e-06,4,1,0.786878687868787
0.693666018804266,1.13798915287677,3.81934655575415e-06,4,1,0.761876187618762
0.698408194948726,1.06160463007478,3.73963131549485e-06,4,1,0.781878187818782
0.679765359458099,1.44176265308771,4.5231875010646e-06,4,1,0.695269526952695
0.700158774198219,0.963183018806882,4.33769213107687e-06,4,1,0.796379637963796
0.699620617780505,0.960420887561032,6.31470372749482e-06,4,1,0.795279527952795
0.70663404208891,0.860742978422668,2.96764403967138e-06,4,1,0.823482348234823
0.693673233095256,1.10282410138605,6.57494231326624e-06,4,1,0.765476547654765
0.702014438814362,0.910866947213182,3.6248367756435e-06,4,1,0.806480648064806
0.699830355562343,1.01924328246781,4.93590291999502e-06,4,1,0.78987898789879
0.704070093261232,0.896099773527067,3.48754423537548e-06,4,1,0.813281328132813
0.698624295512032,0.998355984317706,3.50644159648774e-06,4,1,0.788878887888789
0.691207339295779,1.11991386841228,5.21386696148916e-06,4,1,0.757375737573757
0.69362824980979,1.07953750676676,5.31038399995359e-06,4,1,0.767676767676768
0.69248345761414,1.11079426480037,5.06996130600274e-06,4,1,0.761576157615762
0.699174869927302,0.948714090437119,2.16058947264936e-06,4,1,0.795279527952795
0.693991184198459,1.06847846971527,5.18950888098914e-06,4,1,0.76977697769777
0.744837092163712,0.335011046422743,3.27982129966597e-06,4,1,0.975597559755976
0.710222513192949,0.609636056941314,2.0062003562984e-06,4,1,0.858185818581858
0.735860300452338,0.406953911277325,2.85097748255953e-06,4,1,0.945094509450945
0.736568551686473,0.42453643015781,2.91904744352354e-06,4,1,0.945094509450945
0.736771120604641,0.400678066788373,3.0421167519314e-06,4,1,0.948094809480948
0.735406948466337,0.421309327283915,3.23444387265493e-06,4,1,0.942494249424943
0.735623450237519,0.422622753126263,3.37227480887594e-06,4,1,0.942894289428943
0.736260675960651,0.407223105728217,2.98592216013904e-06,4,1,0.946094609460946
0.735957721434492,0.412642134878412,3.29810452158929e-06,4,1,0.944794479447945
0.735868614884398,0.409332514458721,3.20015419086475e-06,4,1,0.944894489448945
0.735800577338398,0.41282851674957,3.19309520469183e-06,4,1,0.944294429442944
0.735258625493756,0.425695967348955,3.25216414797516e-06,4,1,0.941594159415942
0.736110534838831,0.422752814397553,3.07932045402894e-06,4,1,0.944094409440944
0.735701132986382,0.410126621867985,3.13858220402357e-06,4,1,0.944394439443944
0.735914223114508,0.408161515669731,3.18488752150781e-06,4,1,0.945094509450945
0.735943031610892,0.404911148885203,3.19643935393526e-06,4,1,0.945494549454945
0.737211150786446,0.401366070394667,2.77457728080731e-06,4,1,0.949194919491949
0.741815117998213,0.357978607240515,2.82883617106955e-06,4,1,0.965496549654965
0.740703456045826,0.373728243829723,2.84360361045922e-06,4,1,0.960996099609961
0.74151226282626,0.339954268956881,2.18768572880577e-06,4,1,0.966496649664967
0.744905235010327,0.319895671820912,3.35158062330044e-06,4,1,0.977297729772977
0.748982016100211,0.341249265579648,1.76625175749272e-06,4,1,0.985698569856986
0.765879194067785,0.332318559709706,1.66019992025903e-06,4,1,1
0.74697622341577,0.35141387616516,1.8591228610236e-06,4,1,0.97949794979498
0.723759512125377,0.436755804661346,3.95127583874823e-06,4,1,0.910691069106911
0.718944536874162,0.490007060325427,2.3121799473539e-06,4,1,0.892889288928893
0.718765406796754,0.52080721229026,2.4630392840237e-06,4,1,0.889288928892889
0.715540867438872,0.495401811939975,2.94614062948046e-06,4,1,0.883488348834883
0.719295591339088,0.531697699187467,2.63262010322808e-06,4,1,0.88958895889589
0.717947903084505,0.534534007697653,2.7737257379993e-06,4,1,0.885788578857886
0.718138444640975,0.530869849544952,2.71403153988249e-06,4,1,0.886588658865887
0.718971276781247,0.508888924412164,2.62455300376439e-06,4,1,0.890989098909891
0.722692318215654,0.409716278643508,3.6001557366488e-06,4,1,0.910691069106911
0.722561804531469,0.417633451982279,5.20046106151001e-06,4,1,0.909490949094909
0.721536975974136,0.421966800721469,4.68478222744338e-06,4,1,0.906390639063906
0.722579371201635,0.417500223236767,5.33160621783238e-06,4,1,0.90959095909591
0.722541821545709,0.408213039086043,4.46294345686351e-06,4,1,0.91039103910391
0.722528650750735,0.409224047952674,4.53410649100393e-06,4,1,0.91029102910291
0.722305241895258,0.411606775141177,4.51935072639575e-06,4,1,0.909490949094909
0.724048258926157,0.404597325201249,4.93083682658844e-06,4,1,0.914691469146915
0.725745127702546,0.417243742865093,3.962353083821e-06,4,1,0.917791779177918
0.726652416949147,0.420405981654381,3.5429671776764e-06,4,1,0.91989198919892
0.72662454415923,0.414292361386141,3.14315953589022e-06,4,1,0.92039203920392
0.726580328648856,0.42001538974954,3.52223936200996e-06,4,1,0.91969196919692
0.726728307769651,0.415309094668578,3.34171864836083e-06,4,1,0.920592059205921
0.734970101462358,0.373257687257979,3.62028025317124e-06,4,1,0.946194619461946
0.738754540582244,0.336201258874934,1.8648811225139e-06,4,1,0.95969596959696
0.709302050139132,0.821610751936791,3.82362803073821e-06,4,1,0.834383438343834
0.713498750552857,0.709806082136143,2.15381520715525e-06,4,1,0.856585658565857
0.713964449968366,0.706915213165395,2.18840088162276e-06,4,1,0.858085808580858
0.718020701986047,0.684264030744671,1.97382065364595e-06,4,1,0.870887088708871
0.738535520372577,0.37413387608296,3.50239476517597e-06,4,1,0.955295529552955
0.736159954271826,0.406156238260964,3.13885020986961e-06,4,1,0.945894589458946
0.736363896787138,0.404335513483505,3.14156725674313e-06,4,1,0.946694669466947
0.736568551886147,0.396440193121089,3.06701656740208e-06,4,1,0.947994799479948
0.738250661090055,0.386192840200152,3.03254417592987e-06,4,1,0.953395339533953
0.737968999775869,0.386169239942162,3.04955762849317e-06,4,1,0.952595259525953
0.738462737209761,0.377842983440053,2.9221824223466e-06,4,1,0.954795479547955
0.738597210215965,0.382631448823178,2.92301552604035e-06,4,1,0.954595459545955
0.738805253353709,0.376792953919281,2.887875582998e-06,4,1,0.955795579557956
0.738658969636721,0.379268052325858,2.91294072201926e-06,4,1,0.955095509550955
0.73889173968146,0.376002344747799,2.91138091837551e-06,4,1,0.956095609560956
0.749464405985113,0.311627042505746,3.02269602969496e-06,4,1,0.98999899989999
0.747332686962043,0.314956019649641,3.28424904583911e-06,4,1,0.984098409840984
0.70379447390351,0.885567716655581,4.84506267616607e-06,4,1,0.813681368136814
0.704581214640018,0.874430394872023,5.07236330133626e-06,4,1,0.816781678167817
0.715469200858874,0.715191217525576,2.00572394122142e-06,4,1,0.861086108610861
0.699779990580062,0.828599862314453,2.90082629997015e-06,4,1,0.808980898089809
0.7003061318639,0.834144933029212,1.66425707215136e-06,4,1,0.80978097809781
0.706576459089098,0.830795824479631,3.37178107210098e-06,4,1,0.826382638263826
0.709036823965358,0.785461732551178,3.77771074651564e-06,4,1,0.837383738373837
0.713074660684303,0.825017698145806,4.08582648754313e-06,4,1,0.843784378437844
0.710667847722372,0.791697828855067,1.5246612259496e-06,4,1,0.840984098409841
0.702854792836286,0.856352670926657,2.05491001256656e-06,4,1,0.814181418141814
0.713195449019106,0.722006280095399,1.56938226663859e-06,4,1,0.854485448544855
0.704318211881916,0.800629986085463,9.44101483591897e-07,4,1,0.823582358235824
0.706055947690792,0.868332710061018,2.61839127361432e-06,4,1,0.821282128212821
0.705945746466866,0.861422961484674,2.55337267209728e-06,4,1,0.821682168216822
0.741365173832848,0.34861813507163,1.5974265422093e-06,4,1,0.965196519651965
0.742243193753595,0.225904639368023,3.22935370132028e-06,4,1,0.97989798979898
0.706287838025923,0.839685995446984,1.83685275295937e-06,4,1,0.824782478247825
0.703328221328004,0.822349602969962,2.84471856023794e-06,4,1,0.818781878187819
0.71123848914444,0.820048639332503,1.97447497937468e-06,4,1,0.83958395839584
0.698836792491329,0.854884890237794,2.38602398460594e-06,4,1,0.803880388038804
0.705317311495623,0.838341666305951,2.14394146302895e-06,4,1,0.822382238223822
0.702562496787949,0.859446802833046,2.46942386125774e-06,4,1,0.813081308130813
0.700830993805058,0.846274196572022,2.58510821082086e-06,4,1,0.80988098809881
0.700270963680635,0.848158860509139,2.0041175087274e-06,4,1,0.808280828082808
0.703389411437131,0.848582000167999,2.31730991307349e-06,4,1,0.816281628162816
0.703329838185334,0.846254248300431,1.86040891647325e-06,4,1,0.816381638163816
0.700606778090345,0.890222462783947,2.09258197135837e-06,4,1,0.804880488048805
0.702684714982508,0.846254308958241,2.063925447591e-06,4,1,0.814781478147815
0.696476536965482,0.896386637797751,2.89958382179723e-06,4,1,0.793579357935794
0.695220653155493,0.913200778879648,2.79901566858403e-06,4,1,0.788578857885789
0.694456300835667,0.934943605001114,2.67662505905228e-06,4,1,0.784478447844784
0.704939121785052,0.854624319653618,1.63841696506793e-06,4,1,0.81978197819782
0.694375961683302,0.961761015943474,2.8382231671946e-06,4,1,0.781578157815782
0.700724517837134,0.931946356751522,2.38574699762847e-06,4,1,0.800980098009801
0.696507606806723,0.944443580006649,2.59833532833755e-06,4,1,0.788778877887789
0.701140345712902,0.933262539692904,2.56025218470197e-06,4,1,0.801980198019802
0.701785033535062,0.934202681749197,2.36933464190507e-06,4,1,0.803480348034804
0.695602272263795,0.985770176894703,2.80045657255231e-06,4,1,0.782278227822782
0.689236443129384,1.12875218443574,1.56546721697533e-06,4,1,0.751375137513751
0.700914196026218,0.963434474188952,1.96999972926623e-06,4,1,0.798279827982798
0.732936695529386,0.508208647328535,2.55892871967009e-06,4,1,0.927292729272927
0.733592774315467,0.486863781678344,2.14248109927936e-06,4,1,0.931093109310931
0.737500407971223,0.422965046885138,2.67626481533724e-06,4,1,0.947694769476948
0.74767351184018,0.350690788395998,1.68287693730645e-06,4,1,0.981398139813981
0.7555512287461,0.187592117953772,1.94825771585108e-06,4,1,1
0.690830141969653,1.30011711858909,1.74396380157367e-06,4,1,0.738173817381738
0.695719813744952,1.28165714995421,2.87341467742918e-06,4,1,0.752775277527753
0.708313923183785,0.847482634654784,1.58461724338788e-06,4,1,0.829182918291829
0.71021766745782,0.827036533106935,2.01265879360565e-06,4,1,0.836183618361836
0.703610923394169,1.03087257442518,2.3273447224047e-06,4,1,0.798479847984798
0.709276886098934,0.832547172521459,1.26847881851334e-06,4,1,0.833183318331833
0.692857827634573,1.42540849860602,1.67407165526267e-06,4,1,0.730773077307731
0.699037030687616,1.28518370418799,2.21944194013783e-06,4,1,0.760976097609761
0.697437259197879,1.32165581699063,1.36654457671909e-06,4,1,0.753175317531753
0.704105006560317,1.17792039317975,2.06335139038298e-06,4,1,0.784978497849785
0.697329924816284,1.27951780519371,1.91303372476741e-06,4,1,0.757175717571757
0.724936640873491,0.649400817196049,2.24778586467368e-06,4,1,0.892289228922892
0.729212569975574,0.409179724332961,1.72953438774445e-06,4,1,0.927592759275928
0.737916828791311,0.379849144024623,2.51078748429397e-06,4,1,0.953195319531953
0.69902789443168,0.985425879244426,4.67772891312064e-06,4,1,0.791179117911791
0.697103325502692,1.05238699794015,4.309126916624e-06,4,1,0.77947794779478
0.713058593135174,0.771719501782595,1.57420022469499e-06,4,1,0.849184918491849
0.695082359995773,0.861907219814361,1.86128244511512e-06,4,1,0.793479347934793
0.684346009497069,1.04962568524226,3.40094884154892e-06,4,1,0.746674667466747
0.698719097087946,0.978127802864687,4.11233366817741e-06,4,1,0.791179117911791
0.701608896906346,0.974904849124106,1.30443378117006e-06,4,1,0.798979897989799
0.711310268391317,0.87962120378277,1.86812048980539e-06,4,1,0.833783378337834
0.70703541586089,0.894212199013879,2.18354808818654e-06,4,1,0.821182118211821
0.696056279631998,1.06091507590357,2.4683870154051e-06,4,1,0.775877587758776
0.696455534332585,1.01512719043385,1.67794378567801e-06,4,1,0.781578157815782
0.700380540237837,0.963229343352872,3.9913345290161e-06,4,1,0.796979697969797
0.703804065597929,0.932749889538217,2.51519247416449e-06,4,1,0.808880888088809
0.744411887662243,0.373744741029472,1.88169689411617e-06,4,1,0.970597059705971
0.743299476340803,0.21476043054765,4.26017697390017e-06,4,1,0.983798379837984
0.695925765408214,0.948118017438247,1.58006349759468e-06,4,1,0.786978697869787
0.705647293866423,0.824102790610682,1.91427763621405e-06,4,1,0.824682468246825
0.736121411845402,0.415002377574123,1.9712787178849e-06,4,1,0.944994499449945
0.701970795098085,0.829426516044677,2.2172705175643e-06,4,1,0.814581458145815
0.696148668210094,0.967930405287367,2.3388556458932e-06,4,1,0.785478547854785
0.696958715008807,0.964460883078528,2.02875582979679e-06,4,1,0.787978797879788
0.69457177901019,0.968319992375732,3.51044655133806e-06,4,1,0.781378137813781
0.695829982883071,0.967676830628771,2.62851731408325e-06,4,1,0.784678467846785
0.697104861836107,0.990505671158467,1.97226780253621e-06,4,1,0.785678567856786
0.716229911592621,0.704910321474703,2.23132117506426e-06,4,1,0.864086408640864
0.703608214327928,0.819837671923028,2.40646734170437e-06,4,1,0.81978197819782
0.718230735204385,0.735357473632048,2.92082717357503e-06,4,1,0.866186618661866
0.689940925047493,1.07199120974066,1.60982068066359e-06,4,1,0.758875887588759
0.689535759095081,1.09411914056612,1.46460185848927e-06,4,1,0.755675567556756
0.688560673239351,1.10917647266899,1.37848983636564e-06,4,1,0.751575157515752
0.685768541848666,1.15791985293417,1.27578292602259e-06,4,1,0.739473947394739
0.719060757798885,0.70433896032485,3.19622309312157e-06,4,1,0.871487148714872
0.714541238744268,0.75289321607999,1.74001895610607e-06,4,1,0.854885488548855
0.722088372056047,0.699772351149809,2.13599610994565e-06,4,1,0.87978797879788
0.692543469616213,1.11425549469834,2.2495824876354e-06,4,1,0.761376137613761
0.692191769715883,1.14345406639632,1.76514548546565e-06,4,1,0.757575757575758
0.694111751972813,1.15543286253312,1.5442231305347e-06,4,1,0.761276127612761
0.713022151511655,0.796623101305501,1.53745229200965e-06,4,1,0.846584658465847
0.694875116514726,1.17214075458788,1.20064067223255e-06,4,1,0.761576157615762
0.748899780505401,0.319234879045596,3.87695525371349e-06,4,1,0.987698769876988
0.739818373334488,0.351223620326297,2.73026237706399e-06,4,1,0.960996099609961
0.730222914246353,0.492984152059608,2.26981876559357e-06,4,1,0.921792179217922
0.737568331216644,0.476155777626693,2.31630568080485e-06,4,1,0.942494249424943
0.742865625005315,0.315980106498866,2.3461932554652e-06,4,1,0.972397239723972
0.738715776815184,0.363757485080731,3.76839437030792e-06,4,1,0.956795679567957
0.68526388148402,1.48706055095771,1.4056408704851e-06,4,1,0.704870487048705
0.702677340432378,0.971533140040702,1.38522126568137e-06,4,1,0.802080208020802
0.701838258011673,1.0796630414291,1.46097870223092e-06,4,1,0.788978897889789
0.705712912844712,0.972300616926345,1.54908628883748e-06,4,1,0.80988098809881
0.70256548413685,0.934541962620062,1.66234190846194e-06,4,1,0.805480548054806
0.718354027188187,1.00176151446062,2.80972672621197e-06,4,1,0.83968396839684
0.701132947011918,1.30576640432034,1.64677743779401e-06,4,1,0.764376437643764
0.693083498933892,1.51213624958491,1.31661447190786e-06,4,1,0.722672267226723
0.689253198691138,1.66413500223955,1.39205104692896e-06,4,1,0.697369736973697
0.701931693053106,1.36130996020295,1.95893768155341e-06,4,1,0.760776077607761
0.705131835650361,1.16092110720642,1.42360786045184e-06,4,1,0.789378937893789
0.74445504559933,0.351617041966792,2.28920447342617e-06,4,1,0.972997299729973
0.743310552919911,0.296475921729582,4.06357104659511e-06,4,1,0.975497549754975
0.694266518443246,1.10542483855533,4.35858205543502e-06,4,1,0.766776677667767
0.693565792950373,1.10730385028286,4.84210783120739e-06,4,1,0.764776477647765
0.703473324254167,0.888137103619373,2.88968175740003e-06,4,1,0.812581258125813
0.701752124492781,0.923493290988083,2.38297469984544e-06,4,1,0.804480448044804
0.720641276687359,0.594540512637599,2.71089759267474e-06,4,1,0.886688668866887
0.734893618497719,0.436517570587373,1.93409143501773e-06,4,1,0.93959395939594
0.723444917052959,0.562818925299212,2.76823284593442e-06,4,1,0.897189718971897
0.696228968871051,1.09026033345195,3.21853412657148e-06,4,1,0.773377337733773
0.727350586510956,0.582456114412421,1.81878188972514e-06,4,1,0.905290529052905
0.771353155670491,0.385679325936267,9.74522383344262e-07,4,1,1
0.727891757687759,0.593888106815853,3.2629548939152e-06,4,1,0.905590559055906
0.726226358443283,0.672491462893412,2.31201830365831e-06,4,1,0.893289328932893
0.726447041239872,0.612501259638485,2.41329586568551e-06,4,1,0.8998899889989
0.710559613212926,0.798350952134467,1.84287111256886e-06,4,1,0.83998399839984
0.705457475944887,0.857989650879682,2.15687630793684e-06,4,1,0.820782078207821
0.703274650915496,0.858463869082109,2.22532832594129e-06,4,1,0.815081508150815
0.706296965075245,0.93192060157828,2.09636452135863e-06,4,1,0.815481548154815
0.705810967840384,0.897280707212148,1.33960813965911e-06,4,1,0.817681768176818
0.707601733251349,0.863277943821063,2.29872390003364e-06,4,1,0.825782578257826
0.710575037338986,0.889709143654928,1.81294815829903e-06,4,1,0.830783078307831
0.69102946258261,1.12649393239751,1.96032078358146e-06,4,1,0.756275627562756
0.719034938951294,0.727079416374735,2.12900731612437e-06,4,1,0.869186918691869
0.714539237335145,0.806752392489197,2.45161838268436e-06,4,1,0.849484948494849
0.718367230184851,0.736768364125226,2.12363962186606e-06,4,1,0.866486648664866
0.72055058058035,0.713322501746059,2.10098543587573e-06,4,1,0.874487448744874
0.708818395234308,0.918366058931797,2.89329280566185e-06,4,1,0.823382338233823
0.723448672818173,0.545425147571505,2.31349775706169e-06,4,1,0.898889888988899
0.7229622516011,0.54951866407759,2.56313494862966e-06,4,1,0.897289728972897
0.693711696774,1.08777872555471,3.1513764997325e-06,4,1,0.767076707670767
0.708592964396417,0.796835130429098,3.08698040740348e-06,4,1,0.835083508350835
0.708401413444553,0.793479109790565,2.85892995522238e-06,4,1,0.834883488348835
0.692682821629089,1.11698671516116,2.09190494595478e-06,4,1,0.761476147614761
0.695239355595392,1.07519405795359,2.96773821198788e-06,4,1,0.772377237723772
0.704375663254263,0.982246750682435,2.47364722624415e-06,4,1,0.805380538053805
0.711140038834182,0.851783202087364,3.64768559675404e-06,4,1,0.836083608360836
0.698197697695159,1.05793030362781,2.58544207740145e-06,4,1,0.781778177817782
0.707245999198086,0.917245632557796,2.07614778107429e-06,4,1,0.819381938193819
0.704228858024287,0.981285165831721,2.86069347832885e-06,4,1,0.805080508050805
0.704574743279715,0.985889666884627,3.02896631328741e-06,4,1,0.805580558055806
0.70937528978392,0.882031218891893,2.84169912794646e-06,4,1,0.828482848284828
0.70978367284161,0.886812491853957,3.00249012518842e-06,4,1,0.829082908290829
0.703440093231971,1.00582943229416,2.99903898359266e-06,4,1,0.800580058005801
0.702490858345882,0.957161703286124,1.91945108206765e-06,4,1,0.803080308030803
0.708911406868394,0.879153673771241,3.40024294822541e-06,4,1,0.827582758275828
0.707097278543368,0.913876661464807,2.8494793796838e-06,4,1,0.819381938193819
0.709576274007122,0.866417409556523,2.17145397300882e-06,4,1,0.830583058305831
0.703746209483378,0.893876571383881,2.01108001956108e-06,4,1,0.812681268126813
0.710238167988406,0.883291212461807,3.73268381633016e-06,4,1,0.830583058305831
0.710546389555333,0.867569722807418,3.38679288521839e-06,4,1,0.832983298329833
0.708679173894353,0.903878446384905,1.59789530196075e-06,4,1,0.824482448244825
0.710845885141782,0.844174315341513,3.79416855813826e-06,4,1,0.836083608360836
0.70982632204766,0.814771986721486,3.34515320078426e-06,4,1,0.836383638363836
0.712739571616195,0.82674283242414,3.60023184377916e-06,4,1,0.842784278427843
0.714688109948036,0.772583359699614,3.70928569321433e-06,4,1,0.853285328532853
0.715092887378137,0.755817687169103,3.96088472101943e-06,4,1,0.855985598559856
0.718627147817743,0.682807642836067,2.73958714855238e-06,4,1,0.872587258725873
0.719074465815953,0.667789690404213,4.24119619548809e-06,4,1,0.875287528752875
0.714537410645991,0.77107370002436,4.15203735354552e-06,4,1,0.853085308530853
0.717878986084491,0.702832271928413,4.72428159705044e-06,4,1,0.868586858685869
0.711006697502122,0.836653881272718,3.19470033078753e-06,4,1,0.837283728372837
0.714552410505075,0.702149919257703,1.72052109877269e-06,4,1,0.86008600860086
0.707444625039884,0.812826299731697,1.77396039831403e-06,4,1,0.83048304830483
0.706156196511255,0.772843247080973,3.63115837491882e-06,4,1,0.831183118311831
0.707107635272264,0.824800820204809,3.79602983193144e-06,4,1,0.828382838283828
0.70667250463646,0.818933837841306,3.66217631884547e-06,4,1,0.827782778277828
0.725429713298202,0.631016510611776,1.8199337787472e-06,4,1,0.895389538953895
0.692239973570206,0.938941276613831,3.77417622673744e-06,4,1,0.778277827782778
0.69430497318884,0.926700048307478,3.43536970245795e-06,4,1,0.784878487848785
0.693684589882298,0.948433554091698,2.30370184639924e-06,4,1,0.781078107810781
0.696954119557173,0.873573126913029,3.17185741183641e-06,4,1,0.797079707970797
0.701793481956178,0.92019871076094,5.3202034315155e-06,4,1,0.804980498049805
0.701653082814525,0.907399496238619,4.31719904217777e-06,4,1,0.805880588058806
0.706338715682227,0.836991968837471,4.58790604386776e-06,4,1,0.825182518251825
0.713246758234417,0.785449446839198,3.27886939898834e-06,4,1,0.848284828482848
0.706332582181486,0.82488935759631,3.72579756888576e-06,4,1,0.826382638263826
0.701099600328323,0.906871528225819,3.00385176733973e-06,4,1,0.804480448044804
0.698321268084521,0.959938282690728,5.30617538551325e-06,4,1,0.791979197919792
0.696700440559392,0.977700725422702,4.98005625207521e-06,4,1,0.785978597859786
0.710805953305773,0.787211678049536,3.21283887974172e-06,4,1,0.841784178417842
0.709590392050609,0.835798407134888,5.03860386022568e-06,4,1,0.833683368336834
0.711762166271943,0.715512431149348,2.67912392665643e-06,4,1,0.851485148514851
0.697616826487204,0.960364465244287,5.15757266773644e-06,4,1,0.79007900790079
0.702896181216184,0.874343474475255,4.79798491911462e-06,4,1,0.812481248124812
0.695374799417936,0.9372558210652,2.15582378636062e-06,4,1,0.786578657865787
0.692553003252928,0.986434268065483,3.30452209179644e-06,4,1,0.774277427742774
0.689539821748419,1.01469432182623,5.66839606262397e-06,4,1,0.763676367636764
0.690251892303623,0.978440087443821,2.84412259259251e-06,4,1,0.769176917691769
0.690628841066859,1.00681261649222,3.93037149707235e-06,4,1,0.767276727672767
0.694238974698654,1.02090354369811,5.43707714092015e-06,4,1,0.775177517751775
0.69935010280729,0.908974949406209,2.55386708464632e-06,4,1,0.7997799779978
0.690349580163279,0.994195737418985,5.00940463456662e-06,4,1,0.767776777677768
0.693850985577882,0.965647871474988,2.74684855475808e-06,4,1,0.77977797779778
0.70143273919848,0.863799246305812,3.10295677109289e-06,4,1,0.80968096809681
0.709082683564646,0.785800728462564,3.6375621926586e-06,4,1,0.837383738373837
0.704995302328089,0.772800053212185,3.13657512920173e-06,4,1,0.828182818281828
0.702853654737079,0.807471542015074,2.96202354370432e-06,4,1,0.819081908190819
0.703597844818573,0.862610057923587,2.93734349780213e-06,4,1,0.815481548154815
0.703518353564747,0.858764500128653,2.51612124781796e-06,4,1,0.815681568156816
0.70837132630223,0.911287676200533,1.71374346542424e-06,4,1,0.822882288228823
0.704025444093855,0.74566522169116,3.003362575117e-06,4,1,0.828382838283828
0.701763516029175,0.892252112145476,4.28934267167937e-06,4,1,0.807680768076808
0.703185723893165,0.875675770475378,1.95192314019046e-06,4,1,0.813081308130813
0.704677023973441,0.836076818091827,2.2500593348684e-06,4,1,0.820882088208821
0.704134519295589,0.862291582244004,2.96704315658659e-06,4,1,0.816881688168817
0.704438832531621,0.857853244502316,2.81225189418201e-06,4,1,0.818081808180818
0.70418087561464,0.850546612709496,2.62450024868672e-06,4,1,0.818181818181818
0.704696819444135,0.84187676079666,2.80717233925588e-06,4,1,0.82038203820382
0.705010314274193,0.832002769171624,2.42358114545103e-06,4,1,0.822182218221822
0.705361908187194,0.840566795404351,3.03641417971663e-06,4,1,0.822282228222822
0.705176744736537,0.843049686791718,2.55524360780221e-06,4,1,0.821482148214821
0.705385425814889,0.83361843054509,2.52787207321793e-06,4,1,0.822982298229823
0.705613168859049,0.834235787171218,2.41388777022092e-06,4,1,0.823582358235824
0.704869573721989,0.834114448376878,2.62162568023051e-06,4,1,0.821582158215822
0.705862185394125,0.835421688012618,2.51633562297193e-06,4,1,0.824082408240824
0.705985522692093,0.828229284620823,2.6143995588593e-06,4,1,0.825082508250825
0.706740135115039,0.824586125038309,3.03166332382527e-06,4,1,0.827482748274827
0.706332265351701,0.829048299305897,2.72149276196724e-06,4,1,0.825882588258826
0.705210841106323,0.834252833355923,2.1024431993637e-06,4,1,0.822482248224823
0.716926853258675,0.645431496992069,1.90426706007752e-06,4,1,0.871887188718872
0.748334419835926,0.29186197348102,3.3274978145074e-06,1,1,0.988998899889989
0.739870353537029,0.331465226634433,2.90692065982927e-06,1,1,0.963096309630963
0.684510932866219,1.24331902000828,2.35172905478675e-06,1,1,0.727572757275728
0.687917960195762,1.18593423676344,2.91085051361341e-06,1,1,0.742174217421742
0.684192800641993,1.27878101137798,4.02876466334558e-06,1,1,0.723172317231723
0.689596073613123,1.17397570864067,2.48682416605002e-06,1,1,0.747774777477748
0.684074336121306,1.29454870500451,2.23052354750861e-06,1,1,0.721272127212721
0.685555158819781,1.10580325949351,3.94932250277166e-06,1,1,0.744174417441744
0.688214839354622,1.15955711318137,3.48054315688605e-06,1,1,0.745574557455746
0.683899725731064,1.2475456161853,4.67870889502343e-06,1,1,0.725572557255726
0.68594755914727,1.17348629163959,3.8453173171311e-06,1,1,0.738273827382738
0.683983927409127,1.21190035019232,4.7424659296551e-06,1,1,0.729372937293729
0.729722549112787,0.474259792889802,2.76497186022474e-06,1,1,0.922392239223922
0.721491486931165,0.597712633687485,2.83269019846692e-06,1,1,0.888588858885889
0.727410603685532,0.476563439198724,2.36941637117321e-06,1,1,0.916191619161916
0.68958145364533,1.08701395942307,2.40954772554051e-06,1,1,0.756475647564756
0.69116917490128,1.00805769575578,3.56966329946458e-06,1,1,0.768576857685769
0.704202589242909,0.891633723795177,3.5042372080308e-06,1,1,0.814081408140814
0.713024308249094,0.573300499634142,2.44884107302773e-06,1,1,0.869086908690869
0.707024160700953,0.600396422772347,2.64012369122202e-06,1,1,0.850785078507851
0.711940725109608,0.570392479456087,2.84738975261231e-06,1,1,0.866586658665867
0.709372040564939,0.599375970574108,2.43245016499781e-06,1,1,0.856985698569857
0.711813831692708,0.552393910639478,2.28392516462602e-06,1,1,0.868086808680868
0.709248566483531,0.599325258292895,2.34085374621572e-06,1,1,0.856685668566857
0.763180915837139,0.135065370018201,1.95437999805043e-06,1,1,1
0.745714970948811,0.409587842047481,1.76992778789882e-06,1,1,0.97039703970397
0.742534455243251,0.460123345909005,2.18032419537625e-06,1,1,0.956995699569957
0.74210977182104,0.495177366018312,2.11565602955701e-06,1,1,0.952395239523952
0.727201266836366,0.484120281537005,2.20972082960512e-06,1,1,0.914891489148915
0.738974005064155,0.427100196061255,2.33964338989177e-06,1,1,0.951095109510951
0.727256928298094,0.539206791365681,2.25252811901665e-06,1,1,0.909390939093909
0.734519349353253,0.527989018248569,2.4161512772091e-06,1,1,0.929392939293929
0.732867282772661,0.550854438068723,2.28145771192706e-06,1,1,0.922792279227923
0.736776771297353,0.531619553397932,2.22441279600248e-06,1,1,0.934893489348935
0.727750745048502,0.549385126092001,2.1523413758181e-06,1,1,0.90969096909691
0.74194214977114,0.478416748386527,2.18436566232272e-06,1,1,0.953595359535954
0.737539016767731,0.472492624173276,3.03865194730168e-06,1,1,0.942794279427943
0.739204865471205,0.431213565888873,3.01881745105042e-06,1,1,0.951295129512951
0.741984852608591,0.427807070990004,2.63834949002559e-06,1,1,0.958895889588959
0.738775911893618,0.481320086964073,2.85850506619777e-06,1,1,0.945094509450945
0.738008622205884,0.473058287949643,2.61208984983178e-06,1,1,0.943994399439944
0.73736398044558,0.457934615128049,2.75727207311092e-06,1,1,0.943794379437944
0.750161037233429,0.419587716830398,2.18597196391738e-06,1,1,0.980898089808981
0.744925462072871,0.402721846671226,2.58918586523713e-06,1,1,0.968996899689969
0.741080058175673,0.408958314042968,2.82847811584459e-06,1,1,0.958395839583958
0.74721321837622,0.467440051963789,2.0975637665072e-06,1,1,0.968396839683968
0.746185421354577,0.386485849534793,2.70028134046928e-06,1,1,0.973897389738974
0.744059575995344,0.444742557378696,1.61735266344213e-06,1,1,0.962496249624962
0.72797200769608,0.50153182253264,2.71684335147422e-06,1,1,0.915091509150915
0.73762804062985,0.361569537529209,4.54435699532986e-06,1,1,0.954195419541954
0.691387472420382,1.08806460104619,1.80506962129887e-06,1,1,0.761076107610761
0.719219006854497,0.538082254219891,1.8930217937185e-06,1,1,0.888688868886889
0.775692133553251,0.249335016030011,1.43266367817728e-06,1,1,1
0.748158351636661,0.315986900725632,2.03935263963351e-06,1,1,0.986098609860986
0.758172319006345,0.2758400686611,2.76015407986749e-06,1,1,1
0.747362517553642,0.222640365384691,1.2219962880261e-06,1,1,0.993499349934993
0.772158797973398,0.156990804600218,2.21117961691394e-06,1,1,1
0.680044329080346,1.430718606447,1.55995521979447e-06,1,1,0.697069706970697
0.685935032322169,1.16317302378996,3.96071038745428e-06,1,1,0.739373937393739
0.69110976401268,1.06752421571966,3.30581592208649e-06,1,1,0.762376237623762
0.776117084745607,0.233921075352219,2.03911335980168e-06,1,1,1
0.757795413123006,0.271637264812696,2.52161083805736e-06,1,1,1
0.696923328087954,0.985265952356264,3.20904212008159e-06,1,1,0.785778577857786
0.736110282685321,0.445697047926475,1.76026223260476e-06,1,1,0.941794179417942
0.763747061041011,0.209770855979154,1.4794642311931e-06,1,1,1
0.74261365407602,0.353591948383821,3.46437548018013e-06,1,1,0.967996799679968
0.676535460434836,1.46952424220267,3.65027256171025e-06,1,1,0.684068406840684
0.679994047014125,1.38698524130571,2.6279686942571e-06,1,1,0.701370137013701
0.679493583975275,1.39331606695191,3.2687286541948e-06,1,1,0.699369936993699
0.680020758658363,1.39022599594428,2.93137332950816e-06,1,1,0.701070107010701
0.681718770220908,1.36410238562265,3.68636242884323e-06,1,1,0.708170817081708
0.679593372430349,1.41210311672079,2.37427607882853e-06,1,1,0.697769776977698
0.683524332044634,1.15860245308518,4.45920862043251e-06,1,1,0.733573357335734
0.698908165332794,0.622601231390111,2.51040139414249e-06,1,1,0.827482748274827
0.683292042797018,1.26016607669436,1.97222547704468e-06,1,1,0.722672267226723
0.678048241869112,1.33453916679228,3.12468651924008e-06,1,1,0.701570157015702
0.723105444546708,0.643934626415532,2.2785000636735e-06,1,1,0.888088808880888
0.720793288645919,0.653108735849958,3.12327011847036e-06,1,1,0.881188118811881
0.716265590853288,0.691577195852694,1.64293735438956e-06,1,1,0.865586558655866
0.714765417051013,0.711442408667666,3.42583989192193e-06,1,1,0.85968596859686
0.679591393568099,1.34480148620099,2.68727882939539e-06,1,1,0.704570457045705
0.681196860613524,1.36647255996261,4.05501931333775e-06,1,1,0.706570657065707
0.754724519360073,0.347122312883276,1.32626622317453e-06,1,1,1
0.710174588369679,0.624784516933913,2.74824893156569e-06,1,1,0.856485648564857
0.708871681258854,0.628186108862197,3.07929424295967e-06,1,1,0.852785278527853
0.707709008244463,0.649781873050579,3.53413371784491e-06,1,1,0.847584758475848
0.709929519129391,0.60941944937243,2.86518142428805e-06,1,1,0.857385738573857
0.70547996462348,0.66526377391189,2.48010856851099e-06,1,1,0.84028402840284
0.704586802766405,0.68625450739842,2.24498885132408e-06,1,1,0.835783578357836
0.761199496481232,0.285818400248306,2.33233290186344e-06,1,1,1
0.693602189395979,0.951727084344119,3.24927820255415e-06,1,1,0.780578057805781
0.734013292784063,0.423958317857078,1.60433654136009e-06,1,1,0.938593859385939
0.769925410680509,0.232944927655557,2.51830986649629e-06,1,1,1
0.759755373155493,0.275057092773708,1.8758926219439e-06,1,1,1
0.776910426899457,0.236972838029403,1.96752567953654e-06,1,1,1
0.745972692428,0.398619089806485,1.55050876809857e-06,1,1,0.972097209720972
0.742077363522695,0.344284332712767,2.05889646831917e-06,1,1,0.967496749674967
0.740140564177032,0.312604387796454,4.27545108557737e-06,1,1,0.965696569656966
0.734236748163808,0.432037955364655,5.2203044987395e-06,1,1,0.938293829382938
0.705443883523307,0.768126257728485,1.90989101360983e-06,1,1,0.82978297829783
0.694626966757381,0.91853241197359,1.95938768082045e-06,1,1,0.786578657865787
0.712107786297954,0.696257694579039,2.99234834999398e-06,1,1,0.854285428542854
0.713856710867989,0.648219911862993,2.64143429099332e-06,1,1,0.863686368636864
0.705791082767046,0.640026348450574,2.57093138882175e-06,1,1,0.843584358435844
0.705862252223134,0.662721302327214,2.50903597429095e-06,1,1,0.841484148414842
0.705325261575813,0.66374810303716,2.55429296748514e-06,1,1,0.83998399839984
0.710055521604769,0.668360020603312,2.38765885995922e-06,1,1,0.851785178517852
0.712886467391427,0.626515492514531,3.06780333920155e-06,1,1,0.863386338633863
0.711656671844741,0.655357407145934,2.57291606431605e-06,1,1,0.857285728572857
0.719060558522555,0.549099378769383,2.57533109303106e-06,1,1,0.887188718871887
0.719939162576062,0.587669189869937,2.75571437746753e-06,1,1,0.885588558855886
0.715142724894,0.579352288494132,2.9100818077331e-06,1,1,0.873987398739874
0.718836144246262,0.587546729783225,2.92763091241749e-06,1,1,0.882688268826883
0.717477392010771,0.571760841759087,2.44160822152465e-06,1,1,0.880788078807881
0.722416588385833,0.527361230075127,2.49743551605986e-06,1,1,0.898089808980898
0.720938312047724,0.5204012190562,3.17125832386758e-06,1,1,0.894989498949895
0.719467908393853,0.609775720934037,2.47417942065565e-06,1,1,0.882088208820882
0.680544324436991,1.21599040331012,4.92385381373762e-06,1,1,0.72007200720072
0.768727574318984,0.249489642217857,2.02153955186947e-06,1,1,1
0.746227102099425,0.605618022377166,1.61332543961934e-06,1,1,0.951895189518952
0.751436749863461,0.532100668726843,2.21701951157296e-06,1,1,0.972797279727973
0.752765169897357,0.512359479064923,2.14397844310297e-06,1,1,0.978297829782978
0.75351381324883,0.516049051002294,2.14064241153324e-06,1,1,0.97979797979798
0.753377369853522,0.508515131499539,2.0273929348941e-06,1,1,0.98029802980298
0.753141022719733,0.531075893432654,1.98631456597472e-06,1,1,0.977397739773977
0.752679813568826,0.523081661621065,1.9297564532815e-06,1,1,0.976997699769977
0.684806448819181,1.1889970296907,3.62170273872442e-06,1,1,0.733773377337734
0.684355772933281,1.19028963346048,3.30092401988305e-06,1,1,0.732473247324733
0.684369143927443,1.19052842329267,3.10855588118014e-06,1,1,0.732473247324733
0.684252066220427,1.18602170081773,2.98656408199902e-06,1,1,0.732673267326733
0.738380681943534,0.364723969218055,3.48300994988816e-06,1,1,0.955895589558956
0.736827536034674,0.352040680749715,4.76138299051008e-06,1,1,0.953095309530953
0.700310406885492,0.736768997729643,4.05476224934324e-06,1,1,0.81958195819582
0.699042408319008,0.811620003561596,3.09701500444802e-06,1,1,0.808780878087809
0.689066335321111,1.02197310545922,1.91510520385633e-06,1,1,0.761676167616762
0.686968379413965,1.0553215458957,4.32734672036268e-06,1,1,0.752875287528753
0.687360761383646,1.17834318722487,3.50355586903561e-06,1,1,0.741474147414741
0.688947569376799,0.964907105621789,2.35082084675941e-06,1,1,0.767176717671767
0.693470170391039,0.854473309186297,1.92453397614817e-06,1,1,0.78997899789979
0.688942422289968,0.869506728351149,2.5270385403338e-06,1,1,0.776777677767777
0.686740232306944,1.04101312748337,3.91470916595121e-06,1,1,0.753775377537754
0.691390095327635,1.0272095997462,2.3469844634293e-06,1,1,0.767176717671767
0.699145189010047,0.791865582365121,3.44147939711937e-06,1,1,0.811081108110811
0.69484767991276,0.959939062767588,3.19294274195432e-06,1,1,0.782978297829783
0.693349797963099,0.626646295336798,3.32504878201027e-06,1,1,0.812681268126813
0.698282495869418,0.567989205197991,5.28128478293295e-06,1,1,0.831383138313831
0.69632977414735,0.599097634055701,4.05485698479226e-06,1,1,0.823182318231823
0.697997101841492,0.580831951231885,4.44211718740952e-06,1,1,0.829382938293829
0.698741811274978,0.831964703245592,3.09375487141975e-06,1,1,0.805980598059806
0.694511957831854,0.74620372866672,2.30216028491965e-06,1,1,0.803680368036804
0.685035304370853,1.26048433980932,3.5820629147026e-06,1,1,0.727172717271727
0.684482651355207,1.2743384442393,3.8431824088795e-06,1,1,0.724372437243724
0.697113359202814,0.558960481140892,2.34339316472476e-06,1,1,0.829282928292829
0.693917065041659,0.806387517930281,4.19613009085987e-06,1,1,0.795979597959796
0.694277090628935,0.790049530445921,3.6632747693544e-06,1,1,0.798579857985799
0.693883140497289,0.792539812673054,3.42047029908901e-06,1,1,0.797379737973797
0.693708680326168,0.785410303345165,3.41897085343071e-06,1,1,0.797579757975798
0.693799005198613,0.745060859836711,3.3010325631199e-06,1,1,0.801880188018802
0.693375948830308,0.812652636543315,3.4928455167121e-06,1,1,0.793979397939794
0.69501572588512,0.650471830862191,3.07471266583592e-06,1,1,0.814581458145815
0.696828205485877,0.792072029981458,2.27365204353708e-06,1,1,0.804980498049805
0.693934435459099,0.677212975044743,2.39652757543491e-06,1,1,0.809080908090809
0.689900801291142,1.10787069607995,2.72890566919082e-06,1,1,0.755175517551755
0.694558838866355,1.0161398215158,3.73057825560663e-06,1,1,0.776477647764776
0.691915936737127,1.11384728105385,2.73171336709241e-06,1,1,0.75977597759776
0.695631022100249,1.01879126932068,3.92099945008396e-06,1,1,0.779077907790779
0.692260594862501,1.02197719914175,4.0476403839115e-06,1,1,0.76997699769977
0.695653575504823,0.950878501347221,3.98741981733536e-06,1,1,0.785978597859786
0.694354870093143,0.495378134556501,2.59562168771393e-06,1,1,0.828582858285829
0.697790353164443,0.518392647579009,3.74147676051273e-06,1,1,0.835083508350835
0.695373805617572,0.72635296663079,3.71584367037439e-06,1,1,0.807880788078808
0.6982607654117,0.760344203533392,3.26328509114165e-06,1,1,0.811981198119812
0.69704789773233,0.790991141393328,4.13182633341348e-06,1,1,0.805680568056806
0.696127581212991,0.722452955784394,4.01009270615924e-06,1,1,0.81018101810181
0.696183832706264,0.76318701375725,3.38819106795e-06,1,1,0.806280628062806
0.697230010622481,0.691419480460048,3.14486615462725e-06,1,1,0.816181618161816
0.693816802612256,0.840484165408182,2.13666275282748e-06,1,1,0.792279227922792
0.694359658058045,0.684326039188285,3.97901215326233e-06,1,1,0.80948094809481
0.689452733098781,0.930301524267735,2.11432876279908e-06,1,1,0.771977197719772
0.694256591922995,0.791569936442748,3.89284815524444e-06,1,1,0.798379837983798
0.689410214656418,1.09123854757919,4.31439325968079e-06,1,1,0.755575557555756
0.69323746003972,1.04716795221469,3.60418474550252e-06,1,1,0.76997699769977
0.694836066767494,0.927832116655913,5.44692927242222e-06,1,1,0.786178617861786
0.716818647122535,0.640659723099229,2.70524945899367e-06,1,1,0.872087208720872
0.747601415401524,0.267938454239529,4.26300971357031e-06,1,1,0.98959895989599
0.70885894041899,0.722407886868373,3.44353433057817e-06,1,1,0.843284328432843
0.708424632402595,0.591577670523812,2.7430387044095e-06,1,1,0.855285528552855
0.703143733100674,0.774146328366786,6.45141343551032e-06,1,1,0.823182318231823
0.703909876118664,0.759544834022773,6.26819028661552e-06,1,1,0.826682668266827
0.708562274732964,0.663619758575197,5.31350548830979e-06,1,1,0.848384838483848
0.709944783721325,0.717408534956122,2.99679871360646e-06,1,1,0.846584658465847
0.705653310275481,0.563254248936657,2.57261889688596e-06,1,1,0.850985098509851
0.700816344603612,0.804165766936479,5.134696505951e-06,1,1,0.814181418141814
0.707937385883863,0.757799900213428,3.47432537278326e-06,1,1,0.837283728372837
0.69718110864128,0.928927125287452,4.7540013123752e-06,1,1,0.792079207920792
0.689813034913959,0.687055013355279,1.39051699895429e-06,1,1,0.797379737973797
0.719450355454177,0.557413498682952,1.97911108193545e-06,1,1,0.887388738873887
0.69788414518015,0.904085019320953,2.04403970004283e-06,1,1,0.796479647964797
0.701225417232819,0.885485411750599,4.15536185184062e-06,1,1,0.806980698069807
0.700205886271117,0.877010013601375,2.2170203419545e-06,1,1,0.805180518051805
0.732592870216917,0.464104177683771,2.44736874888725e-06,1,1,0.930793079307931
0.71091986711889,0.671503788749044,3.36622378051333e-06,1,1,0.853685368536854
0.708075495059298,0.769600091212676,3.0296490222221e-06,1,1,0.836483648364836
0.709651358183176,0.698358703780484,2.05794257235147e-06,1,1,0.847684768476848
0.710219974681368,0.689511030071862,2.51608031518765e-06,1,1,0.85008500850085
0.709207687024247,0.712051031267839,2.81494403709055e-06,1,1,0.845184518451845
0.709533065527255,0.686381318435755,2.72253500533841e-06,1,1,0.848584858485849
0.712615243744331,0.666167677365841,2.94511584364173e-06,1,1,0.858685868586859
0.712103141475611,0.682102809547676,2.82668260200077e-06,1,1,0.855685568556856
0.709047206384135,0.699419128475523,2.54896950663548e-06,1,1,0.846084608460846
0.714039416131723,0.62697620560091,2.55615188311858e-06,1,1,0.866286628662866
0.710552214030112,0.681918752335048,2.79777994147728e-06,1,1,0.851685168516852
0.712295264335812,0.641898597877449,2.98812714376355e-06,1,1,0.86028602860286
0.710562896748861,0.675791970555056,3.16099231468793e-06,1,1,0.852385238523852
0.706964031622092,0.724601546475967,3.10685727088148e-06,1,1,0.838083808380838
0.725107148444379,0.578614136159898,2.48697786247096e-06,1,1,0.8998899889989
0.708336488660509,0.704385566190716,3.04593970313521e-06,1,1,0.843684368436844
0.710869501865318,0.683072808980784,2.08145719242482e-06,1,1,0.852385238523852
0.708964203702474,0.692035215484077,2.251488963531e-06,1,1,0.846584658465847
0.709749997979844,0.701863588659653,2.54705925286305e-06,1,1,0.847584758475848
0.707756488679967,0.749341275997083,2.61461515747708e-06,1,1,0.837683768376838
0.709884659394826,0.700284409975791,2.51997531163207e-06,1,1,0.848084808480848
0.70724787301841,0.723716607655144,2.74024786390165e-06,1,1,0.838883888388839
0.708257506251432,0.752184983322426,3.31833690966991e-06,1,1,0.838683868386839
0.710773911902203,0.695335179507227,2.72652911442147e-06,1,1,0.850985098509851
0.70902679462864,0.704103896427581,2.60967549300861e-06,1,1,0.845484548454845
0.712182609676363,0.678716485696184,1.88662264225404e-06,1,1,0.856285628562856
0.710334331968278,0.700118317403641,2.34491740506654e-06,1,1,0.849284928492849
0.711934190108896,0.666246183293659,2.28920540942433e-06,1,1,0.856885688568857
0.711198073602665,0.659225353965462,1.83585975223353e-06,1,1,0.855685568556856
0.712308625330418,0.655984638305314,2.75682658930222e-06,1,1,0.858885888588859
0.712531145222849,0.637153586217357,2.588482240713e-06,1,1,0.861386138613861
0.715502782472002,0.616118743379329,2.66176161790495e-06,1,1,0.871187118711871
0.710690680528621,0.668269967202302,2.54555154584134e-06,1,1,0.853485348534853
0.70932163425262,0.7055843163797,2.59808706671794e-06,1,1,0.846184618461846
0.712402910806203,0.670643607039197,2.38014484958205e-06,1,1,0.857685768576858
0.713755031432431,0.652298253341197,2.34818870853669e-06,1,1,0.862986298629863
0.710756526606114,0.67429599458608,2.23345916004511e-06,1,1,0.852985298529853
0.694578067354983,0.974186193759718,3.85586587148507e-06,1,1,0.780778077807781
0.707837167346466,0.729698261026883,2.29897735138193e-06,1,1,0.83988398839884
0.716463006378059,0.603978647126579,1.85467649661937e-06,1,1,0.874887488748875
0.710795943106212,0.709411572329591,2.41438329092413e-06,1,1,0.84958495849585
0.709894259032077,0.743073680751812,2.34269971482928e-06,1,1,0.843884388438844
0.709648980381569,0.708449095720885,2.34322959567064e-06,1,1,0.846684668466847
0.720641164938089,0.542544969019482,2.25426486750876e-06,1,1,0.891889188918892
0.70972525489391,0.738837934083198,2.29243067666001e-06,1,1,0.843784378437844
0.702639305314041,0.704107093733033,3.99513354504888e-06,1,1,0.828982898289829
0.740773137130473,0.380340593196397,8.54204872423447e-07,1,1,0.96049604960496
0.706899613586328,0.720771485660484,3.17646130505863e-06,1,1,0.838283828382838
0.698485203613248,0.772404754523022,1.58160117489493e-06,1,1,0.811281128112811
0.699876696137786,0.747291732128206,3.00040922232232e-06,1,1,0.817481748174817
0.701451336167218,0.738787544956808,1.89195155636005e-06,1,1,0.822382238223822
0.748736758876793,0.171987253789854,2.47061389370381e-06,1,1,1
0.747543541977693,0.172622274005921,2.87525877256391e-06,1,1,0.998999899989999
0.698391300529847,0.821421993991126,4.54057329321729e-06,1,1,0.806080608060806
0.697846372629543,0.825890170934045,3.62904771107978e-06,1,1,0.804280428042804
0.743816762635677,0.428419172424131,1.87147677654492e-06,1,1,0.963496349634963
0.706075339245696,0.675166896562398,2.03169547619789e-06,1,1,0.840784078407841
0.702888611600748,0.795437414244767,3.66335027220971e-06,1,1,0.82038203820382
0.70156396007848,0.802372849435296,4.4351616361507e-06,1,1,0.816281628162816
0.703448290876835,0.693145193169386,2.23010221740728e-06,1,1,0.832183218321832
0.704130091672903,0.713994881300597,3.76265798197505e-06,1,1,0.831783178317832
0.762624032569745,0.305774049877361,1.58259447777646e-06,1,1,1
0.700841757662762,0.735413220689196,5.96172109481474e-06,1,1,0.821182118211821
0.700020226401081,0.752111914513897,4.89653182219335e-06,1,1,0.817281728172817
0.711799140915083,0.643487414789248,3.36803034906943e-06,1,1,0.858785878587859
0.71354718375824,0.631586177889144,3.50378960210099e-06,1,1,0.864586458645865
0.697511742150974,0.787597239571796,2.57575412293718e-06,1,1,0.807280728072807
0.69375456982076,0.814127548803317,2.48186237383389e-06,1,1,0.794779477947795
0.693791502188143,0.805019941015909,2.47757793399347e-06,1,1,0.795879587958796
0.694386900175156,0.801018051386693,2.10638242426605e-06,1,1,0.797779777977798
0.695030384217997,0.790647342131019,2.22874383234673e-06,1,1,0.8004800480048
0.695259921739204,0.7830135412388,2.24361802244701e-06,1,1,0.801880188018802
0.695922199073617,0.801619362187437,2.24343718565584e-06,1,1,0.801680168016802
0.696635482535379,0.778952351240032,2.13683604839893e-06,1,1,0.805880588058806
0.70572294185898,0.612031868180489,3.50600930067437e-06,1,1,0.846284628462846
0.706752531839955,0.584115357334756,4.33084070285552e-06,1,1,0.851685168516852
0.705942633116949,0.628771065531079,3.42143970208679e-06,1,1,0.845084508450845
0.705660562759844,0.641496886990333,3.48299011030739e-06,1,1,0.843084308430843
0.705573266071678,0.640006949010326,3.68456501835524e-06,1,1,0.843084308430843
0.705375176116408,0.638681159186117,3.52624846103096e-06,1,1,0.842684268426843
0.705857826862902,0.638024366673158,3.73381429993895e-06,1,1,0.843984398439844
0.705629544169304,0.647842584553758,3.51393840674233e-06,1,1,0.842384238423842
0.705604943881389,0.652423370304643,3.86337874784688e-06,1,1,0.841884188418842
0.706125852489714,0.646950388318464,4.3066033052662e-06,1,1,0.843784378437844
0.706187143672665,0.633703760231526,3.99006265860507e-06,1,1,0.845284528452845
0.705419520250217,0.658002995518834,3.51746437025451e-06,1,1,0.840784078407841
0.704932505925292,0.671448184864824,3.60050101398611e-06,1,1,0.838183818381838
0.705697873154189,0.652091439286881,3.93848051150201e-06,1,1,0.842184218421842
0.706053657324919,0.655421209934315,3.92399222321939e-06,1,1,0.842684268426843
0.706173035071778,0.658682746486118,4.12327193122857e-06,1,1,0.842684268426843
0.706108832220439,0.673686393635305,4.01916746300109e-06,1,1,0.840984098409841
0.70578985767253,0.679595031537593,4.13702813845731e-06,1,1,0.83958395839584
0.705921648638473,0.650842876331671,3.84763459043134e-06,1,1,0.842884288428843
0.706285810034564,0.638518490056545,4.02229250561356e-06,1,1,0.845084508450845
0.708297054044765,0.615773514519834,3.70616846493509e-06,1,1,0.852585258525853
0.707480793270192,0.633206362292827,3.70642979801503e-06,1,1,0.848684868486849
0.707478558814777,0.632367810967137,3.85335459607513e-06,1,1,0.848784878487849
0.707247049391922,0.633471676043065,4.09146755894463e-06,1,1,0.848084808480848
0.706982610124947,0.63777348275194,3.85269273608559e-06,1,1,0.846884688468847
0.706330607545598,0.629357278096372,3.63527676360889e-06,1,1,0.846084608460846
0.706442460729698,0.649407267215006,4.07219795897938e-06,1,1,0.844384438443844
0.693795860787381,0.875736633475584,4.07841599674719e-06,1,1,0.788678867886789
0.690857145249164,0.935078365584514,1.39259299075831e-06,1,1,0.775077507750775
0.715300468545069,0.690240189422576,2.81044702488179e-06,1,1,0.863186318631863
0.699652286957573,0.72249381396368,3.43151584081084e-06,1,1,0.819381938193819
0.725818013060759,0.568256713179891,2.61994596005296e-06,1,1,0.902790279027903
0.752035456838352,0.291122967897628,2.90651071523107e-06,1,1,0.998699869986999
0.747935132680588,0.279716239435992,2.84623004456756e-06,1,1,0.989198919891989
0.750562555455783,0.300404727817229,2.9730022809958e-06,1,1,0.993999399939994
0.704937568410763,0.551884514458725,2.57201953532001e-06,1,1,0.85028502850285
0.708690455137037,0.546459536654513,3.67776131952112e-06,1,1,0.860586058605861
0.710215160144908,0.534118125776316,3.86741026905283e-06,1,1,0.865786578657866
0.710017962868668,0.549784883774372,3.51996927851061e-06,1,1,0.863686368636864
0.70839329782302,0.765761020364411,4.9679173264074e-06,1,1,0.837683768376838
0.707599075775578,0.621720458079859,3.48608526610769e-06,1,1,0.85018501850185
0.705963489259895,0.705476223578135,3.22884669778549e-06,1,1,0.837483748374838
0.710664833224647,0.554418421470992,2.78916486210732e-06,1,1,0.864886488648865
0.712191018069637,0.55601134898728,3.74881111888897e-06,1,1,0.868686868686869
0.70902244527182,0.645206484000764,2.34239191306269e-06,1,1,0.851485148514851
0.708887987534449,0.696867171243347,2.04950184585542e-06,1,1,0.845884588458846
0.711193638430954,0.749660832501948,2.81246473909189e-06,1,1,0.846584658465847
0.713498260871192,0.714231304852361,2.93472526274893e-06,1,1,0.856085608560856
0.709539099197852,0.597812034784756,1.94641178288266e-06,1,1,0.857585758575858
0.712747816544095,0.731128967834495,3.0968618438357e-06,1,1,0.852485248524853
0.708522459231593,0.688624988554861,2.53945296970984e-06,1,1,0.845784578457846
0.707059141778792,0.766414460305636,2.4409363525428e-06,1,1,0.834183418341834
0.714748100480409,0.716582433143118,3.11106597247156e-06,1,1,0.859085908590859
0.715089843890425,0.652089178893323,3.1246226780799e-06,1,1,0.866486648664866
0.71408918670013,0.737958397181084,5.33093141010242e-06,1,1,0.855185518551855
0.716198191044829,0.691683756608614,4.60208929755802e-06,1,1,0.865386538653865
0.716097667889688,0.719460105529608,4.39376083867728e-06,1,1,0.862286228622862
0.712971598357713,0.745453392438754,4.8975574822421e-06,1,1,0.851585158515852
0.707030613517732,0.675026733101305,2.29602639542262e-06,1,1,0.843284328432843
0.736036308533014,0.417915171519759,2.06049932623808e-06,1,1,0.944394439443944
0.748780953255782,0.333895770812133,3.22330448855079e-06,1,1,0.985998599859986
0.748020122833758,0.418155925805924,2.82223644481485e-06,1,1,0.975497549754975
0.746714743336052,0.355587380520183,3.24164544690954e-06,1,1,0.978397839783978
0.717078583437661,0.619387161228138,5.10191180139757e-06,1,1,0.874987498749875
0.705600139928103,0.758432785405888,4.65306802419163e-06,1,1,0.831183118311831
0.705435275764873,0.643960059989393,2.76521251770517e-06,1,1,0.842284228422842
0.70832910105779,0.534312115254035,2.39566736106657e-06,1,1,0.860886088608861
0.702655976186096,0.599376000033091,3.35058423871657e-06,1,1,0.83958395839584
0.709382127760098,0.521078434850929,2.7268627512908e-06,1,1,0.864886488648865
0.705456859133631,0.577229890292201,3.2838532073032e-06,1,1,0.849084908490849
0.701209089702512,0.595462688912616,2.93450974601599e-06,1,1,0.836183618361836
0.705946606803532,0.562312506094915,2.82126967205253e-06,1,1,0.851885188518852
0.700339082847889,0.623325689829225,2.76496754036741e-06,1,1,0.831183118311831
0.700435651351623,0.579519741649347,2.42784678449568e-06,1,1,0.835783578357836
0.707609542407162,0.65403930563176,4.6990602167943e-06,1,1,0.846884688468847
0.707526016637094,0.569844717322629,3.95706688792042e-06,1,1,0.855185518551855
0.707135047555456,0.572510165965038,3.8292911911645e-06,1,1,0.853885388538854
0.706013819151154,0.567688124839601,3.85794274750228e-06,1,1,0.851485148514851
0.706742954881761,0.643237607985934,3.41624227979301e-06,1,1,0.845784578457846
0.705835542737868,0.543282176699696,4.29769462133879e-06,1,1,0.853485348534853
0.706739467871233,0.547000884910759,4.92804844529991e-06,1,1,0.855485548554855
0.707325226577022,0.538937088838196,5.32109149418683e-06,1,1,0.857785778577858
0.707245857046624,0.569083873515146,2.87529941547744e-06,1,1,0.854485448544855
0.700236889389922,0.816322573027804,3.2011532424705e-06,1,1,0.811381138113811
0.704556862784683,0.579513539143423,4.20897804047985e-06,1,1,0.846484648464847
0.705584328859386,0.650848156015833,2.10760030676644e-06,1,1,0.841984198419842
0.70883716825267,0.794907531231826,4.96752727337723e-06,1,1,0.835883588358836
0.705698194023074,0.664337886078773,1.83775909928196e-06,1,1,0.840884088408841
0.707636873238887,0.652396162763246,5.36012592193373e-06,1,1,0.847184718471847
0.70595737860901,0.663111978449043,4.78731626955498e-06,1,1,0.841684168416842
0.70744561629339,0.597849023339837,2.52310603772409e-06,1,1,0.852185218521852
0.713343543936252,0.573004655984797,2.69397771511002e-06,1,1,0.86998699869987
0.708517977627996,0.561376756148719,3.13126831999713e-06,1,1,0.858585858585859
0.709059979959702,0.581595197686398,3.60212439080472e-06,1,1,0.857985798579858
0.711069976053318,0.580940999866359,3.61121961709606e-06,1,1,0.863286328632863
0.751384367124616,0.353005344133144,1.58681124591647e-06,1,1,0.990799079907991
0.747281927774274,0.281644782306925,2.91846084506509e-06,1,1,0.987298729872987
0.741687950624924,0.311268593297072,3.81781798020957e-06,1,1,0.96979697969797
0.704866533501552,0.661531582194292,4.36085880174399e-06,1,1,0.838983898389839
0.702962450003461,0.748454067878748,2.58140177783051e-06,1,1,0.825282528252825
0.706791115130287,0.760986550209446,4.45128578978876e-06,1,1,0.833983398339834
0.704015785802934,0.79839711436812,2.34685606382686e-06,1,1,0.822982298229823
0.706892319602333,0.762186333582034,4.17891974448398e-06,1,1,0.834083408340834
0.709498235653221,0.727473166879983,3.55623268501336e-06,1,1,0.844384438443844
0.752083226184823,0.211330644727955,1.93205399462568e-06,1,1,1
0.745657733767835,0.286676653387322,2.60135854680704e-06,1,1,0.982598259825983
0.748152782978192,0.22938628898115,2.81523997012712e-06,1,1,0.994899489948995
0.75274494105266,0.232997991570004,2.37531993415252e-06,1,1,1
0.753473781410927,0.215482910381161,2.64923771720807e-06,1,1,1
0.704656220223379,0.857928950030397,4.98874787261581e-06,1,1,0.818681868186819
0.700549914415999,0.914450048780929,4.85872380804554e-06,1,1,0.802280228022802
0.70363078080795,0.91938425955563,3.96992418798725e-06,1,1,0.80978097809781
0.739219229548748,0.363948622159735,3.78677718588522e-06,1,1,0.958095809580958
0.740913181519788,0.3803640897062,1.57125644619479e-06,1,1,0.960896089608961
0.743177412739288,0.376397589599539,3.33753515089524e-06,1,1,0.967096709670967
0.736775825206125,0.382157704360229,4.06929217063679e-06,1,1,0.94999499949995
0.755759213987067,0.320614839690679,1.92742865820561e-06,1,1,1
0.703818733636011,0.851947394399321,4.62245342395837e-06,1,1,0.817081708170817
0.700943145392408,0.892655898997157,3.68876901684516e-06,1,1,0.805580558055806
0.705690546883075,0.750020208813228,1.79805745204917e-06,1,1,0.832283228322832
0.701245875815434,0.850852901492943,3.3261548024372e-06,1,1,0.810581058105811
0.706449747113565,0.617233547758413,2.01193129975374e-06,1,1,0.847584758475848
0.703793617664839,0.727178073653343,4.56475295912615e-06,1,1,0.82958295829583
0.709895675383648,0.703691897030737,2.28381035739854e-06,1,1,0.847784778477848
0.699541731271816,0.888441391298431,3.72120114398867e-06,1,1,0.802380238023802
0.70224845839411,0.890809255216377,3.82891212528056e-06,1,1,0.809080908090809
0.708767684703486,0.798091326050396,2.71663603682076e-06,1,1,0.835383538353835
0.707886984820986,0.729651023746675,4.84107009023581e-06,1,1,0.83998399839984
0.702219288993117,0.871862879106638,3.60741766498344e-06,1,1,0.810981098109811
0.699596847947598,0.91334722942651,3.15431343202955e-06,1,1,0.7999799979998
0.705856606268037,0.784768526516354,2.06139344659213e-06,1,1,0.829182918291829
0.698545932506811,0.971819336294038,3.52396225435416e-06,1,1,0.791379137913791
0.716245641636054,0.593233072064378,2.75587943778424e-06,1,1,0.875387538753875
0.705796895047955,0.724577625189261,2.82486190886923e-06,1,1,0.835083508350835
0.703187475874712,0.719385175868239,2.29868482274704e-06,1,1,0.828882888288829
0.7056554403595,0.725803759567769,3.35220326101845e-06,1,1,0.834583458345835
0.704742053350456,0.717689693810659,2.74459602704408e-06,1,1,0.833083308330833
0.714475740207219,0.618134519441117,2.54610664806713e-06,1,1,0.868286828682868
0.705079788230773,0.79307886559328,2.17423159262784e-06,1,1,0.826282628262826
0.71242494452007,0.635937098057007,3.90772153670077e-06,1,1,0.861186118611861
0.706596119779754,0.693378045939175,2.92995018369821e-06,1,1,0.84028402840284
0.71024528880927,0.672073357213978,3.5920622210305e-06,1,1,0.851885188518852
0.70631937177525,0.741304957327701,2.57524293194071e-06,1,1,0.834783478347835
0.708281091401111,0.716782935404817,3.49953929899722e-06,1,1,0.842284228422842
0.708849340636537,0.706258495352251,3.47332063060621e-06,1,1,0.844884488448845
0.710661000606937,0.684123910870531,2.54295087347351e-06,1,1,0.851785178517852
0.711242886513127,0.686863560808736,3.63719324260524e-06,1,1,0.852985298529853
0.709355812863886,0.722713602773521,3.56022304973359e-06,1,1,0.844484448444844
0.719393074110519,0.61026194755693,1.79125628838358e-06,1,1,0.881888188818882
0.756020752042098,0.183254060730193,2.38297830327768e-06,1,1,1
0.755666488550956,0.188238823820286,2.10528633698239e-06,1,1,1
0.755920849986509,0.180531409521009,2.45908562496885e-06,1,1,1
0.729589677892729,0.431051158875744,2.58821027620173e-06,1,1,0.926392639263926
0.704546330636284,0.601602365327976,2.35079299915336e-06,1,1,0.844284428442844
0.703246362209473,0.736230713851545,3.78309988199028e-06,1,1,0.827282728272827
0.709028774707925,0.542356840262635,2.43497478851085e-06,1,1,0.861886188618862
0.713464103981603,0.64332650987474,2.50542043563838e-06,1,1,0.863186318631863
0.71991767571378,0.572300676702044,3.10136839683181e-06,1,1,0.887088708870887
0.723719111507112,0.498547726861605,2.78287664992943e-06,1,1,0.904390439043904
0.701599735420206,0.75101518136867,2.89731122715417e-06,1,1,0.821582158215822
0.729057015613546,0.545103417891967,2.33280780071021e-06,1,1,0.913491349134913
0.72809937820545,0.532184468603375,1.798541463954e-06,1,1,0.912291229122912
0.727877074187042,0.512991283216024,2.31156890495454e-06,1,1,0.913691369136914
0.737809118597861,0.362114541843246,2.70925525823378e-06,1,1,0.954695469546955
0.739623147465059,0.326141189706692,2.38798331709952e-06,1,1,0.962996299629963
0.742573665477339,0.275871295422001,3.52570487252017e-06,1,1,0.975697569756976
0.735663573561604,0.384431557372264,3.26961571907312e-06,1,1,0.946794679467947
0.736146241993768,0.472174749961593,2.32749191580997e-06,1,1,0.939193919391939
0.743041564733299,0.320420136238421,2.34343150971105e-06,1,1,0.972397239723972
0.731191370834743,0.392335273133631,2.44587610098581e-06,1,1,0.934493449344935
0.727231392797181,0.522441205533772,1.76655043138088e-06,1,1,0.911091109110911
0.727705958025775,0.516841089461593,3.54200731774808e-06,1,1,0.912891289128913
0.726693366658507,0.506800753066748,2.28564667893616e-06,1,1,0.911191119111911
0.725253126792825,0.539015180029648,2.5721305874209e-06,1,1,0.904290429042904
0.724664613549422,0.547440280914425,2.76983139210948e-06,1,1,0.901890189018902
0.727785531452374,0.478866324548099,2.28378053917233e-06,1,1,0.916891689168917
0.752811445282078,0.157513751132288,3.3472160062971e-06,1,1,1
0.738974172168397,0.286440255292784,1.54399267700404e-06,1,1,0.965296529652965
0.727166489235919,0.535609795888874,1.28795226543357e-06,1,1,0.90959095909591
0.740800252337007,0.491188983035616,2.02532258419525e-06,1,1,0.949394939493949
0.704606145137923,0.712253211080254,3.82403571664967e-06,1,1,0.833283328332833
0.704690844665198,0.673803837496339,2.03999353623193e-06,1,1,0.837383738373837
0.703611713637919,0.770169772134324,2.98999144815437e-06,1,1,0.824782478247825
0.702425504240618,0.816249962982309,4.4839499870651e-06,1,1,0.817081708170817
0.703469191343155,0.836192476715928,4.20425729880187e-06,1,1,0.817781778177818
0.708447382646028,0.780577789739201,3.86321386355728e-06,1,1,0.836283628362836
0.706111316938914,0.655705398391841,1.73405375980584e-06,1,1,0.842884288428843
0.705925252559606,0.774144101016721,4.26824880870752e-06,1,1,0.83038303830383
0.705543484870404,0.785730787423202,3.33301350211045e-06,1,1,0.828282828282828
0.705638975631232,0.820982477426964,2.19710466164712e-06,1,1,0.824982498249825
0.704907521539631,0.755615011173828,2.49417752367406e-06,1,1,0.82968296829683
0.74789552781361,0.332999877774374,1.82082166625554e-06,1,1,0.983698369836984
0.755283858630552,0.243581691421823,2.97167438084408e-06,1,1,1
0.707699558920195,0.767363113374957,3.44478010628745e-06,1,1,0.835683568356836
0.708891455146559,0.78819401482499,2.45947969993106e-06,1,1,0.836683668366837
0.709544708256476,0.747637136158012,3.31596652936744e-06,1,1,0.842484248424842
0.743362940080517,0.369904393675022,3.01949976603753e-06,1,1,0.968296829682968
0.706417485312237,0.766441868789685,1.98746844138067e-06,1,1,0.832483248324832
0.712221736998951,0.718290344822028,3.43076435398934e-06,1,1,0.852385238523852
0.707637373022448,0.767860541244071,4.08894687888527e-06,1,1,0.835483548354836
0.707541927359102,0.795868771547153,2.64378642047138e-06,1,1,0.832383238323832
0.713857261610798,0.726552629770438,2.92467091821359e-06,1,1,0.855785578557856
0.710290725614966,0.755498586879249,3.36793828533555e-06,1,1,0.843584358435844
0.729195553741532,0.543410425914903,2.22891539088608e-06,1,1,0.913991399139914
0.72495670469321,0.585091631174721,2.47772413150991e-06,1,1,0.898789878987899
0.719797052782726,0.640282625130486,4.41765230741147e-06,1,1,0.87988798879888
0.726156968067879,0.567247346033573,3.18822324779779e-06,1,1,0.903790379037904
0.711892768078915,0.657486487758739,1.74055207203859e-06,1,1,0.857685768576858
0.723502557279735,0.443825773076373,3.11780765627881e-06,1,1,0.909290929092909
0.721916692551606,0.460850829572207,3.11274567272266e-06,1,1,0.903490349034903
0.725508244037244,0.33780988005858,2.12258793151594e-06,1,1,0.925192519251925
0.718848934864881,0.610140739397132,1.8024034900387e-06,1,1,0.880488048804881
0.707578131307536,0.613799443949619,2.63082473380717e-06,1,1,0.850885088508851
0.702121666611526,0.834155721218986,2.7829716961675e-06,1,1,0.814481448144814
0.706724199579822,0.815528139337978,4.03111839209586e-06,1,1,0.828282828282828
0.710193316842927,0.754065851181888,3.66434212196572e-06,1,1,0.843484348434843
0.710365989520596,0.766016681237172,3.29052165068113e-06,1,1,0.842784278427843
0.714572502869402,0.731839729298216,3.57383419541898e-06,1,1,0.857085708570857
0.707468100856594,0.784710281529843,3.29096806330173e-06,1,1,0.833383338333833
0.738138588624397,0.488060517675508,1.66499004488397e-06,1,1,0.942794279427943
0.730991865455373,0.471462110199982,2.97059695498985e-06,1,1,0.925992599259926
0.70744343259792,0.831891538793647,3.62992015323955e-06,1,1,0.828482848284828
0.737026853011742,0.434531717088915,3.88652673582532e-06,1,1,0.945294529452945
0.73601765789208,0.354772030609205,3.79791332174127e-06,1,1,0.950795079507951
0.720748249061419,0.565968882638221,3.09135556248378e-06,1,1,0.88988898889889
0.712414100910863,0.617387737899898,3.58423902243509e-06,1,1,0.863086308630863
0.720681497537243,0.538447602970006,3.17421441978895e-06,1,1,0.892489248924892
0.710926558707296,0.678645773743841,4.41894061212981e-06,1,1,0.852985298529853
0.718013749232473,0.591392526035615,4.38572175450528e-06,1,1,0.88018801880188
0.714369760666854,0.605314799093761,4.58551583329952e-06,1,1,0.869386938693869
0.714093278569249,0.614708948136905,4.61569488470606e-06,1,1,0.867686768676868
0.714145715537306,0.604406964558035,4.80915182215358e-06,1,1,0.868886888688869
0.714144985647613,0.608396127274831,4.42083321376972e-06,1,1,0.868486848684868
0.715604779646256,0.598745286913926,4.37496526297075e-06,1,1,0.873187318731873
0.714160809225215,0.601848013695361,4.64218124894788e-06,1,1,0.869186918691869
0.711607845268843,0.64478521457436,4.4111573026275e-06,1,1,0.858185818581858
0.713229883370981,0.612186096557568,4.48438336107116e-06,1,1,0.865686568656866
0.712240994013637,0.622487071334723,4.792271047823e-06,1,1,0.862086208620862
0.712011233460659,0.617374206059171,4.82280695972866e-06,1,1,0.861986198619862
0.714619021082898,0.605372632682623,4.01879230514965e-06,1,1,0.86998699869987
0.717709087441061,0.576973459990831,3.54049413432201e-06,1,1,0.880888088808881
0.710585749315467,0.647942448631807,4.03128208000731e-06,1,1,0.855185518551855
0.737079582974774,0.349483073924182,2.03781290017255e-06,1,1,0.953995399539954
0.703239226809986,0.783012095055188,3.35907780701885e-06,1,1,0.822582258225823
0.696506751945562,0.582530647555661,4.16725785920043e-06,1,1,0.825282528252825
0.697488844707228,0.544440586502144,4.40912167456516e-06,1,1,0.831683168316832
0.6975996672449,0.574991825122419,4.30411421978543e-06,1,1,0.828882888288829
0.697368424463766,0.56897605638308,3.63890123258585e-06,1,1,0.828882888288829
0.697497275677034,0.538878562290045,4.76895706000365e-06,1,1,0.832283228322832
0.696072186769571,0.58898286723389,3.54306278347976e-06,1,1,0.823582358235824
0.696317586558207,0.592996121552398,5.05302612199259e-06,1,1,0.823782378237824
0.696785045563278,0.606926089874578,4.93675747390427e-06,1,1,0.823582358235824
0.698733876690074,0.68121589077152,4.85194011303984e-06,1,1,0.821182118211821
0.69739150818378,0.621051558160722,3.92322020325887e-06,1,1,0.823782378237824
0.696235664615805,0.609302859325888,2.88457611905632e-06,1,1,0.821882188218822
0.734260440254514,0.393595036756247,1.81390313773618e-06,1,1,0.942294229422942
0.73639238085294,0.361502759188043,2.50406671027234e-06,1,1,0.951095109510951
0.70061611584734,0.890961696232401,3.68306178069492e-06,1,1,0.804880488048805
0.700766826673691,0.77026371672722,2.86244009280142e-06,1,1,0.817481748174817
0.700045682169641,0.81208269950028,2.89171410878673e-06,1,1,0.811381138113811
0.698594004253305,0.741683240154411,2.15898005437547e-06,1,1,0.814681468146815
0.702225873455464,0.851085491096595,1.75797065158606e-06,1,1,0.813081308130813
0.703776634636802,0.6270543324695,2.83626899151818e-06,1,1,0.83968396839684
0.703973912838752,0.777489186992117,2.01666442885585e-06,1,1,0.824982498249825
0.700646545043949,0.862121870370141,5.47972474015419e-06,1,1,0.807880788078808
0.700061830035559,0.819680253858149,3.52735213956204e-06,1,1,0.810581058105811
0.699325171168866,0.697242335486418,2.66488155011493e-06,1,1,0.821082108210821
0.699250008707433,0.790782055530117,4.58952626947196e-06,1,1,0.811381138113811
0.701399244305411,0.796311732442952,3.80677598761005e-06,1,1,0.816481648164816
0.697088688925649,0.722212075287697,3.96285240230119e-06,1,1,0.812781278127813
0.696612751621435,0.807598259092431,2.49232699022846e-06,1,1,0.802880288028803
0.693642835853937,0.686444815989419,2.47059699899066e-06,1,1,0.807380738073807
0.695719924673953,0.91839754270418,3.08963537946186e-06,1,1,0.789378937893789
0.695383990974647,0.868750498286416,3.5087304439505e-06,1,1,0.793579357935794
0.696306569207262,0.845527760169057,4.18664027675842e-06,1,1,0.798279827982798
0.699480372510858,0.785535517613185,4.08736878264493e-06,1,1,0.812581258125813
0.701461642315435,0.781139404426061,4.9916090591918e-06,1,1,0.818181818181818
0.696771587903962,0.97661418459567,5.12903327992884e-06,1,1,0.786278627862786
0.703903882373258,0.756574067079757,3.14764281657832e-06,1,1,0.826982698269827
0.705173123108952,0.737870149503499,2.5347657035871e-06,1,1,0.832083208320832
0.706465962971301,0.704385764553456,2.02004207786903e-06,1,1,0.838883888388839
0.706929580416945,0.720390360089526,2.49704473811953e-06,1,1,0.838483848384838
0.759100214618054,0.287925550904191,3.03271191763053e-06,1,1,1
0.748794300606138,0.295854018348201,3.90072381601273e-06,1,1,0.98979897989799
0.749111380293838,0.279112188657976,3.25934994271599e-06,1,1,0.992299229922992
0.736863932220011,0.37237367065115,3.23233363557486e-06,1,1,0.951195119511951
0.746997290641665,0.257279438363255,2.10371669879499e-06,1,1,0.989098909890989
0.708878531531401,0.769418438522974,2.29163668149945e-06,1,1,0.838583858385839
0.706674724492076,0.722822171613737,4.46546462797941e-06,1,1,0.837583758375838
0.702974680495475,0.700132396016888,2.93592035617358e-06,1,1,0.83018301830183
0.705214221160021,0.785592346775501,3.62543062549722e-06,1,1,0.827382738273827
0.704971100921379,0.803592124491687,2.90604970382715e-06,1,1,0.824982498249825
0.704102317634783,0.804114990841207,3.43104675672778e-06,1,1,0.822682268226823
0.726819842014599,0.439135699455429,1.94660895106502e-06,1,1,0.918391839183918
0.724835207130562,0.51403104116712,2.6351656895965e-06,1,1,0.905690569056906
0.729028529170271,0.422081286679847,2.15166317482946e-06,1,1,0.925792579257926
0.732816741632747,0.395186435112054,2.19772514009773e-06,1,1,0.938393839383938
0.701942517653946,0.84991992607195,3.86061526112464e-06,1,1,0.812481248124812
0.709066654809173,0.751577004345831,1.58056478194527e-06,1,1,0.840884088408841
0.739076046587165,0.408371707552523,3.60712503808246e-06,1,1,0.953295329532953
0.71766688098208,0.67439919447585,2.6230038895429e-06,1,1,0.870887088708871
0.729717869899719,0.708226741656003,2.1726250108208e-06,1,1,0.898789878987899
0.718289501472485,0.722705185638893,2.65394919204427e-06,1,1,0.867686768676868
0.717151871845288,0.690515458314215,2.53347332165935e-06,1,1,0.867986798679868
0.719129300622557,0.673849738979346,2.54045057584047e-06,1,1,0.874787478747875
0.728593358017997,0.614412152054195,2.18286655128839e-06,1,1,0.905290529052905
0.726982959825072,0.619041222681162,2.11080347857915e-06,1,1,0.900690069006901
0.734591612143237,0.666451902752997,2.45468123453734e-06,1,1,0.915591559155916
0.725166151293331,0.685331033453957,2.64043270202252e-06,1,1,0.889288928892889
0.725983718347907,0.675892764607477,2.71555441055218e-06,1,1,0.892289228922892
0.728906223309291,0.614544140062421,2.21789729263836e-06,1,1,0.906090609060906
0.728429521604104,0.634122207864477,2.083706441311e-06,1,1,0.902890289028903
0.706124658025217,0.780573117953151,2.75134771510018e-06,1,1,0.83028302830283
0.705498209598147,0.776945610141862,2.81421749995312e-06,1,1,0.828982898289829
0.705471453698614,0.783287927246028,2.64593050271557e-06,1,1,0.828282828282828
0.71571745483288,0.636407808433774,2.03839858352869e-06,1,1,0.86968696869687
0.714166602640571,0.641117815784514,1.90686854316937e-06,1,1,0.865186518651865
0.710981083736522,0.704256941020079,2.41513326742847e-06,1,1,0.850585058505851
0.710011921487928,0.70262032438992,2.71963176753061e-06,1,1,0.848184818481848
0.707359230555296,0.731571389656021,2.38694056437203e-06,1,1,0.838383838383838
0.705282918340989,0.750412567852755,2.33615618543259e-06,1,1,0.831183118311831
0.708647347875041,0.725752112214672,2.72289233799052e-06,1,1,0.842384238423842
0.708573562606413,0.718257785584256,2.35715737666029e-06,1,1,0.842884288428843
0.709455002902683,0.7062558778116,2.29085743593722e-06,1,1,0.846384638463846
0.708377119912586,0.721042528254774,2.33382232504063e-06,1,1,0.842084208420842
0.705039551948142,0.726682743246751,2.08203703730816e-06,1,1,0.832883288328833
0.708036709755373,0.710224848829748,3.34413063291191e-06,1,1,0.842384238423842
0.708118190908086,0.64985412771316,2.00075942334652e-06,1,1,0.848684868486849
0.712999509761299,0.597342441280418,2.48319060766174e-06,1,1,0.866586658665867
0.711431462018257,0.592931017621716,1.84752194462969e-06,1,1,0.862986298629863
0.709931076373042,0.608204288515746,3.1989827957411e-06,1,1,0.857585758575858
0.711558750596648,0.601340113807883,2.14547906874545e-06,1,1,0.862486248624862
0.71152729593381,0.597360771688718,2.60021034191287e-06,1,1,0.862786278627863
0.711691295028384,0.602907165502119,2.65068775362275e-06,1,1,0.862686268626863
0.703552883781203,0.776856558024373,3.6575555795429e-06,1,1,0.823982398239824
0.709016077772168,0.722069836606608,2.43817260777691e-06,1,1,0.843684368436844
0.708336274190339,0.731586615699204,2.49802949973236e-06,1,1,0.840984098409841
0.707991863490179,0.728996738928385,2.42923244430924e-06,1,1,0.84028402840284
0.708093536027667,0.725961891358076,2.36606420537992e-06,1,1,0.840884088408841
0.708566760028927,0.721744881484372,2.34827312621468e-06,1,1,0.842584258425843
0.708707230489841,0.726503754925799,2.23223339973873e-06,1,1,0.842484248424842
0.703089291645927,0.645697090122674,2.19974724816412e-06,1,1,0.835983598359836
0.709767188244135,0.675548521471401,1.74822905163803e-06,1,1,0.85028502850285
0.703678059536784,0.650336068352857,2.35444842165959e-06,1,1,0.837083708370837
0.707627710915332,0.751414498324183,2.81834215091297e-06,1,1,0.837083708370837
0.704862788625634,0.818062464864133,2.92544201378122e-06,1,1,0.823182318231823
0.748502541058939,0.292616874679122,2.19403514801524e-06,1,1,0.989398939893989
0.741530680058883,0.335814284916753,2.68394499486272e-06,1,1,0.966996699669967
0.703271425385136,0.830117618803479,4.57760297949438e-06,1,1,0.817881788178818
0.702719638453826,0.776962574647696,4.73315472128844e-06,1,1,0.821782178217822
0.7027664491564,0.808229881100598,4.53900524104828e-06,1,1,0.818781878187819
0.704780984375075,0.80002042944429,4.51011345424038e-06,1,1,0.824882488248825
0.705224976703776,0.811635445514001,5.12994967608702e-06,1,1,0.824782478247825
0.702121344267395,0.865439121037482,5.59667305034223e-06,1,1,0.811381138113811
0.704613947268856,0.825575233429188,4.68535851408761e-06,1,1,0.821782178217822
0.755563498482323,0.286389655311526,2.12660455716593e-06,1,1,1
0.711146850967864,0.81498143475437,2.52720328536725e-06,1,1,0.83978397839784
0.704223472577901,0.85169543960281,4.82745511873463e-06,1,1,0.818181818181818
0.75829004765186,0.312498809954532,1.54267807300737e-06,1,1,1
0.705544689606782,0.831052453130379,4.56553977218288e-06,1,1,0.823682368236824
0.701655574496696,0.879612514082035,1.97574456540241e-06,1,1,0.808680868086809
0.705678475393088,0.808280730116551,3.73011980120936e-06,1,1,0.826282628262826
0.704374293618306,0.835377207053228,5.10370452692439e-06,1,1,0.82018201820182
0.761555932511845,0.242459555437486,2.20368537845537e-06,1,1,1
0.703393510330361,0.839290552656493,5.31871734524904e-06,1,1,0.817281728172817
0.707473682462097,0.782941169568097,3.38275327454162e-06,1,1,0.833583358335834
0.700651704504182,0.807649630358301,3.06245504831352e-06,1,1,0.813381338133813
0.702361770782474,0.809841246609684,2.92480401667714e-06,1,1,0.817581758175818
0.702427155196526,0.808560224009381,3.32807186569832e-06,1,1,0.817881788178818
0.701358993956884,0.826692269750447,5.12897244352128e-06,1,1,0.813281328132813
0.701972551223185,0.833334289551642,4.2319337518676e-06,1,1,0.814181418141814
0.702862695961668,0.820313921852513,4.06594814051006e-06,1,1,0.817781778177818
0.700924450587596,0.842293492860838,3.82807263674935e-06,1,1,0.810581058105811
0.704931406832259,0.707936438868001,2.33296850563602e-06,1,1,0.834483448344834
0.70583418143904,0.709053469315298,2.32924760260101e-06,1,1,0.836783678367837
0.704462749617097,0.801595860892969,2.03556947734006e-06,1,1,0.823882388238824
0.730784697400516,0.48896538251781,2.33392591568807e-06,1,1,0.923692369236924
0.705367613662713,0.799506183866982,2.71821613911662e-06,1,1,0.826382638263826
0.701054212223703,0.727661633819815,2.81947619454933e-06,1,1,0.822482248224823
0.701297882008379,0.80828600014696,4.99566808728986e-06,1,1,0.814981498149815
0.700677296771967,0.76653241493306,4.0694876349422e-06,1,1,0.817581758175818
0.704888056733856,0.834447229711282,2.26665086262249e-06,1,1,0.821682168216822
0.704267740274248,0.834625711759038,2.52058248348889e-06,1,1,0.81998199819982
0.700956976915541,0.854761521403851,4.1284274149959e-06,1,1,0.809380938093809
0.700986090452122,0.690103824848577,3.87866402714661e-06,1,1,0.826082608260826
0.702169863397586,0.763276373285289,1.81204078156081e-06,1,1,0.821782178217822
0.703414002516037,0.809962893826839,2.85713178630515e-06,1,1,0.82028202820282
0.706679772074718,0.704721106550636,2.68150476627424e-06,1,1,0.839383938393839
0.703967404548727,0.752252976553374,1.9291074749612e-06,1,1,0.827582758275828
0.703357389787563,0.817492014626442,5.17472931538927e-06,1,1,0.819381938193819
0.707489259414355,0.684705169660796,3.65975713970246e-06,1,1,0.843484348434843
0.701353945912728,0.85867363928933,4.81548667703602e-06,1,1,0.81008100810081
0.703832936496679,0.842518920500747,4.95818242123006e-06,1,1,0.818081808180818
0.726335863624494,0.644954463839343,3.51855207464214e-06,1,1,0.896389638963896
0.72110708934753,0.619318540716998,2.19654682948453e-06,1,1,0.885388538853885
0.703290345796082,0.827528063441543,3.70594987205685e-06,1,1,0.818181818181818
0.70888070232458,0.789680268131958,2.94605514074614e-06,1,1,0.836483648364836
0.742632593361839,0.371776127942197,1.95364387366262e-06,1,1,0.966196619661966
0.710133729296235,0.784237392402267,2.49550742731063e-06,1,1,0.84028402840284
0.716648337484866,0.543025724626957,2.63523433427569e-06,1,1,0.881588158815882
0.709226619671555,0.589971047127963,3.54603374682151e-06,1,1,0.857585758575858
0.7270818356715,0.503292501259958,1.93690716314311e-06,1,1,0.912591259125913
0.706401622190476,0.754433909149221,2.81359110561752e-06,1,1,0.833683368336834
0.702993740058811,0.8642100402299,4.17212782437638e-06,1,1,0.813681368136814
0.704518988954262,0.613053809282044,1.91959251000023e-06,1,1,0.842984298429843
0.701537601598919,0.734022325180367,2.30208091535691e-06,1,1,0.823082308230823
0.702311064049652,0.83437689284098,4.27950227945579e-06,1,1,0.814981498149815
0.703308762448645,0.575817552839803,2.30684813828582e-06,1,1,0.843684368436844
0.703957793406059,0.661032971162357,2.75124626106018e-06,1,1,0.836683668366837
0.705492559039178,0.849264697812776,1.90289689003331e-06,1,1,0.821682168216822
0.704019422546911,0.824384468903297,4.66231479575099e-06,1,1,0.82038203820382
0.705413941439233,0.710234580384733,1.84073222265214e-06,1,1,0.835583558355836
0.699752669703549,0.939020384970332,3.00245012839287e-06,1,1,0.797779777977798
0.69710274468281,0.955290455906264,3.3118741020557e-06,1,1,0.789278927892789
0.699198159360635,0.846760926508122,4.92277741171334e-06,1,1,0.805680568056806
0.702204920936836,0.848762376256846,4.00272263842435e-06,1,1,0.813281328132813
0.698055281190395,0.931843925911109,5.42558701525808e-06,1,1,0.794079407940794
0.73580184428174,0.3789351559503,1.67835283327397e-06,1,1,0.947794779477948
0.700733539765521,0.911320973331663,2.37202579576373e-06,1,1,0.803080308030803
0.737023112427338,0.494649434713344,2.23633285387558e-06,1,1,0.939293929392939
0.703863841720454,0.856853418710993,3.87772504691819e-06,1,1,0.816681668166817
0.704757492915317,0.872356133161247,2.49603881714757e-06,1,1,0.817481748174817
0.743905835407256,0.458548649660285,1.28764621497882e-06,1,1,0.960696069606961
0.700059038486162,0.904039534607427,4.50706141316623e-06,1,1,0.802080208020802
0.701254091364992,0.730490683520452,3.18657252411342e-06,1,1,0.822682268226823
0.70315485822899,0.840976317211887,2.75268117485835e-06,1,1,0.816481648164816
0.699632311695977,0.9235853894754,5.17427135891855e-06,1,1,0.798979897989799
0.691623626738691,1.07599906547764,3.26574532032478e-06,1,1,0.762876287628763
0.698449436827439,0.923580242930907,2.54036889118607e-06,1,1,0.795979597959796
0.697849325163735,0.888750929959072,4.23628102493854e-06,1,1,0.797879787978798
0.694562095314587,0.881411055298031,3.01200102865266e-06,1,1,0.79017901790179
0.697509717127003,0.933890083512274,3.63200612691628e-06,1,1,0.792479247924793
0.69602468174066,0.912004774675688,3.79858013258422e-06,1,1,0.790879087908791
0.705799242835448,0.904821819841533,3.29569383528545e-06,1,1,0.816881688168817
0.744957828502917,0.511362987077323,1.87777204548044e-06,1,1,0.958095809580958
0.700131328412468,0.91822381003758,3.45452582021597e-06,1,1,0.800880088008801
0.699747043345658,0.909859529876202,2.36730733963246e-06,1,1,0.800680068006801
0.700945612543041,0.883866257545578,2.01853736534851e-06,1,1,0.806480648064806
0.71636180670224,0.802348967931642,3.33274949181853e-06,1,1,0.854585458545855
0.700586113282521,0.887585467902209,3.83195443191562e-06,1,1,0.805080508050805
0.702072747249066,0.768262209113973,3.30024941845113e-06,1,1,0.820982098209821
0.697398472357823,0.865365037095839,1.84591844989625e-06,1,1,0.799079907990799
0.698856828029918,0.910307467288584,5.29300759332992e-06,1,1,0.798379837983798
0.703158456125246,0.861757362772376,3.51395801476767e-06,1,1,0.814381438143814
0.701231388157388,0.917919877798319,3.42691049362872e-06,1,1,0.803780378037804
0.699130711422284,0.943380875477284,3.96738511784445e-06,1,1,0.795679567956796
0.696411685768227,0.972546461000169,2.70722682766154e-06,1,1,0.785678567856786
0.716380952889729,0.671233439148505,2.13364526009894e-06,1,1,0.867886788678868
0.696578539694473,0.921411899923348,2.53045208254673e-06,1,1,0.791279127912791
0.699944488805086,0.928375626187195,2.27078075626034e-06,1,1,0.799379937993799
0.699853099234697,0.916484347969913,3.61460482679585e-06,1,1,0.8002800280028
0.708996398249557,0.888267247766403,5.4263092603372e-06,1,1,0.826882688268827
0.721646093077448,0.716541934036032,3.80801185561026e-06,1,1,0.876987698769877
0.711220418931744,0.716091068135796,3.89378953399325e-06,1,1,0.84998499849985
0.721465344605489,0.698471536530395,3.3856136234681e-06,1,1,0.878387838783878
0.701557075294288,0.838477655194698,3.4992414432214e-06,1,1,0.812581258125813
0.700155515127027,0.820676584930018,2.27141488815233e-06,1,1,0.810781078107811
0.702690880906359,0.906150234144957,3.74976459933103e-06,1,1,0.808680868086809
0.698254050856207,0.941648835974423,5.28191907807267e-06,1,1,0.793579357935794
0.70512074286914,0.839943129503671,3.30894010473817e-06,1,1,0.821682168216822
0.708308365276088,0.833393147601525,3.01592834909228e-06,1,1,0.830583058305831
0.706545047139857,0.857381434071371,2.61991736790492e-06,1,1,0.823582358235824
0.708524451369071,0.85949372329449,2.60597617769327e-06,1,1,0.828582858285829
0.707077140704122,0.817730715757629,3.63991644788393e-06,1,1,0.828982898289829
0.72685450248189,0.617768372744396,1.72470919490172e-06,1,1,0.9004900490049
0.731297327170228,0.538301896068576,1.93652506386991e-06,1,1,0.91999199919992
0.726175207651611,0.577700155215627,2.21869148587873e-06,1,1,0.902690269026903
0.730737611533641,0.568217856982247,1.998733891597e-06,1,1,0.915491549154915
0.725667604187525,0.577553420637624,2.56657723612652e-06,1,1,0.901390139013901
0.733968311729358,0.541167878476265,2.06245915851561e-06,1,1,0.926592659265927
0.689791318742361,1.09949621943531,4.57204028799266e-06,1,1,0.755775577557756
0.694764099881843,1.03381391399014,3.6638989883885e-06,1,1,0.775277527752775
0.702838505855828,0.770311594051364,3.71435331361273e-06,1,1,0.822782278227823
0.699488652818518,0.7936512771679,4.18139072564953e-06,1,1,0.811781178117812
0.694886675829365,0.970886994897858,3.69899982927457e-06,1,1,0.781978197819782
0.689284512619092,1.14158346308362,3.43822228238826e-06,1,1,0.75017501750175
0.679419272156352,1.34929241668736,3.75911394049611e-06,1,1,0.703670367036704
0.694009600019587,0.959736909166526,3.42574099324855e-06,1,1,0.780778077807781
0.689413385845455,0.820137075669561,1.95157763998093e-06,1,1,0.782978297829783
0.702328697851246,0.645146971046758,2.24185454623159e-06,1,1,0.834083408340834
0.691553898044571,0.859501499061636,3.50132486747038e-06,1,1,0.784578457845785
0.691748724516535,0.865945564117298,3.17440220528167e-06,1,1,0.784378437843784
0.687841837440392,0.983184532940241,3.36833315301481e-06,1,1,0.762476247624763
0.687400105510196,1.02119546333989,3.90326125976469e-06,1,1,0.757475747574757
0.688599520037556,0.952080201486783,2.87589420489341e-06,1,1,0.767576757675768
0.6849142633376,1.0080411117425,3.06811701739192e-06,1,1,0.752375237523752
0.692863151910135,0.808365120305307,2.63645151992419e-06,1,1,0.793079307930793
0.70168626961945,0.600013274139213,2.14579433833305e-06,1,1,0.836983698369837
0.698405857014841,0.683219348342094,2.19130081286348e-06,1,1,0.82008200820082
0.689031934377647,0.780897901013401,1.82252638710602e-06,1,1,0.785978597859786
0.683476132963875,1.01708277643171,5.30410759617606e-06,1,1,0.747674767476748
0.688742757602059,0.861024037960595,2.62125790059e-06,1,1,0.777077707770777
0.682520165145156,0.995361867529139,3.57923969402496e-06,1,1,0.747374737473747
0.698259499747317,0.780876482983683,3.95879647130284e-06,1,1,0.80988098809881
0.69290214097579,0.801605326833594,2.3885040489728e-06,1,1,0.793879387938794
0.691468269686659,0.94752304313409,3.00288741216781e-06,1,1,0.775477547754776
0.690252630892651,0.911286060781638,2.02677514202069e-06,1,1,0.775977597759776
0.690944085887206,0.992708591172462,3.28495327752898e-06,1,1,0.769476947694769
0.685386653720489,1.1266966880223,4.82725094024966e-06,1,1,0.741574157415742
0.678495346341408,1.38339025161277,2.51472171351813e-06,1,1,0.697769776977698
0.687311503906643,0.703284186092704,1.69731933926867e-06,1,1,0.789278927892789
0.678479553188183,1.30323441154673,4.26860220566383e-06,1,1,0.705870587058706
0.680829558229929,1.20885106241088,3.88348396966016e-06,1,1,0.721472147214722
0.68214658156283,1.14808833511514,3.99445799944595e-06,1,1,0.731073107310731
0.679494245414751,1.34699783736224,4.89931121110496e-06,1,1,0.704070407040704
0.703316840646671,0.407287158830556,7.03310599418829e-06,1,1,0.860686068606861
0.684773932824029,1.28031389322193,3.13796019977161e-06,1,1,0.724472447244724
0.702453940393238,0.729728213371704,3.76623051759873e-06,1,1,0.825882588258826
0.681855525236664,1.2528332026189,4.79776511056869e-06,1,1,0.71967196719672
0.699986293329838,0.768613285037976,3.89735148090472e-06,1,1,0.815581558155816
0.730954748342808,0.310097404110501,2.73519949931741e-06,1,1,0.942094209420942
0.694571662568331,0.910197298604795,4.21274202385644e-06,1,1,0.787278727872787
0.692753421330913,0.950970039724325,4.13829008604762e-06,1,1,0.778377837783778
0.700220926465638,0.573671698120975,3.88296009490777e-06,1,1,0.835883588358836
0.700795562378892,0.554927117780718,4.16336860555599e-06,1,1,0.839283928392839
0.701219422010866,0.541077575018974,4.29924180078297e-06,1,1,0.841684168416842
0.697357018048418,0.733209348585103,5.66023245358081e-06,1,1,0.812281228122812
0.689567536925214,0.990452944016877,4.63519912610081e-06,1,1,0.766176617661766
0.701744611866584,0.72815920727006,3.57889236053913e-06,1,1,0.824182418241824
0.694283609184317,0.797195146945504,2.16670985342636e-06,1,1,0.797879787978798
0.697221269208931,0.920543507505729,3.08648647079673e-06,1,1,0.793079307930793
0.701553926956451,0.927933150490774,4.13467549732211e-06,1,1,0.803580358035804
0.723841546065724,0.61505385828694,2.26400879416873e-06,1,1,0.892889288928893
0.720601404154216,0.650279800685794,5.79275358749928e-06,1,1,0.880988098809881
0.768816280276038,0.465701746702822,9.56407003134477e-07,1,1,1
0.710379324371792,0.641848879563788,2.2287180083398e-06,1,1,0.855285528552855
0.718631232637959,0.625557856675114,2.0263610843892e-06,1,1,0.878387838783878
0.711637008200103,0.75377254037843,4.13763443035218e-06,1,1,0.847284728472847
0.710915960005261,0.761125124776918,3.82057157129931e-06,1,1,0.844684468446845
0.709573731364333,0.710802928733536,2.71449891902985e-06,1,1,0.846284628462846
0.709979008467905,0.705375590569092,2.88831085902611e-06,1,1,0.847884788478848
0.713030000037045,0.703066181474885,3.12054802809761e-06,1,1,0.855985598559856
0.723539777039487,0.584561735616255,3.17137818255096e-06,1,1,0.895189518951895
0.717715385289172,0.622257476759226,2.38499641880283e-06,1,1,0.876287628762876
0.709456350648021,0.727641254314922,2.4382390936056e-06,1,1,0.844284428442844
0.724378948353205,0.61267432216964,2.46837050724133e-06,1,1,0.894589458945895
0.721272746883467,0.634732328323629,3.37503950373075e-06,1,1,0.884288428842884
0.729009018862271,0.583511819885286,2.58889361645589e-06,1,1,0.909490949094909
0.731266327947921,0.573374397861302,2.76736336519341e-06,1,1,0.916391639163916
0.7320949004189,0.512194884829496,3.24204373608155e-06,1,1,0.924692469246925
0.734679136491072,0.497521665653582,4.12214971734107e-06,1,1,0.932893289328933
0.724985282261491,0.542475141790605,3.69370395897488e-06,1,1,0.903190319031903
0.72750960051725,0.505263177676916,1.7965784723049e-06,1,1,0.913491349134913
0.716019558152032,0.632585022139716,2.43048842072017e-06,1,1,0.870887088708871
0.716744832817646,0.630560669125663,2.46829861930098e-06,1,1,0.872987298729873
0.71573221551701,0.625364202996407,2.13893718886412e-06,1,1,0.870887088708871
0.725163942294953,0.474045256487019,3.59973686973659e-06,1,1,0.910591059105911
0.717618972306326,0.556246348062079,4.29432551800286e-06,1,1,0.882688268826883
0.727380096754358,0.463397092431101,3.11120187537394e-06,1,1,0.917391739173917
0.733752987412259,0.400581389004021,3.07213145518313e-06,1,1,0.94029402940294
0.730590196963637,0.430029091559128,3.40428061245876e-06,1,1,0.929092909290929
0.725630679071073,0.473616617303063,3.25289038199491e-06,1,1,0.911791179117912
0.722944316623288,0.497335627401262,3.37195934004938e-06,1,1,0.902490249024902
0.733310037503494,0.403075031884112,3.15685817169932e-06,1,1,0.938893889388939
0.7322394168242,0.40383810379476,2.98806300423494e-06,1,1,0.935993599359936
0.707656522595189,0.542337942456233,1.9132751781385e-06,1,1,0.858285828582858
0.730186105262722,0.432739794417921,3.48205642427668e-06,1,1,0.927792779277928
0.721643181118397,0.588937515214536,3.5742168446499e-06,1,1,0.88988898889889
0.72689792115591,0.449324028547922,2.16794425201764e-06,1,1,0.917591759175918
0.731060673088489,0.417847091471824,2.68161254195885e-06,1,1,0.931493149314932
0.728556188037897,0.435783677013496,2.03627308100467e-06,1,1,0.923192319231923
0.728075900223104,0.443614398484336,3.74411856029253e-06,1,1,0.921192119211921
0.729439999183319,0.430427124777558,3.8774306678358e-06,1,1,0.926092609260926
0.726248276659985,0.468768250451162,2.87326700282155e-06,1,1,0.913891389138914
0.728530582449745,0.509041893549997,3.37003982189164e-06,1,1,0.915791579157916
0.72368391522578,0.537500229943981,3.86902090979654e-06,1,1,0.9002900290029
0.718600454353181,0.551505839410082,3.94507569209026e-06,1,1,0.885788578857886
0.732124624565079,0.410721630886688,3.25276404339155e-06,1,1,0.934993499349935
0.717633784776674,0.599049631868592,3.87728743978865e-06,1,1,0.878487848784879
0.719308366333773,0.672116900096724,2.63535222409888e-06,1,1,0.875387538753875
0.731964788679647,0.495632323368751,2.53498227586728e-06,1,1,0.925992599259926
0.732923823846235,0.450034215773437,2.28028440070556e-06,1,1,0.933093309330933
0.731040645058731,0.435075144472646,2.38697886126146e-06,1,1,0.92979297929793
0.726054170287284,0.467875094320937,4.20374355772966e-06,1,1,0.913491349134913
0.721354531860481,0.53325484869834,3.81454380969734e-06,1,1,0.894689468946895
0.730397899132367,0.429409314756316,2.98948720997342e-06,1,1,0.928692869286929
0.730229945585628,0.464680786664757,2.68718674680066e-06,1,1,0.924692469246925
0.71972701642165,0.556532860099099,3.96159703897399e-06,1,1,0.888188818881888
0.721724437071507,0.526081181435923,2.18736384821501e-06,1,1,0.896389638963896
0.730384570681893,0.443065898676867,2.40265130299841e-06,1,1,0.927192719271927
0.723355641137125,0.495014171459012,2.0213780253579e-06,1,1,0.903790379037904
0.732222990876697,0.405020975715418,1.78013778545985e-06,1,1,0.935893589358936
0.726674359959104,0.441155697350109,2.92818279367353e-06,1,1,0.917791779177918
0.745588292524743,0.367670025430937,3.01763177387183e-06,1,1,0.974297429742974
0.740511999481852,0.362797823924326,3.37094671349183e-06,1,1,0.961596159615962
0.741699909271105,0.352818590789921,3.11971716391862e-06,1,1,0.965696569656966
0.722301487145593,0.549293862595786,2.18254079128917e-06,1,1,0.895589558955896
0.689142118961288,1.07984048694894,2.69777359959133e-06,1,1,0.756075607560756
0.68638088795954,1.14546666346846,2.69690595322577e-06,1,1,0.742274227422742
0.73414016356842,0.403293579382785,1.30583789791719e-06,1,1,0.940994099409941
0.735066271304462,0.458084109144888,1.83160569832949e-06,1,1,0.937893789378938
0.735794836949578,0.417802495381083,3.52690280099492e-06,1,1,0.943794379437944
0.734562420921852,0.442043978780714,2.83770212369169e-06,1,1,0.938193819381938
0.721418625602166,0.561227948347761,2.25102007622437e-06,1,1,0.892089208920892
0.689099764483403,1.02056668624017,5.53157980832205e-06,1,1,0.761876187618762
0.689672650105954,0.857783046060936,2.20998710928228e-06,1,1,0.77987798779878
0.700187288876818,0.874238701143285,3.75375062349682e-06,1,1,0.805480548054806
0.689789447092154,1.11960618924486,5.8968699633369e-06,1,1,0.753675367536754
0.701098012616069,0.866815188711686,2.94137573963598e-06,1,1,0.808580858085809
0.711721935814132,0.754809582985034,3.80332130553466e-06,1,1,0.847384738473847
0.739316615527369,0.403600081928117,3.02284992499009e-06,1,1,0.954395439543954
0.713396214714072,0.579726021152597,3.09925031449112e-06,1,1,0.869386938693869
0.698025112323554,0.91704972357552,4.09082582586402e-06,1,1,0.795479547954795
0.695960897342983,1.01252455859535,2.69571332864983e-06,1,1,0.78047804780478
0.694698573679628,1.02061005641615,2.9080404055662e-06,1,1,0.776477647764776
0.695562500017573,0.987966140630323,2.85410348501783e-06,1,1,0.781978197819782
0.694667371597224,1.02932305496154,2.53401105658017e-06,1,1,0.775477547754776
0.733295869331229,0.406939773139288,1.91020264529794e-06,1,1,0.938393839383938
0.705660674218429,0.804126776385809,2.88958954799586e-06,1,1,0.826682668266827
0.710660969358431,0.721708028785394,2.51712548479836e-06,1,1,0.847984798479848
0.706681628213037,0.772430008881281,1.96806096298663e-06,1,1,0.832583258325833
0.70540720191585,0.83892782715803,1.94416291379125e-06,1,1,0.822582258225823
0.704703110670757,0.837384494663013,2.08362356595636e-06,1,1,0.820882088208821
0.708304384927934,0.78428357052267,2.16388158666404e-06,1,1,0.835583558355836
0.706363989387046,0.77991101029583,2.17374762072169e-06,1,1,0.830983098309831
0.707316882019591,0.787249315826265,2.24928606786877e-06,1,1,0.832683268326833
0.715277631624909,0.68077521647698,1.67888688271344e-06,1,1,0.864086408640864
0.704886640673247,0.826971960365231,2.46843959590045e-06,1,1,0.822382238223822
0.707566371846464,0.760623055734389,2.38370772046418e-06,1,1,0.836083608360836
0.704797552411197,0.784262862976528,2.28436347051905e-06,1,1,0.826482648264827
0.705033998657076,0.73683349103455,2.30371914105183e-06,1,1,0.831883188318832
0.705682081464655,0.796672117668065,2.12698908710136e-06,1,1,0.827482748274827
0.70745327665172,0.748065922790328,1.90704841577672e-06,1,1,0.836983698369837
0.704696655915355,0.77321279726399,2.20845755488919e-06,1,1,0.827282728272827
0.706089738256282,0.783760110384081,2.05859716313336e-06,1,1,0.82988298829883
0.708906786787077,0.766467091393304,2.02576897107428e-06,1,1,0.838883888388839
0.712097151804964,0.776415836638512,2.48273869008371e-06,1,1,0.846184618461846
0.707800776546408,0.763103775565891,2.25184246824384e-06,1,1,0.836383638363836
0.707191100374358,0.797811625053091,2.39159631704018e-06,1,1,0.831283128312831
0.710673700850603,0.851437058730905,2.59912426455562e-06,1,1,0.834883488348835
0.710748636918578,0.755772467589083,2.30036281946349e-06,1,1,0.844784478447845
0.717789862221612,0.617693462293059,1.73521248097975e-06,1,1,0.876987698769877
0.699228012869261,0.820557356691284,2.97974832770195e-06,1,1,0.808380838083808
0.699617471697044,0.833484099478352,2.26297776606792e-06,1,1,0.808080808080808
0.715478921656798,0.683902806174977,2.09272752341701e-06,1,1,0.864286428642864
0.70723192494824,0.7423703036752,1.77507151026205e-06,1,1,0.836983698369837
0.707738993530292,0.71663008531667,1.9575670722501e-06,1,1,0.840884088408841
0.708915909639202,0.809931476183986,1.85936647881859e-06,1,1,0.834583458345835
0.710310439580884,0.718902573756747,1.650465825888e-06,1,1,0.847384738473847
0.711840788992851,0.675871847345373,1.59122815668553e-06,1,1,0.855685568556856
0.708683680259361,0.740177299210478,1.86530590086472e-06,1,1,0.840984098409841
0.712012902987681,0.695298442687561,1.80802012419718e-06,1,1,0.854185418541854
0.713554471982092,0.678788207048673,1.77013657923077e-06,1,1,0.85978597859786
0.715192958299495,0.674231848699178,1.77631914489033e-06,1,1,0.864486448644864
0.703640549227216,0.654983472759874,1.81342560487117e-06,1,1,0.836483648364836
0.691683575876556,0.747135390537724,2.48854732488652e-06,1,1,0.796179617961796
0.693843815264076,0.788014658253871,2.15961938138774e-06,1,1,0.797679767976798
0.695399313531568,0.760343720042487,2.68359669056205e-06,1,1,0.804480448044804
0.70019961722338,0.733549573812234,1.92342717545262e-06,1,1,0.81968196819682
0.703075154945595,0.655719849123088,2.77668461515039e-06,1,1,0.834983498349835
0.702618524147686,0.656691642731465,2.94561956557458e-06,1,1,0.833683368336834
0.699488829028403,0.725736932248041,1.78874462316562e-06,1,1,0.818581858185819
0.701232413810952,0.705468462614344,2.47553560504344e-06,1,1,0.825182518251825
0.700532061563799,0.675261202609859,2.15009448688745e-06,1,1,0.826382638263826
0.700542536882514,0.71589461693069,1.86640966080983e-06,1,1,0.822382238223822
0.701048903942429,0.695182632052906,2.96405215126558e-06,1,1,0.825782578257826
0.702297523215687,0.668659607842378,2.37765403915703e-06,1,1,0.831683168316832
0.704972259848116,0.746066881940847,1.33233645508679e-06,1,1,0.830783078307831
0.699351775984484,0.701874907494337,3.04899928412896e-06,1,1,0.820682068206821
0.699084313942382,0.71759359119344,1.89531097432553e-06,1,1,0.818381838183818
0.70284945045775,0.657683262836806,3.20377564945299e-06,1,1,0.834183418341834
0.701847915028334,0.634393234909302,1.98442283820516e-06,1,1,0.833983398339834
0.698734155316781,0.730010864435958,1.81910447772768e-06,1,1,0.816181618161816
0.698859182804561,0.718702504053614,2.05317124468692e-06,1,1,0.817681768176818
0.697805479309453,0.7377494723772,2.24651597032077e-06,1,1,0.813081308130813
0.696820055931951,0.690581767125405,3.305709255934e-06,1,1,0.815281528152815
0.696132458845809,0.719807354884151,3.6884839930215e-06,1,1,0.81048104810481
0.695233664516239,0.719842177697683,3.0474135393678e-06,1,1,0.808180818081808
0.699736496743653,0.722826888608885,1.98659028428402e-06,1,1,0.81958195819582
0.701753107118571,0.705694464349354,1.90136888878266e-06,1,1,0.826482648264827
0.700899729524991,0.716735342133053,1.64534015259819e-06,1,1,0.823182318231823
0.699851443552703,0.731147943309774,1.75820952219385e-06,1,1,0.818981898189819
0.697172689375011,0.695050419285424,1.67086500945654e-06,1,1,0.815681568156816
0.699003062068023,0.700147893474769,1.7461647697857e-06,1,1,0.81998199819982
0.698397587189513,0.699591465971458,1.71040774580785e-06,1,1,0.818381838183818
0.698013576409667,0.693771002491083,1.66895814378623e-06,1,1,0.817981798179818
0.699669178508124,0.588094398714763,2.00216039814412e-06,1,1,0.832983298329833
0.698466059431384,0.63349267406986,2.01861749839721e-06,1,1,0.825282528252825
0.696245008089832,0.671391361947168,2.79549991045536e-06,1,1,0.815681568156816
0.697180372718222,0.677186287536114,2.03802172757261e-06,1,1,0.817481748174817
0.701261559345775,0.572642754786716,1.83856484739895e-06,1,1,0.838683868386839
0.696999705731827,0.662189366468839,1.95548204584788e-06,1,1,0.818581858185819
0.696582489750024,0.649382264601958,1.83271977379812e-06,1,1,0.818781878187819
0.731819887794624,0.401685971383293,1.80028479340463e-06,1,1,0.935093509350935
0.702236566840716,0.704383181018384,3.15806452807591e-06,1,1,0.827882788278828
0.700712736468725,0.670347923016461,3.50414822227807e-06,1,1,0.827382738273827
0.715704419603604,0.523421974942281,1.66002686089435e-06,1,1,0.881088108810881
0.731995042597173,0.288649408337319,2.93132687724234e-06,1,1,0.946994699469947
0.699980948470268,0.682973438801146,3.39640544301466e-06,1,1,0.824182418241824
0.698739659654054,0.658119103830757,3.07384132661581e-06,1,1,0.823482348234823
0.699095190460906,0.675178633294749,3.47395031876457e-06,1,1,0.822682268226823
0.698905637441664,0.654775816625315,3.3189600534825e-06,1,1,0.824282428242824
0.700173682304724,0.646694928238382,2.86527978569978e-06,1,1,0.828382838283828
0.698059575563972,0.656653021172258,3.05976184723972e-06,1,1,0.821882188218822
0.695693950312592,0.610349313455728,3.03865174397109e-06,1,1,0.82038203820382
0.69427494400935,0.641536969196321,3.34813785634411e-06,1,1,0.813581358135814
0.702540970921672,0.61056049853646,2.9322438589922e-06,1,1,0.838183818381838
0.707992414186123,0.505860602551948,2.76274769388572e-06,1,1,0.862886288628863
0.726999787263711,0.318865270627014,1.80821012952042e-06,1,1,0.930993099309931
0.729490814834006,0.369687285252203,3.16063659103294e-06,1,1,0.932293229322932
0.732862803979821,0.292923192465552,2.36282602100696e-06,1,1,0.948794879487949
0.709543698668739,0.55955418063659,1.82451688067705e-06,1,1,0.861486148614862
0.737597995161914,0.231070471950589,4.23118866607751e-06,1,1,0.967296729672967
0.704911977814084,0.655103838907522,3.47306073453444e-06,1,1,0.83978397839784
0.74386124087062,0.361735811133639,3.32701914371931e-06,1,1,0.97039703970397
0.739661591330945,0.378477804853668,3.30625411264033e-06,1,1,0.957795779577958
0.741720782175388,0.385900156776801,3.25510417100346e-06,1,1,0.962396239623962
0.740238491574536,0.38035098021912,3.08810265610434e-06,1,1,0.959095909590959
0.74318110448647,0.344573746236846,2.43029350126105e-06,1,1,0.97039703970397
0.732924460286699,0.431699214330235,2.2522802352643e-06,1,1,0.934993499349935
0.697870256025762,0.912185241377189,2.75375715474137e-06,1,1,0.795579557955796
0.698065546040336,0.612024374144118,4.62069454055542e-06,1,1,0.826382638263826
0.713175688769606,0.782808616231862,2.28574562848646e-06,1,1,0.848384838483848
0.703051270195616,0.865889859301364,2.84167913992163e-06,1,1,0.813681368136814
0.695400400112539,0.966368260267213,4.29286732898817e-06,1,1,0.783778377837784
0.747405547049744,0.201861556434479,2.21167402412014e-06,1,1,0.995699569956996
0.714787976510939,0.751995604393423,2.57023952623939e-06,1,1,0.855585558555856
0.732748136274112,0.383170898907662,1.91742404629477e-06,1,1,0.939393939393939
0.787739683964143,0.454216014400665,1.15561540428691e-06,1,1,1
0.733273201627577,0.542507060421238,3.40825183183361e-06,1,1,0.924692469246925
0.702564932676812,0.684653987222656,1.15500571681075e-06,1,1,0.830683068306831
0.704627517808418,0.730268379991054,1.29127424795525e-06,1,1,0.831483148314831
0.698940187980695,0.802618091553397,3.55959477582472e-06,1,1,0.80948094809481
0.695807980193526,0.822442483683713,5.60026960647146e-06,1,1,0.799279927992799
0.696008103549469,0.82029921361736,3.35716797044849e-06,1,1,0.8000800080008
0.695921082610649,0.819430059199689,4.99477407016571e-06,1,1,0.7998799879988
0.695946284441187,0.824132970894605,4.69549479170195e-06,1,1,0.799479947994799
0.696120804879393,0.815765906539023,3.65287143915633e-06,1,1,0.800780078007801
0.695946522599488,0.836133617126195,3.77956975700019e-06,1,1,0.798279827982798
0.697553235006922,0.792199017886696,2.87023118956754e-06,1,1,0.806880688068807
0.696267920707708,0.822757929709608,5.26962364971799e-06,1,1,0.8004800480048
0.693444371721075,0.874362576774853,5.16345879337383e-06,1,1,0.787978797879788
0.693089851626707,0.880228839051048,4.58916877066443e-06,1,1,0.786478647864786
0.700313887785086,0.708999413782236,3.899714582189e-06,1,1,0.822482248224823
0.699558989520186,0.726592951278571,3.68183171372321e-06,1,1,0.818681868186819
0.71797156826429,0.640862450788148,2.4728806663901e-06,1,1,0.875087508750875
0.700524537966199,0.704060582681897,5.11253052485928e-06,1,1,0.823482348234823
0.69592505954654,0.819842855103206,4.27415001720131e-06,1,1,0.7998799879988
0.696013079832675,0.814756883756025,3.62773302914723e-06,1,1,0.800580058005801
0.696276853710361,0.808866398671799,3.81998203984129e-06,1,1,0.801880188018802
0.69757870371679,0.816569978579112,3.88855235054005e-06,1,1,0.804480448044804
0.697546365819911,0.786145499920584,4.74728384481851e-06,1,1,0.807480748074808
0.697086743898712,0.807057504467219,4.3351458070675e-06,1,1,0.804180418041804
0.696711186570549,0.817210795238338,4.44620756934521e-06,1,1,0.802180218021802
0.696812145901785,0.795109276478039,3.774069382471e-06,1,1,0.804680468046805
0.696562024598051,0.813351562594935,4.97194584693877e-06,1,1,0.802180218021802
0.697324135274693,0.79415907588948,4.1812993613009e-06,1,1,0.806080608060806
0.697787881245427,0.774120207564191,3.64734974506288e-06,1,1,0.809280928092809
0.696911474712656,0.806333508033738,3.17907728551686e-06,1,1,0.803780378037804
0.696637955415024,0.807831382517886,3.81963691645123e-06,1,1,0.802980298029803
0.696975622854795,0.801650104235853,4.33182357456218e-06,1,1,0.804480448044804
0.696982044219657,0.801344741095792,4.49667896994537e-06,1,1,0.804480448044804
0.697037481711456,0.783672721709689,3.09523577441365e-06,1,1,0.806380638063806
0.696924829243546,0.804567484466101,4.39445645446891e-06,1,1,0.803980398039804
0.697378384354246,0.80084721011896,4.03641980609984e-06,1,1,0.805580558055806
0.697777538904577,0.79597289584738,4.6962796456016e-06,1,1,0.807080708070807
0.6980400120932,0.786144945800175,4.80654101203618e-06,1,1,0.808780878087809
0.698203182213709,0.762583543020376,3.05224305301025e-06,1,1,0.811581158115812
0.697787454328911,0.765488443574738,3.56961684731554e-06,1,1,0.81018101810181
0.699103246290721,0.751773730627824,2.94552367580343e-06,1,1,0.814981498149815
0.697893891024157,0.76982140928714,3.64238405311364e-06,1,1,0.80998099809981
0.697509424227904,0.776150534627799,3.86987660728685e-06,1,1,0.808380838083808
0.697823958492965,0.764618440185443,3.397298786419e-06,1,1,0.81038103810381
0.698398580454419,0.749225638649232,3.36236981687614e-06,1,1,0.813381338133813
0.697708936114949,0.778319577289583,4.25140480278366e-06,1,1,0.808680868086809
0.698169009259224,0.757224674296617,3.62633142231753e-06,1,1,0.811981198119812
0.705664424904988,0.922314203521005,2.17974174397654e-06,1,1,0.814781478147815
0.679870296334429,1.10118440111264,5.54056485608408e-06,1,1,0.72987298729873
0.689243382525414,1.02117726765899,3.37043369195397e-06,1,1,0.762276227622762
0.673656631325905,1.3191619038647,3.16025921683054e-06,1,1,0.691769176917692
0.716864916424247,0.672750950793737,1.98892818529139e-06,1,1,0.868986898689869
0.725002333692879,0.410005345537098,2.60460309208833e-06,1,1,0.916591659165917
0.707806672837441,0.834237736361333,2.35977240471905e-06,1,1,0.829182918291829
0.729397935285739,0.512168627484135,2.28845809166616e-06,1,1,0.917691769176918
0.756178491645725,0.238461244455939,2.29887495275857e-06,1,1,1
0.756721556721549,0.219501905460495,2.3863488594002e-06,1,1,1
0.753031557641562,0.242222374160878,2.54532251738295e-06,1,1,1
0.752262706050629,0.257568138940782,3.08040600321745e-06,1,1,1
0.752559152680087,0.249053466677591,2.26050372644439e-06,1,1,1
0.716717058814516,0.608753099043304,3.31310001190821e-06,1,1,0.875087508750875
0.73324473479335,0.484904395744165,2.25503068154616e-06,1,1,0.93039303930393
0.727296587285245,0.502229700484752,2.44267679606279e-06,1,1,0.913291329132913
0.718869808398679,0.639992175805971,3.10618603143037e-06,1,1,0.877487748774877
0.725161503563317,0.538033730878306,3.50395699364913e-06,1,1,0.904090409040904
0.724595967179147,0.528699192895054,4.1895219994401e-06,1,1,0.903590359035904
0.733557622051531,0.65998327282803,2.69774243062253e-06,1,1,0.913591359135914
0.706553230977674,0.870293991577256,1.87526928852719e-06,1,1,0.822382238223822
0.699741090030878,0.804318480867444,6.03535155696776e-06,1,1,0.811381138113811
0.699170042813947,0.841962640813418,6.14928279778795e-06,1,1,0.806080608060806
0.699577230481223,0.845509502721885,5.90164057121386e-06,1,1,0.806780678067807
0.699050567825908,0.859142682988291,5.91773984808445e-06,1,1,0.803980398039804
0.698760866224781,0.863979666435908,5.79764659002585e-06,1,1,0.802780278027803
0.698952142204166,0.859664694921207,6.03435046374793e-06,1,1,0.803680368036804
0.699491479571605,0.848964080238989,5.44333892495372e-06,1,1,0.806180618061806
0.698626162690948,0.841335048898157,2.90206299861238e-06,1,1,0.804680468046805
0.698394570285977,0.841399584333837,4.05193144132719e-06,1,1,0.804080408040804
0.697917629020248,0.847880401962951,4.7499025518068e-06,1,1,0.802180218021802
0.698204053990042,0.849353089683139,2.55836655470726e-06,1,1,0.802780278027803
0.699601872673356,0.825393306914359,2.86396184917178e-06,1,1,0.808880888088809
0.699220696667833,0.83423485972693,3.07208214079215e-06,1,1,0.806980698069807
0.698735433602893,0.83192092297363,2.81493361143696e-06,1,1,0.805980598059806
0.698468029811474,0.837668673085996,2.41363749985715e-06,1,1,0.804680468046805
0.697746149666884,0.840986275360006,1.81442312004091e-06,1,1,0.802480248024802
0.698277667848539,0.840805953258462,2.30628807027124e-06,1,1,0.803880388038804
0.698315496810724,0.847798072228383,2.25365140712811e-06,1,1,0.803280328032803
0.698031222673248,0.842904166773475,2.44846718268591e-06,1,1,0.802980298029803
0.698714867349555,0.846625028735902,3.28317434509787e-06,1,1,0.804380438043804
0.69607050172767,0.842557018962169,2.51311237010404e-06,1,1,0.797979797979798
0.697859086125521,0.857726060977859,2.90172872652693e-06,1,1,0.801080108010801
0.698271061402758,0.8495743117021,2.57644780668466e-06,1,1,0.802980298029803
0.697743122704221,0.845573450196158,2.44778945633503e-06,1,1,0.801980198019802
0.697653454799955,0.840707469901059,2.60400590725317e-06,1,1,0.802280228022802
0.697936721752776,0.838933222142487,2.87519515825594e-06,1,1,0.803180318031803
0.698977827271166,0.840776998770056,3.89469974678274e-06,1,1,0.805680568056806
0.698839685717532,0.828078249935408,2.90538538730949e-06,1,1,0.806580658065807
0.699762966278426,0.806967862473092,2.34218312162559e-06,1,1,0.811081108110811
0.696866905527693,0.832793249876221,3.15638928208658e-06,1,1,0.800980098009801
0.69931263743227,0.818660840343902,3.48966597700455e-06,1,1,0.808780878087809
0.698715844603594,0.84134852464257,3.50534218420669e-06,1,1,0.804980498049805
0.697900666017902,0.846142862898008,3.34322156939165e-06,1,1,0.802380238023802
0.699637036438905,0.806145593642981,2.70101053344766e-06,1,1,0.810881088108811
0.697420846622075,0.870089882995295,3.88254103093987e-06,1,1,0.798679867986799
0.697574466107901,0.866991095680918,3.66504274215162e-06,1,1,0.799379937993799
0.697212394989211,0.87022364108709,3.79634528230002e-06,1,1,0.798079807980798
0.697305767165568,0.875940468285949,4.14626967335281e-06,1,1,0.797779777977798
0.698108132462475,0.855663069568538,4.57191605059389e-06,1,1,0.801880188018802
0.743607067024297,0.296877359569801,3.24514200377808e-06,1,1,0.976297629762976
0.706814763709106,0.519109049330387,3.90477203127971e-06,1,1,0.858485848584858
0.704516143885233,0.514986838424316,3.62587432094902e-06,1,1,0.852885288528853
0.704020235900704,0.690733526847313,3.29570159410615e-06,1,1,0.833883388338834
0.702417131806482,0.623877865439814,1.62545986756955e-06,1,1,0.836483648364836
0.710839828604665,0.57000528850336,2.36835820693272e-06,1,1,0.863786378637864
0.709054034499625,0.575159825253971,3.65081218751681e-06,1,1,0.858585858585859
0.710192155482723,0.551441567801429,2.49448047006927e-06,1,1,0.863986398639864
0.70990864246929,0.552790475947887,3.89998026582374e-06,1,1,0.863086308630863
0.706289906403844,0.617463094664709,2.21735075331436e-06,1,1,0.847184718471847
0.703787024040751,0.831939011029233,5.03323745286834e-06,1,1,0.819081908190819
0.706444898416514,0.688593880220447,1.95912815822431e-06,1,1,0.84038403840384
0.712719962627864,0.743552273191496,3.100628881382e-06,1,1,0.851085108510851
0.707944774125953,0.766126581293717,3.99255089955879e-06,1,1,0.836483648364836
0.708831121571046,0.756650561752432,4.02282144288627e-06,1,1,0.83968396839684
0.707191416642059,0.779184177178848,3.08203409472937e-06,1,1,0.833183318331833
0.708402315334018,0.711089494039155,2.56539561160378e-06,1,1,0.843184318431843
0.707496773096111,0.732731139453439,4.01985968353805e-06,1,1,0.838683868386839
0.707332802072284,0.795457423265855,4.56780962863038e-06,1,1,0.831883188318832
0.707136443968645,0.784103347886499,5.03856989849461e-06,1,1,0.832583258325833
0.740553062868716,0.353006852823268,3.04228158441394e-06,1,1,0.962696269626963
0.707645682109822,0.792588896272477,3.5147595861861e-06,1,1,0.832983298329833
0.707185521115227,0.760026193953757,4.95850477949221e-06,1,1,0.835083508350835
0.711470964457211,0.561943676985161,2.12849663417645e-06,1,1,0.866186618661866
0.721712800389922,0.543516253492839,1.24931839772574e-06,1,1,0.894589458945895
0.713129042619819,0.577642152031247,6.16733258499191e-06,1,1,0.868886888688869
0.702214437263982,0.722491348080693,2.48000950637414e-06,1,1,0.825982598259826
0.704754138696554,0.675243787319668,3.01836991170655e-06,1,1,0.837383738373837
0.707006088760396,0.78554217452621,4.81446725492935e-06,1,1,0.832083208320832
0.708629663498044,0.757650466137603,5.09746808047238e-06,1,1,0.839083908390839
0.708324734927187,0.700034952515666,2.55945300978277e-06,1,1,0.844084408440844
0.704632092644358,0.78802447981226,2.96733933521393e-06,1,1,0.825682568256826
0.711736931317809,0.731549418466318,4.52280673348904e-06,1,1,0.84978497849785
0.698441892581547,0.790711702779366,4.46273838907698e-06,1,1,0.809380938093809
0.703080350956545,0.788358478257267,4.58707223441311e-06,1,1,0.821582158215822
0.707329972574798,0.730087707676791,2.50563434052248e-06,1,1,0.838483848384838
0.705152608065418,0.794059136294008,3.02688025148178e-06,1,1,0.826382638263826
0.742965656312812,0.33440383433512,4.14509451087112e-06,1,1,0.970797079707971
0.736937489035055,0.402449100940493,2.32212191110835e-06,1,1,0.948294829482948
0.709127437011329,0.750512404331335,2.54640250528331e-06,1,1,0.841084108410841
0.715754796015913,0.68419464214145,2.37478549342168e-06,1,1,0.864986498649865
0.74162081453166,0.360309957114715,2.1314416270762e-06,1,1,0.964696469646965
0.786255171037141,1.07089290552181,1.06497025797583e-07,1,1,1
0.709369477555758,0.670328781004114,2.94926446886257e-06,1,1,0.84978497849785
0.710493478249262,0.66992264547758,1.6060685210822e-06,1,1,0.852785278527853
0.707712179317405,0.6694587439485,2.15304015587776e-06,1,1,0.845584558455846
0.713553736693001,0.66261648649952,2.4952377507257e-06,1,1,0.861486148614862
0.722794557113967,0.5066698172482,1.61959995972865e-06,1,1,0.901190119011901
0.711590797137588,0.605826330003619,1.80331860033957e-06,1,1,0.862086208620862
0.713258646094182,0.69368812354986,1.62683268677475e-06,1,1,0.857585758575858
0.706084006997083,0.683332025469829,2.61815049484907e-06,1,1,0.83998399839984
0.708155854214722,0.625578683619761,2.01587511503709e-06,1,1,0.851185118511851
0.712308320413081,0.57808090890679,1.86634315836721e-06,1,1,0.866786678667867
0.703906961708447,0.702416784920656,2.77502844048962e-06,1,1,0.832383238323832
0.712350819161376,0.620914358516935,1.90313942154247e-06,1,1,0.862586258625863
0.71164935719852,0.597528158523062,1.89181515943118e-06,1,1,0.863086308630863
0.711124450832697,0.620933318441669,3.12621774776385e-06,1,1,0.859385938593859
0.714625646577094,0.589136350291279,3.70670105313461e-06,1,1,0.871687168716872
0.7141164981482,0.574459317405266,3.12823859805291e-06,1,1,0.871787178717872
0.749246957919393,0.310090727498153,2.96794315285644e-06,1,1,0.98959895989599
0.707178358936395,0.716056748382567,2.68313324738328e-06,1,1,0.83948394839484
0.708442781732323,0.766875126641225,3.50030751644862e-06,1,1,0.837683768376838
0.706888395902626,0.567415323943467,2.30214587062144e-06,1,1,0.853785378537854
0.709079114885232,0.726255501478717,3.62967321881369e-06,1,1,0.843384338433843
0.707842790184664,0.764405201625784,2.73071867812944e-06,1,1,0.836383638363836
0.705156918653789,0.830347490549221,3.07679559871147e-06,1,1,0.822782278227823
0.708010127939457,0.760644231639794,3.98642760743108e-06,1,1,0.837183718371837
0.709779562518543,0.76108249339912,4.8860693539616e-06,1,1,0.841684168416842
0.705525954514399,0.810927919071352,5.48581012253322e-06,1,1,0.825682568256826
0.708306183425005,0.652458669034297,2.50784834034443e-06,1,1,0.848884888488849
0.706666773435972,0.730880891352327,4.04151750892301e-06,1,1,0.836683668366837
0.706301730193682,0.639824083420276,3.55726029616191e-06,1,1,0.844984498449845
0.711446999205341,0.74223580290971,3.92453161811828e-06,1,1,0.847984798479848
0.70798823363792,0.741794782137428,4.06955909525863e-06,1,1,0.838983898389839
0.705650842953085,0.757716919366835,2.44698429284843e-06,1,1,0.831383138313831
0.709117855171458,0.683895255009704,3.20921844667751e-06,1,1,0.847784778477848
0.716022567194068,0.569782260515429,4.02786255190477e-06,1,1,0.877187718771877
0.70818801554713,0.631954917625156,4.57388395548169e-06,1,1,0.850585058505851
0.707058985616214,0.685435936425673,5.11074520879407e-06,1,1,0.842284228422842
0.70601264412432,0.795434433118722,5.04093413721061e-06,1,1,0.828482848284828
0.709069869118128,0.676733508561528,5.59280754215265e-06,1,1,0.848384838483848
0.706813505402145,0.813660247595785,4.65712372767571e-06,1,1,0.828682868286829
0.705982340541364,0.821860631968883,4.43307276066853e-06,1,1,0.825782578257826
0.706479474808847,0.792568360128294,4.8440129133771e-06,1,1,0.82998299829983
0.705631182198604,0.779466806654601,5.47266074867067e-06,1,1,0.829082908290829
0.705343427684954,0.680654468914396,3.44299652766808e-06,1,1,0.838383838383838
0.712790105233099,0.530549495218437,2.57753257819171e-06,1,1,0.872787278727873
0.704952385236562,0.535864185276531,4.52031732625039e-06,1,1,0.851985198519852
0.708189388373887,0.486033935042931,2.62790318015237e-06,1,1,0.865386538653865
0.704136159239884,0.842446264610795,4.00584455783879e-06,1,1,0.818881888188819
0.705568681924566,0.813202296115461,3.07947598461844e-06,1,1,0.825582558255826
0.704477903501637,0.852796647392806,2.53624114901986e-06,1,1,0.818681868186819
0.703677368377729,0.863221177930534,1.6789016381316e-06,1,1,0.815581558155816
0.763666540684202,0.231757844965506,1.76766683037235e-06,1,1,1
0.731811221406995,0.439673473860121,1.91709784971797e-06,1,1,0.931293129312931
0.725729721831124,0.471786545535556,2.48323221988143e-06,1,1,0.912291229122912
0.732424183987276,0.517502834152099,2.73873755105981e-06,1,1,0.924992499249925
0.732387839767765,0.525120999000444,2.55963157890419e-06,1,1,0.924192419241924
0.732143871186354,0.530420274571058,2.47731949651723e-06,1,1,0.922992299229923
0.732078365568887,0.541248736072265,2.46887270729756e-06,1,1,0.921692169216922
0.731875080087028,0.523893233447031,2.64090255754149e-06,1,1,0.922992299229923
0.731532168217496,0.526961859246676,2.40403803897014e-06,1,1,0.921792179217922
0.731894196798583,0.542926657224267,2.29680952258215e-06,1,1,0.921092109210921
0.732063078089395,0.530516444425652,2.43980940499044e-06,1,1,0.922792279227923
0.731883490167794,0.530438117044895,2.44097531142021e-06,1,1,0.922292229222922
0.731916137410074,0.515771008322309,2.48807731555063e-06,1,1,0.923892389238924
0.732065546561888,0.521332641794825,2.50685993208564e-06,1,1,0.923692369236924
0.731864997876758,0.535556928186253,2.23375259214946e-06,1,1,0.921792179217922
0.731734486251672,0.524080131161355,2.40632821435402e-06,1,1,0.922592259225923
0.73113433141218,0.564853924254051,2.53084632611578e-06,1,1,0.916891689168917
0.731164741120076,0.601037662142178,2.23632709013113e-06,1,1,0.913291329132913
0.730087112477772,0.579261208991586,2.57981316161458e-06,1,1,0.912691269126913
0.729494319144439,0.585020700569476,2.70477563820539e-06,1,1,0.910591059105911
0.728189597233364,0.585795209024555,2.51116099900019e-06,1,1,0.907190719071907
0.726183141448002,0.593537059506798,3.0925292456356e-06,1,1,0.901190119011901
0.722321624718235,0.555068448756844,1.91810642002025e-06,1,1,0.894989498949895
0.725639831456415,0.575385348132751,2.29148331704464e-06,1,1,0.901590159015902
0.722531409216974,0.543524948402483,2.59682165670384e-06,1,1,0.896789678967897
0.716779231820155,0.616807723881543,3.97103107660675e-06,1,1,0.874387438743874
0.729942511450868,0.544505573418446,2.87803607399963e-06,1,1,0.915891589158916
0.731207429027682,0.540537017908157,2.24884762067893e-06,1,1,0.91949194919492
0.731539953769011,0.526273569519848,2.12204617621277e-06,1,1,0.921792179217922
0.731400267708273,0.54961494022067,2.23755211524607e-06,1,1,0.919091909190919
0.755694669641294,0.318126287981555,2.39360683986395e-06,1,1,1
0.7473458510714,0.309049814254148,3.11124209148894e-06,1,1,0.984698469846985
0.747372642908472,0.290741368592471,2.89308600745614e-06,1,1,0.986698669866987
0.723078685574207,0.459940586691292,3.31113288918871e-06,1,1,0.906590659065907
0.702871972865557,0.683472611550547,2.48608228918567e-06,1,1,0.831683168316832
0.703185123349894,0.856066800574448,4.76421601976749e-06,1,1,0.815081508150815
0.703169177552916,0.648425672681338,2.27148970263005e-06,1,1,0.835983598359836
0.703310452025071,0.88104948493282,2.65869996911563e-06,1,1,0.812881288128813
0.703095023490691,0.793478723784049,3.03526744020715e-06,1,1,0.821082108210821
0.702063519289798,0.851011227687846,5.00672094604977e-06,1,1,0.812681268126813
0.701998802151393,0.826136700602941,4.46792184848338e-06,1,1,0.814981498149815
0.704276538936484,0.769828880826403,2.28092562980714e-06,1,1,0.826582658265827
0.700781518294277,0.891554448199853,4.93954541005986e-06,1,1,0.805280528052805
0.705069664112251,0.816259951450752,4.32876870763652e-06,1,1,0.823982398239824
0.736644127152464,0.464265831483842,2.58574518996861e-06,1,1,0.941294129412941
0.723109365348595,0.502568542051173,2.51103547646468e-06,1,1,0.902390239023902
0.730018429180836,0.499563761879581,2.10295426687091e-06,1,1,0.920592059205921
0.742663073472649,0.324081050231883,2.45506106990632e-06,1,1,0.971097109710971
0.721640432971162,0.517467781364369,2.49195275504449e-06,1,1,0.897089708970897
0.732876027366773,0.445027362772489,2.6706147971706e-06,1,1,0.933493349334933
0.737582319038893,0.375581590138982,1.24236483955427e-06,1,1,0.952695269526953
0.742759619669616,0.381447266319317,2.02536968600902e-06,1,1,0.965496549654965
0.744460745804555,0.320454168412885,1.68971843900301e-06,1,1,0.976097609760976
0.733973832489672,0.440028792792123,3.07012715556858e-06,1,1,0.936893689368937
0.745620143744597,0.425958134697038,1.70445887073653e-06,1,1,0.968496849684969
0.742875857622798,0.44127555118004,1.47427248312096e-06,1,1,0.95979597959796
0.735188417541908,0.408367364428898,1.55037767672573e-06,1,1,0.943194319431943
0.736160266319182,0.416556934515074,1.93722105245451e-06,1,1,0.944894489448945
0.737907994963008,0.416335883351367,2.09174161918112e-06,1,1,0.949394939493949
0.735205943715122,0.460166409843985,1.44626521845261e-06,1,1,0.937993799379938
0.751648473392392,0.309791535500334,1.4049385684425e-06,1,1,0.995799579957996
0.755372530070109,0.272477752821233,1.18898810119406e-06,1,1,1
0.740682430796188,0.383646495573855,3.45448328637546e-06,1,1,0.95989598959896
0.701883030747006,0.799909175917589,3.49741092915376e-06,1,1,0.817381738173817
0.73550576468806,0.406750244537921,2.53988308535028e-06,1,1,0.944194419441944
0.710933012768492,0.716981732010888,1.0370118401515e-06,1,1,0.849184918491849
0.749153749280449,0.295454472449324,2.71366196597736e-06,1,1,0.990799079907991
0.740253791614627,0.406975645081341,2.4243389693455e-06,1,1,0.956495649564956
0.750237145002088,0.239042683653089,3.53021175292856e-06,1,1,0.999299929992999
0.738341820552274,0.402458861456873,2.6169204756804e-06,1,1,0.951995199519952
0.749205914402049,0.292094365933952,1.57556957322364e-06,1,1,0.991299129912991
0.736592188936627,0.404067338347512,2.63064161180399e-06,1,1,0.947294729472947
0.762599391023622,0.238473389328677,1.50805494789893e-06,1,1,1
0.759057713869183,0.255815752867478,1.49814096864651e-06,1,1,1
0.753722940422828,0.280733760792318,2.77944233059694e-06,1,1,1
0.75598926622136,0.249760927261165,2.83265432792181e-06,1,1,1
0.744907826756236,0.349156688613926,3.49509811922529e-06,1,1,0.974397439743974
0.748127327611648,0.407541400646696,2.19135022869703e-06,1,1,0.976797679767977
0.747116461851149,0.343128237508243,2.44773255539963e-06,1,1,0.980698069806981
0.742903960878333,0.344273858266344,2.47308372558742e-06,1,1,0.96969696969697
0.751056399075719,0.439273379567511,9.51168590737687e-07,1,1,0.981198119811981
0.739111040081692,0.364826548869424,1.98890791872803e-06,1,1,0.957795779577958
0.739025613457298,0.427691493907654,2.29158864550442e-06,1,1,0.951195119511951
0.742126975446517,0.38917403536258,2.33572551807661e-06,1,1,0.963096309630963
0.738699691459845,0.390716210606728,2.4636183001327e-06,1,1,0.954095409540954
0.745260072624627,0.377449806099158,2.22064933112295e-06,1,1,0.972397239723972
0.744697805242498,0.340099660445981,2.30574849373934e-06,1,1,0.974697469746975
0.750810372399934,0.313222948134025,2.68816200848961e-06,1,1,0.993299329932993
0.746197348379302,0.320002532701547,1.67657098954894e-06,1,1,0.980698069806981
0.749671228280674,0.319351872495549,1.72281462502399e-06,1,1,0.98969896989699
0.746249037850193,0.317670629724276,2.4613400655276e-06,1,1,0.980998099809981
0.75359264522848,0.337843992226666,1.71705548687802e-06,1,1,0.997999799979998
0.744621526806351,0.352931067887886,2.91960432686812e-06,1,1,0.973297329732973
0.740177922406651,0.348171581881804,2.91402053430588e-06,1,1,0.962196219621962
0.738965602654809,0.425704850365316,2.80026195668712e-06,1,1,0.951195119511951
0.735430233100705,0.359374443628899,2.02438234413313e-06,1,1,0.948794879487949
0.741018193225962,0.523018958979809,1.75976570834926e-06,1,1,0.946694669466947
0.678476236759134,1.40790217884948,3.79258212763494e-06,1,1,0.695269526952695
0.685834586651727,1.17816051840174,2.21660913262252e-06,1,1,0.737573757375738
0.681477343334726,1.30080410421516,3.13110489130011e-06,1,1,0.713871387138714
0.679010794567358,1.28488206414753,3.07325616550652e-06,1,1,0.709070907090709
0.693685229457005,0.913341765297868,5.14307334360836e-06,1,1,0.784678467846785
0.687396196583062,1.02250599361218,2.5473123072908e-06,1,1,0.757275727572757
0.723716951598656,0.527430602086542,2.81359798755644e-06,1,1,0.901390139013901
0.681688748626044,1.29939068630908,4.20205508195918e-06,1,1,0.714571457145715
0.685311071708061,1.24785429446117,4.85509039472273e-06,1,1,0.729172917291729
0.679473024178956,1.33197108278769,2.92182537309056e-06,1,1,0.705570557055706
0.680680837829832,1.2598558082476,2.98711764475482e-06,1,1,0.715971597159716
0.691140213822958,1.12715355548573,2.99094313197752e-06,1,1,0.756475647564756
0.710175194048084,0.764914222260645,2.6936957404498e-06,1,1,0.842384238423842
0.742044344549461,0.301557762133577,3.07567249492001e-06,1,1,0.971797179717972
0.686192197711966,1.12307403754014,4.12028723956144e-06,1,1,0.744074407440744
0.739853875942375,0.241679393676663,1.64795837620327e-06,1,1,0.972097209720972
0.751949325787159,0.28769144035983,1.23219834916938e-06,1,1,0.998799879987999
0.748159450208788,0.500976993559358,1.28257626426484e-06,1,1,0.967496749674967
0.685852698314329,1.12162653523615,2.85737853041815e-06,1,1,0.743274327432743
0.678283336759149,1.24833465979024,3.49887095091577e-06,1,1,0.710871087108711
0.737336442266877,0.257068602845593,1.72513150620724e-06,1,1,0.963996399639964
0.742272487835975,0.260505651066527,2.63862405372028e-06,1,1,0.976497649764977
0.741311358837824,0.280575446294954,2.94711041758338e-06,1,1,0.971997199719972
0.743280155496257,0.24479796426154,3.16510665619535e-06,1,1,0.980698069806981
0.745811673073281,0.247983378302468,3.14614547551377e-06,1,1,0.986898689868987
0.684052533541756,1.23268519068635,4.07491403800906e-06,1,1,0.727472747274727
0.767184135348579,0.228417795563448,1.50020939311349e-06,1,1,1
0.722568854185003,0.634283490775226,3.17512593466139e-06,1,1,0.887688768876888
0.7209574457571,0.641165484686863,2.3863677315574e-06,1,1,0.882788278827883
0.721031413972511,0.649884913006573,2.11653846568248e-06,1,1,0.882088208820882
0.722567503955471,0.61548776326357,2.32615114191497e-06,1,1,0.88958895889589
0.684025082911412,1.10268459407848,2.83524008626397e-06,1,1,0.74047404740474
0.68513678136428,1.23388245322022,4.22092504873017e-06,1,1,0.73017301730173
0.68025433640724,1.33868836765781,4.62227276855961e-06,1,1,0.706870687068707
0.676513665544471,1.40970961813586,3.75601370470348e-06,1,1,0.69006900690069
0.679757705523106,1.33416428460442,4.65387724586771e-06,1,1,0.706070607060706
0.734475827285981,0.420598974223295,3.0701950586372e-06,1,1,0.94009400940094
0.73901804241245,0.384291040516251,2.41198233837273e-06,1,1,0.955595559555956
0.684606637713298,1.25418644366264,3.06836252548155e-06,1,1,0.726672667266727
0.731144696165525,0.5335286885085,2.56460643716362e-06,1,1,0.92009200920092
0.723303890322153,0.564204206525195,2.5237100747834e-06,1,1,0.896689668966897
0.734329581220922,0.440311596433046,2.49531268763713e-06,1,1,0.937793779377938
0.729143686932713,0.553449979650786,2.82974416453465e-06,1,1,0.912891289128913
0.735645619019183,0.395454518067369,3.27132783961983e-06,1,1,0.945694569456946
0.691070028427564,1.15905475712766,4.2455850682335e-06,1,1,0.753075307530753
0.712045825759505,0.613218103309879,2.11038371217011e-06,1,1,0.862486248624862
0.71687783229915,0.577868010308824,1.78874240695078e-06,1,1,0.878587858785879
0.71215014756322,0.625078313054071,1.89879645868757e-06,1,1,0.861586158615862
0.715226561841011,0.569703194124855,1.90025440870266e-06,1,1,0.875187518751875
0.718284041026224,0.585278384099439,2.12819626849077e-06,1,1,0.881488148814881
0.710807465740009,0.638899047668566,1.8229590087207e-06,1,1,0.856685668566857
0.723447553274666,0.546410728540143,1.71366165793793e-06,1,1,0.898789878987899
0.724489162237597,0.544064145053754,1.69802392390504e-06,1,1,0.901790179017902
0.719756605901189,0.537975154545734,1.73909354313449e-06,1,1,0.89008900890089
0.732416399790626,0.412532240436171,1.8669605060123e-06,1,1,0.935593559355936
0.713188039371866,0.57961290283875,2.25004737889205e-06,1,1,0.868886888688869
0.711621777680422,0.573883184124527,2.18025832038558e-06,1,1,0.865386538653865
0.711617289378137,0.604087500407235,2.0644794936225e-06,1,1,0.862286228622862
0.706284614994418,0.658394440455549,3.66815023890745e-06,1,1,0.842984298429843
0.70198635074155,0.686726519021051,4.47073841410814e-06,1,1,0.828982898289829
0.705661487882389,0.635571463166911,3.01484131565289e-06,1,1,0.843684368436844
0.706005093413896,0.630787418685536,3.27904844306226e-06,1,1,0.845084508450845
0.706998087601255,0.601770525812209,2.61348168752129e-06,1,1,0.850585058505851
0.704222582276857,0.65116128894454,4.09799442973402e-06,1,1,0.838383838383838
0.704152154406549,0.643630042544882,4.43145680867292e-06,1,1,0.838983898389839
0.70818483877384,0.571115128449662,2.31982960205871e-06,1,1,0.856785678567857
0.708254364276694,0.593823541590595,3.80334209555252e-06,1,1,0.854685468546855
0.707879033104368,0.59719869580625,3.98789106682717e-06,1,1,0.853285328532853
0.708241678863707,0.584969362858466,3.58575898071538e-06,1,1,0.855485548554855
0.708318933363742,0.58804690125291,3.68217953583482e-06,1,1,0.855385538553855
0.708764636535128,0.593100636270759,4.06640457162199e-06,1,1,0.856085608560856
0.710653823303898,0.569843323054097,3.35847646719856e-06,1,1,0.863286328632863
0.710706298534457,0.555123591032642,3.45253079991449e-06,1,1,0.864886488648865
0.708220503270992,0.595223952235926,3.84424011247394e-06,1,1,0.854385438543854
0.708983215961239,0.570091158645532,2.65625971268169e-06,1,1,0.858885888588859
0.704865930011551,0.661795083623516,2.47310940634919e-06,1,1,0.838983898389839
0.702184326460921,0.710935456249307,2.48517982176875e-06,1,1,0.827082708270827
0.70213184654812,0.711410984958279,2.1644986661151e-06,1,1,0.826882688268827
0.699469919385591,0.778306540311889,2.1654822543018e-06,1,1,0.813281328132813
0.702140152326139,0.722505092711228,2.37800574618896e-06,1,1,0.825782578257826
0.709001739790994,0.604448760852998,3.59020925928036e-06,1,1,0.855485548554855
0.705363051859719,0.65443379705402,2.72624066316025e-06,1,1,0.841084108410841
0.702938034782085,0.715064124465462,2.17962076881108e-06,1,1,0.828582858285829
0.694985382286292,0.869591235342508,2.30126796508707e-06,1,1,0.792379237923792
0.687597402345733,1.01993320121106,2.427114128716e-06,1,1,0.758075807580758
0.684641456275604,1.08182318305536,2.47177591865477e-06,1,1,0.744174417441744
0.69178773014394,0.940763049339965,2.9638941687276e-06,1,1,0.776977697769777
0.690608731511195,0.978676991069178,2.54913709915271e-06,1,1,0.77007700770077
0.722426831595455,0.641887067539258,2.18049088386579e-06,1,1,0.886588658865887
0.680906965260556,1.15924059956658,3.66573840827801e-06,1,1,0.726672667266727
0.684490897260771,1.07975180928766,3.8921970873564e-06,1,1,0.743974397439744
0.681731854035703,1.17025228267449,3.73919488219469e-06,1,1,0.727672767276728
0.757873988053602,0.709646786372774,3.9349694791997e-07,1,1,0.971597159715972
0.678305456420224,1.24087745989847,3.18457437435844e-06,1,1,0.711671167116712
0.683929463266789,1.13992523838305,3.3496831046905e-06,1,1,0.736473647364737
0.683979499770076,1.13638969885453,2.85884192254134e-06,1,1,0.736973697369737
0.683276571349248,1.13825448700985,3.11194040478292e-06,1,1,0.734973497349735
0.689336172355011,1.03272603836069,2.87245846708303e-06,1,1,0.761276127612761
0.685971863895469,1.07892740883722,3.15674891155744e-06,1,1,0.747974797479748
0.684695851914826,1.08955627035157,2.3668547562964e-06,1,1,0.743574357435744
0.686170026101403,1.09418862926628,2.99070201241627e-06,1,1,0.746874687468747
0.681080067448249,1.16235480795977,4.39660731822439e-06,1,1,0.726872687268727
0.682329050666084,1.12955424682237,4.05342344001006e-06,1,1,0.733373337333733
0.684662721795597,1.11364835205002,3.74240182471646e-06,1,1,0.741074107410741
0.686465279841206,1.08183048251966,3.39899087167681e-06,1,1,0.748874887488749
0.688190601177919,1.04647131683479,2.71421030073472e-06,1,1,0.756975697569757
0.683295150256675,1.10728942564717,2.94418114226103e-06,1,1,0.738173817381738
0.685817780470332,1.07503446284127,2.35756011494294e-06,1,1,0.747874787478748
0.682300957131468,1.13530676715994,2.97068037507511e-06,1,1,0.732673267326733
0.683341468751877,1.12496313672447,2.47364850969933e-06,1,1,0.736473647364737
0.687359613539956,1.11307253107756,1.81467011008418e-06,1,1,0.748074807480748
0.706142171644296,0.853770625977287,2.63090532979809e-06,1,1,0.822982298229823
0.69022890581958,1.16952783956311,1.71504163677672e-06,1,1,0.74977497749775
0.686884358140909,1.16194939960647,3.61665493990681e-06,1,1,0.741874187418742
0.750264413480121,0.292832634563946,2.59079332714254e-06,1,1,0.993899389938994
0.747503404477755,0.297233591770686,2.69363839635349e-06,1,1,0.986298629862986
0.68168583306654,0.98852772352923,3.03439290626712e-06,1,1,0.745974597459746
0.697821890496035,0.841315558887281,4.55428619373677e-06,1,1,0.802580258025803
0.708234220098479,0.637261861679982,4.46173164800658e-06,1,1,0.85018501850185
0.704834117169915,0.649005087641578,1.44331551121139e-06,1,1,0.84018401840184
0.742774677233953,0.301977403450627,1.91524283492838e-06,1,1,0.973597359735974
0.742973595590988,0.301380374624304,1.2547203499218e-06,1,1,0.974197419741974
0.730394488883973,0.404273331940881,1.31158273702513e-06,1,1,0.931193119311931
0.708035799812277,0.59337795052483,9.34534179576329e-07,1,1,0.854085408540854
0.743634204858703,0.291158687548775,3.90847647901926e-06,1,1,0.976897689768977
0.703385289661307,0.889408249355744,1.63452386130897e-06,1,1,0.812181218121812
0.688989838787951,1.0256668586864,1.86306250395868e-06,1,1,0.761076107610761
0.693194631622814,1.10069421910453,4.20298248511738e-06,1,1,0.764476447644765
0.717457187328035,0.721322911918337,2.55457985952028e-06,1,1,0.865686568656866
0.717666758104856,0.525967347388848,3.65122544817968e-06,1,1,0.885888588858886
0.718245231178056,0.522479763766807,2.74106581578614e-06,1,1,0.887788778877888
0.716413219589721,0.554373562743463,2.12903720916509e-06,1,1,0.87978797879788
0.723585412432684,0.486829765260762,1.891961345388e-06,1,1,0.905190519051905
0.720395313234225,0.501240764770718,4.76186374323207e-06,1,1,0.895489548954896
0.719569467764333,0.502334902748062,5.33199288663414e-06,1,1,0.893189318931893
0.723726466294626,0.436148661081155,3.41962836812367e-06,1,1,0.910691069106911
0.722336169500205,0.495764114458878,3.29885379647627e-06,1,1,0.901090109010901
0.720300390581487,0.507543484970309,5.0865470235374e-06,1,1,0.894589458945895
0.721134984842921,0.513061055084487,3.24446034936553e-06,1,1,0.896189618961896
0.723712669532264,0.487926370651288,3.00241878134511e-06,1,1,0.905390539053905
0.72220053443225,0.494643176942564,3.45220951822813e-06,1,1,0.900790079007901
0.723005228550609,0.485513333825471,3.57334873361029e-06,1,1,0.903790379037904
0.72078626561911,0.502822162023841,3.93185179258423e-06,1,1,0.896289628962896
0.722447857590575,0.498302389851657,3.24684127092386e-06,1,1,0.901090109010901
0.726713829500407,0.391647237195661,1.89657258477315e-06,1,1,0.922892289228923
0.723779725144544,0.435594407925545,3.67691633537905e-06,1,1,0.910891089108911
0.711006346266721,0.554225992979949,2.68488547062839e-06,1,1,0.865786578657866
0.721136893068316,0.462302265391725,3.53484865232598e-06,1,1,0.901290129012901
0.71932085297751,0.46623605029356,3.22082909665366e-06,1,1,0.896189618961896
0.722758129850106,0.46204591943296,3.55166069935869e-06,1,1,0.905590559055906
0.72023406234456,0.461011039476827,4.09804563814474e-06,1,1,0.899089908990899
0.72699759179817,0.432410311486523,1.18926812045429e-06,1,1,0.91949194919492
0.684490174742955,1.11811187077898,2.23673167006211e-06,1,1,0.74017401740174
0.740560508869158,0.278803357298243,1.93156278324937e-06,1,1,0.97019701970197
0.687334797807378,1.0478069410681,2.31261868373825e-06,1,1,0.754575457545755
0.727422569176702,0.465961953624314,1.04760492540965e-06,1,1,0.917291729172917
0.723481206866482,0.450497862178703,3.42846674123295e-06,1,1,0.908590859085909
0.722713087378769,0.445079305305447,3.00157225985458e-06,1,1,0.907190719071907
0.723163182740772,0.454018670600582,2.88116997486519e-06,1,1,0.907390739073907
0.72332395936143,0.44751443449743,2.83084960729422e-06,1,1,0.908490849084909
0.724892574772747,0.439690400682546,2.82924428239637e-06,1,1,0.913291329132913
0.724235791039993,0.440436904424918,2.97007975526435e-06,1,1,0.911591159115912
0.724057011681865,0.431709769424009,2.81768876766781e-06,1,1,0.911991199119912
0.727464243462429,0.495978030951056,3.63824196966985e-06,1,1,0.914291429142914
0.718985947775275,0.53080369315479,1.786125777937e-06,1,1,0.888788878887889
0.722034381725649,0.512144308196328,1.93322688915991e-06,1,1,0.898589858985899
0.722855142353021,0.519016888342347,2.57650562530796e-06,1,1,0.9000900090009
0.771817411915222,0.446961329732236,1.19241250149486e-06,1,1,1
0.727263674614511,0.485528179794941,2.95711305956429e-06,1,1,0.914891489148915
0.728833266327943,0.480921845960977,2.51969134487684e-06,1,1,0.919391939193919
0.726119101598325,0.485870546440789,2.52682327790129e-06,1,1,0.911891189118912
0.726561174046674,0.519426290096529,2.72856941412832e-06,1,1,0.90959095909591
0.727136849059648,0.424684483554496,2.44794958664761e-06,1,1,0.920692069206921
0.718176376773731,0.549861574544703,2.93804278393156e-06,1,1,0.884788478847885
0.742251858296268,0.389371228377636,3.02673430793924e-06,1,1,0.963396339633963
0.741619015576449,0.360166907495641,3.10596771946688e-06,1,1,0.964696469646965
0.739222047715176,0.37162601609441,2.78766022711471e-06,1,1,0.957395739573957
0.705421080642935,0.743139510573535,3.70848811403784e-06,1,1,0.832283228322832
0.694105811918775,0.888703102424197,5.02347845764734e-06,1,1,0.788178817881788
0.695336774358801,0.838631854600959,3.05784094117169e-06,1,1,0.796479647964797
0.720356171817391,0.641406890341461,2.25791878249619e-06,1,1,0.881188118811881
0.750332726918488,0.28382965093061,2.1689603962318e-06,1,1,0.994999499949995
0.743596063894111,0.813479896551986,2.53172025596834e-06,1,1,0.924092409240924
0.706039681859061,0.933515100599893,1.7309472330697e-06,1,1,0.814581458145815
0.702584348092059,0.912977267820706,2.15208822814876e-06,1,1,0.807780778077808
0.695959801608439,0.949607172512204,2.70506444835197e-06,1,1,0.786878687868787
0.73488577552226,0.407900722622733,7.56280280247795e-06,1,1,0.942494249424943
0.7741388140889,0.410267650300441,6.98912195989924e-07,1,1,1
0.731239385755286,0.339907162069279,2.24236097212583e-06,1,1,0.93989398939894
0.707024449188413,0.799877290068894,2.69339504563724e-06,1,1,0.830683068306831
0.709299357849943,0.841287724720691,1.98528196504653e-06,1,1,0.832383238323832
0.721358002196216,0.663146170295241,2.14436619475985e-06,1,1,0.881588158815882
0.712474917082166,0.726541883502054,3.40586497527702e-06,1,1,0.852185218521852
0.719096768980808,0.576651013833038,3.69469790898964e-06,1,1,0.884488448844885
0.710765868753314,0.856765747035718,2.22005347114874e-06,1,1,0.834583458345835
0.716972585212015,0.67205563796474,2.78541759523662e-06,1,1,0.869386938693869
0.722210081937765,0.648009543752468,2.71654792366176e-06,1,1,0.885388538853885
0.713723624586301,0.69429104826398,3.19452451661724e-06,1,1,0.858685868586859
0.73416547310307,0.368722697235394,2.41810145114371e-06,1,1,0.944494449444945
0.73045662396083,0.420523358942519,2.74873673633421e-06,1,1,0.92969296929693
0.738344536494873,0.32285604303695,3.28589369534621e-06,1,1,0.95999599959996
0.739790053880812,0.303856648872474,2.85963522340727e-06,1,1,0.965696569656966
0.737196526356881,0.321472760165446,3.09471196249273e-06,1,1,0.957195719571957
0.737284613708939,0.333381083900475,3.36899598685436e-06,1,1,0.956195619561956
0.73372590650017,0.412241798498372,4.21368685444008e-06,1,1,0.938993899389939
0.715305640421564,0.769295181563551,4.12338771758242e-06,1,1,0.855185518551855
0.735536102622547,0.363279807553002,3.0678014611278e-06,1,1,0.948694869486949
0.733796005898684,0.387028469899251,3.26328646775154e-06,1,1,0.941694169416942
0.757401379856852,0.422437049238366,3.73570260575804e-07,1,1,0.999399939993999
0.759074017857001,0.507440839817208,2.87157706437513e-07,1,1,0.995099509950995
0.762733061774283,0.507030813612404,2.65631670859114e-07,1,1,1
0.739151348618083,0.256304563061987,3.18811926555406e-06,1,1,0.968796879687969
0.724569486623362,0.633205110959363,2.20679475693012e-06,1,1,0.892989298929893
0.731338577559219,0.536526310846972,2.57481388859278e-06,1,1,0.92029202920292
0.732299262048487,0.509847081687505,2.69121125196817e-06,1,1,0.925492549254926
0.732379526713346,0.57083260491222,2.91030036711434e-06,1,1,0.91949194919492
0.726147116451437,0.655710301930019,3.0098021044703e-06,1,1,0.894789478947895
0.724593793895502,0.647209995067973,3.20504772104861e-06,1,1,0.891589158915892
0.722661701726633,0.660929352507793,3.92283372551742e-06,1,1,0.885188518851885
0.714386178735004,0.710811240981374,3.79125316401945e-06,1,1,0.858785878587859
0.716634421998829,0.770553275992115,3.49173591323078e-06,1,1,0.858585858585859
0.715838721411011,0.729608045431654,3.41186076017271e-06,1,1,0.860586058605861
0.716151706783567,0.765153778930661,3.81474990017823e-06,1,1,0.857885788578858
0.718302830322091,0.694371629559691,3.42735048174219e-06,1,1,0.870587058705871
0.715028047320311,0.730693572702587,3.25562727147196e-06,1,1,0.858385838583858
0.706639854328141,0.871909565184752,2.4249153151284e-06,1,1,0.822382238223822
0.709394897397942,0.762262020877716,2.59868539353504e-06,1,1,0.840584058405841
0.70969313988408,0.77900721716364,2.61873311190763e-06,1,1,0.83968396839684
0.711808147941259,0.691973998447237,2.44858549958871e-06,1,1,0.853985398539854
0.713961773574002,0.723026834484349,2.75085900926459e-06,1,1,0.856385638563856
0.711841876563387,0.746771901162799,3.06400833433691e-06,1,1,0.848484848484849
0.715079580022006,0.667381573657297,2.56500564320339e-06,1,1,0.864886488648865
0.716632168486953,0.711186518102565,2.24215593980098e-06,1,1,0.864486448644864
0.727265888867908,0.542723140416978,2.42425169081661e-06,1,1,0.909090909090909
0.729828128592137,0.533777630169989,2.37438684229602e-06,1,1,0.916691669166917
0.7257299383997,0.647311383318544,2.54201192423586e-06,1,1,0.894589458945895
0.739671122512456,0.359901509285629,4.26099711533482e-06,1,1,0.95969596959696
0.700563272461762,0.757985726070306,2.73714505166098e-06,1,1,0.818181818181818
0.69905204864552,0.814417696468509,2.30640330571994e-06,1,1,0.808480848084808
0.702169520795339,0.849042950449438,3.3088189601988e-06,1,1,0.813081308130813
0.700665132732645,0.868603791766647,4.76442543309412e-06,1,1,0.807280728072807
0.697007977405007,0.923139749503462,5.30954592324274e-06,1,1,0.792279227922792
0.717111128074021,0.629525083887988,2.20103892884052e-06,1,1,0.873987398739874
0.713894973282175,0.544737532506652,2.67436632338405e-06,1,1,0.874187418741874
0.717724816110436,0.514374940683919,2.00092643193108e-06,1,1,0.887188718871887
0.723518546326587,0.531431174405498,2.31609716348166e-06,1,1,0.9004900490049
0.713273440515062,0.583616601571267,2.80406991692739e-06,1,1,0.868686868686869
0.713382972316269,0.70020972454397,2.32135537410746e-06,1,1,0.857185718571857
0.718588868197342,0.551429443014671,1.85008751112473e-06,1,1,0.885688568856886
0.699941460948152,0.767254150039992,5.25577836583659e-06,1,1,0.815581558155816
0.700256739948467,0.826693622641702,4.01321786558339e-06,1,1,0.81038103810381
0.697836791617874,0.792991481705766,6.04434062242613e-06,1,1,0.807580758075808
0.697031500157098,0.847219835265589,4.86647665155981e-06,1,1,0.7999799979998
0.696494355563758,0.822333021773878,4.712486571508e-06,1,1,0.801080108010801
0.696666528556435,0.577342163957002,3.2081829724082e-06,1,1,0.826282628262826
0.696850585249259,0.834527077371017,3.73640972617023e-06,1,1,0.800780078007801
0.702022324086946,0.800476681981135,3.12825955989276e-06,1,1,0.817681768176818
0.703446567890628,0.72095706375742,4.27042296419776e-06,1,1,0.829382938293829
0.695945918620653,0.905025777929774,4.23874294580197e-06,1,1,0.791379137913791
0.69782833404963,0.777782056843288,6.61622467648005e-06,1,1,0.809080908090809
0.704988137839945,0.673153913273588,2.81358862523884e-06,1,1,0.838183818381838
0.697632289490082,0.607502670358655,2.23269043654132e-06,1,1,0.825682568256826
0.69753822251402,0.79330577834065,4.69773225422521e-06,1,1,0.806780678067807
0.695640119857505,0.762043437103748,4.95502255676894e-06,1,1,0.804980498049805
0.704017986604906,0.578579608291207,2.10075694484868e-06,1,1,0.845184518451845
0.697633318918343,0.720457359989543,5.0958613286484e-06,1,1,0.814381438143814
0.707462796833905,0.715318474600321,2.57069032039132e-06,1,1,0.84038403840384
0.696841361378099,0.55110268663538,2.4568013042827e-06,1,1,0.829382938293829
0.700756637315386,0.665289958976766,1.89746397977227e-06,1,1,0.827982798279828
0.698545086273761,0.801832090140754,7.25386412266188e-06,1,1,0.808480848084808
0.701246440766223,0.774534611030013,3.54819589204422e-06,1,1,0.818281828182818
0.711482829816819,0.517810733704122,2.6481991258573e-06,1,1,0.870687068706871
0.701818022870448,0.677708786566936,2.43467002788551e-06,1,1,0.829482948294829
0.709794946192229,0.667893128899112,2.51264568081591e-06,1,1,0.851185118511851
0.698688534056861,0.752860096301748,4.5966109040744e-06,1,1,0.813781378137814
0.704257024878144,0.540942460421836,2.31524476878247e-06,1,1,0.84958495849585
0.69933504958022,0.73011187024549,2.90811075231324e-06,1,1,0.817781778177818
0.706847171301586,0.694270750559618,2.98749522679442e-06,1,1,0.840884088408841
0.699605156677781,0.795972804504868,2.56948772241408e-06,1,1,0.811781178117812
0.708004754656735,0.733903346866955,3.751118799733e-06,1,1,0.83988398839884
0.700421985805452,0.802429549733184,5.07075418010284e-06,1,1,0.813281328132813
0.695886001573771,0.9056810037377,4.04794338726076e-06,1,1,0.791079107910791
0.695410424212723,0.787133950045616,3.14283536684063e-06,1,1,0.801880188018802
0.698606819259794,0.745662673134777,3.35975332846422e-06,1,1,0.814281428142814
0.700480534464719,0.589544405543854,1.29059564232061e-06,1,1,0.834883488348835
0.698247172122984,0.800307598166556,4.90257547432572e-06,1,1,0.807880788078808
0.70098488365829,0.874628032548185,4.72923003076638e-06,1,1,0.807480748074808
0.696924365264255,0.697677513976344,3.22125936183337e-06,1,1,0.814781478147815
0.694914035073458,0.506500281764294,1.7465278237705e-06,1,1,0.828882888288829
0.70141427012921,0.60325551967077,1.71413464649014e-06,1,1,0.835983598359836
0.697902811398503,0.894975847685744,4.58876468752599e-06,1,1,0.797379737973797
0.710609600982995,0.651267132658897,2.22535167321174e-06,1,1,0.854985498549855
0.718167544876858,0.554719760979006,2.64698424680459e-06,1,1,0.884288428842884
0.727662240329093,0.516656939218456,2.90663990195146e-06,1,1,0.912791279127913
0.722362133479266,0.461924638280826,4.00791226691758e-07,1,1,0.904490449044904
0.75134859919402,0.22789214100006,2.17571800931993e-06,1,1,1
0.735021804417308,0.490828999116629,1.78433763298427e-06,1,1,0.934393439343934
0.740362856072327,0.410363896225644,3.6228205247838e-06,1,1,0.956395639563956
0.740629017637484,0.335270189953903,4.78099848830275e-06,1,1,0.964696469646965
0.739544945155327,0.500010859949082,1.93511597835412e-06,1,1,0.945194519451945
0.702519683501319,0.597591490979722,4.16712841416809e-06,1,1,0.839383938393839
0.711393871046522,0.536407627205644,3.16357877808806e-06,1,1,0.868586858685869
0.703177172881977,0.61647322153431,2.90611149878903e-06,1,1,0.839183918391839
0.705912140187435,0.554841062003307,3.58295888755847e-06,1,1,0.852485248524853
0.704771198012306,0.553075408820118,3.52240757388834e-06,1,1,0.84968496849685
0.717293944378355,0.616806378889565,1.86100923887641e-06,1,1,0.875787578757876
0.696784512466656,0.559619244354549,3.35171439789142e-06,1,1,0.828382838283828
0.71104254102557,0.534499524886973,3.66526358307522e-06,1,1,0.867886788678868
0.711062112955982,0.562200855409373,3.48353159549908e-06,1,1,0.865086508650865
0.711410875193789,0.574536984432067,2.99143371659734e-06,1,1,0.864786478647865
0.725678409748965,0.536543649741583,2.10778781829221e-06,1,1,0.905590559055906
0.701956517785047,0.561806501454701,4.23849295868643e-06,1,1,0.841584158415842
0.699417097031729,0.548979983127363,3.98295873596203e-06,1,1,0.836283628362836
0.700606553548143,0.541368582752689,3.70678556802874e-06,1,1,0.84008400840084
0.697317629984409,0.578091713082621,3.6916388244347e-06,1,1,0.827882788278828
0.699728175977619,0.54555176179234,3.80837436682147e-06,1,1,0.837383738373837
0.711845190230943,0.512576022028736,2.80280888783087e-06,1,1,0.872187218721872
0.706731697334007,0.541022168896351,3.99074507276937e-06,1,1,0.855985598559856
0.695068964651175,0.544998020978524,4.13039678655701e-06,1,1,0.825382538253825
0.702740790839374,0.534065483607455,3.8449575035265e-06,1,1,0.846384638463846
0.707327615055746,0.553778554686752,4.17763662669102e-06,1,1,0.856285628562856
0.70815910404138,0.582209625887403,3.62585924775339e-06,1,1,0.855585558555856
0.705098853527208,0.611268390551726,3.337046593328e-06,1,1,0.844684468446845
0.706068564759034,0.592811700710737,3.29257015235418e-06,1,1,0.849084908490849
0.708173017357451,0.574638325933004,3.35701491664974e-06,1,1,0.856385638563856
0.699770641335841,0.599640098613354,3.76073378845828e-06,1,1,0.832083208320832
0.703687525351692,0.579425764793776,3.60924044256134e-06,1,1,0.844284428442844
0.710254819710245,0.571454239334869,3.50106261729544e-06,1,1,0.862086208620862
0.709039333594522,0.590101281772363,3.47127152413756e-06,1,1,0.857085708570857
0.707960412258044,0.578442834491866,3.81439762528712e-06,1,1,0.855485548554855
0.707351049697598,0.585930937642274,3.85031970864032e-06,1,1,0.853085308530853
0.708829386829895,0.584402359759241,3.42074950102202e-06,1,1,0.857085708570857
0.699534425450081,0.541829255663781,3.46800895040133e-06,1,1,0.837283728372837
0.714601204005116,0.613781843750831,2.31676992244384e-06,1,1,0.869086908690869
0.717793428128757,0.587769252571365,2.41974895920229e-06,1,1,0.87998799879988
0.713254529447642,0.591553632887367,2.88083256572963e-06,1,1,0.867886788678868
0.712766650072764,0.625760523479866,2.67400190560439e-06,1,1,0.863086308630863
0.703805939329604,0.614401145003458,3.4078491176845e-06,1,1,0.841084108410841
0.707300741471377,0.66636181565377,2.06766762182007e-06,1,1,0.844884488448845
0.712427692577088,0.662210443461366,2.27141465311281e-06,1,1,0.858585858585859
0.701587194011866,0.634573653960198,2.27188893128891e-06,1,1,0.833283328332833
0.713124953023848,0.607770863832873,4.00875116385567e-06,1,1,0.865886588658866
0.721935656332401,0.514892707584175,3.20385605615875e-06,1,1,0.898089808980898
0.705844170074368,0.649388743468828,3.98647718523213e-06,1,1,0.842784278427843
0.707346608104951,0.697241943789969,2.92750865048665e-06,1,1,0.841884188418842
0.710337322427866,0.696841525141142,3.17261703955332e-06,1,1,0.84968496849685
0.745738743747986,0.29422384780947,2.04929057742735e-06,1,1,0.982098209820982
0.736766208203376,0.46559814003733,4.09231930359826e-06,1,1,0.941494149414941
0.732846113570032,0.490030630786142,4.96831806614739e-06,1,1,0.928892889288929
0.734059700184991,0.487771126525186,5.20283496466861e-06,1,1,0.932293229322932
0.734177186203629,0.485650003416797,4.95346919453126e-06,1,1,0.932793279327933
0.73784511708542,0.4369163193238,4.08487127554538e-06,1,1,0.947194719471947
0.733018914108169,0.511976283581229,5.55636680184626e-06,1,1,0.927092709270927
0.732307553569432,0.525307059252112,5.65026581353869e-06,1,1,0.923892389238924
0.728871479252466,0.461106863364809,1.98341285035343e-06,1,1,0.921492149214922
0.731996896771849,0.503333826181193,4.92703965140065e-06,1,1,0.925292529252925
0.731409548258512,0.506748103229228,5.21213449059096e-06,1,1,0.923492349234924
0.733342852769032,0.501235543025075,4.96247905629869e-06,1,1,0.928992899289929
0.733391852710385,0.517109088442401,5.05293601141124e-06,1,1,0.927592759275928
0.733545149585638,0.508696596293414,5.08902350118544e-06,1,1,0.928792879287929
0.690945188033231,0.768821400483793,1.80786498884131e-06,1,1,0.792079207920792
0.692442295942682,0.788455723049528,1.9583711861543e-06,1,1,0.793979397939794
0.691348451097005,0.785263328731193,2.07633465357126e-06,1,1,0.791479147914791
0.777670693823315,0.195666395007215,2.99219576977644e-06,1,1,1
0.705843704891559,0.751435570016541,2.33287628399165e-06,1,1,0.832483248324832
0.699815678658443,0.816314066929936,3.47214958088762e-06,1,1,0.81028102810281
0.71471620576613,0.609679523969995,2.11512858510303e-06,1,1,0.86978697869787
0.709178514502122,0.675781368436769,4.10938879510335e-06,1,1,0.848784878487849
0.704935878802568,0.797121423226732,2.24889850290551e-06,1,1,0.825482548254825
0.709677687434386,0.780871691014747,4.40779666166233e-06,1,1,0.83948394839484
0.713732218234113,0.669546673563855,3.49940150283531e-06,1,1,0.861186118611861
0.702200555632768,0.814078785628951,3.8264362628031e-06,1,1,0.816681668166817
0.71092075771153,0.644925084651146,3.52100157136031e-06,1,1,0.856385638563856
0.701662907505388,0.733128365943106,4.54228435460744e-06,1,1,0.823482348234823
0.703857024897521,0.836925186350331,2.39679096662871e-06,1,1,0.818681868186819
0.713831579125631,0.676438525852479,4.12147046959369e-06,1,1,0.860786078607861
0.708151133191031,0.720076618660598,2.5223452467419e-06,1,1,0.841684168416842
0.711205448965737,0.769267823318939,3.71681276762059e-06,1,1,0.844584458445845
0.703223401529303,0.713041395596878,3.23916549084759e-06,1,1,0.82958295829583
0.714669056649768,0.702651504207301,6.66905434224379e-06,1,1,0.86028602860286
0.705856543993846,0.746345186897729,4.4614073339596e-06,1,1,0.833083308330833
0.705042178267527,0.646317207609283,2.5788293192845e-06,1,1,0.840984098409841
0.702913646531811,0.805954830410135,2.33468556726711e-06,1,1,0.819381938193819
0.710145883135871,0.608635726762871,3.63374355647982e-06,1,1,0.858085808580858
0.706725355937788,0.661559272631312,5.19035658125185e-06,1,1,0.843884388438844
0.777032931214202,0.147796839625724,8.46912926082587e-06,1,1,1
0.762755550704512,0.21519047102407,1.95551236587887e-06,1,1,1
0.727813581516936,0.500269918328851,4.27025752464789e-06,1,1,0.914791479147915
0.730159918301099,0.453308295246012,3.8472347471198e-06,1,1,0.925592559255926
0.728956437683942,0.522618888198751,4.9075243706409e-06,1,1,0.915491549154915
0.74311407100032,0.234781987818385,2.55247368707329e-06,1,1,0.981298129812981
0.730234145671545,0.507531883867167,3.66203889754665e-06,1,1,0.92039203920392
0.699301642997149,0.641993823002661,2.23058344131633e-06,1,1,0.826582658265827
0.699256611773634,0.649726434595103,2.23847909604107e-06,1,1,0.825682568256826
0.734274240322968,0.427910020169193,3.4351254642443e-06,1,1,0.938893889388939
0.730084090524263,0.518079431465391,5.42857470520301e-06,1,1,0.918891889188919
0.729988639481966,0.523418294057433,5.05152042787018e-06,1,1,0.918091809180918
0.728381730888249,0.547893028893216,4.56595594674231e-06,1,1,0.911491149114911
0.73847073916863,0.299208921584174,1.90805017378714e-06,1,1,0.962696269626963
0.71985875778678,0.417834135594181,2.07348155061e-06,1,1,0.902490249024902
0.751537331879257,0.22000867440527,1.22375465255881e-06,1,1,1
0.704276752775931,0.801319366366986,4.04515591603317e-06,1,1,0.823382338233823
0.71581788408271,0.594781025062802,4.8402933985415e-06,1,1,0.874187418741874
0.709738917710767,0.617812230555216,1.58874289168034e-06,1,1,0.856085608560856
0.709958316412917,0.65852337796159,1.97086163221219e-06,1,1,0.852585258525853
0.746544839530533,0.290512255289453,2.43499499908838e-06,1,1,0.984498449844984
0.74276391738429,0.314643112342617,1.78232974052471e-06,1,1,0.972297229722972
0.70397566875547,0.870587571392046,5.94868100363242e-06,1,1,0.815581558155816
0.702261507817666,0.773781453227338,4.23635432702472e-06,1,1,0.820982098209821
0.708763071310367,0.578376534749884,2.95709687495012e-06,1,1,0.857485748574857
0.703180744324754,0.772484396409936,5.32004078723148e-06,1,1,0.823482348234823
0.708014053030606,0.642545828001909,3.99848031791482e-06,1,1,0.849084908490849
0.704911545509079,0.71632930826841,4.32237665600412e-06,1,1,0.833583358335834
0.703735918467516,0.872228273946172,4.79167470252414e-06,1,1,0.814881488148815
0.703327018770791,0.836525211718019,5.07298856541989e-06,1,1,0.817381738173817
0.702408987116697,0.778210274535618,2.90155205115755e-06,1,1,0.820882088208821
0.697055728612418,0.626518860904298,2.49841722101732e-06,1,1,0.822282228222822
0.709350130549906,0.820760986858667,2.40105126214451e-06,1,1,0.834583458345835
0.729464172718722,0.569350398379827,1.74209426896005e-06,1,1,0.912091209120912
0.754574271650163,0.322000953673431,1.72457417255952e-06,1,1,1
0.72522977864972,0.539374636477232,2.30719652140318e-06,1,1,0.904190419041904
0.724597832155165,0.522199797701189,1.7964377610615e-06,1,1,0.904290429042904
0.725323706188035,0.568304299257994,1.73581382208311e-06,1,1,0.901490149014902
0.72624378955604,0.506153877883953,2.11358846069652e-06,1,1,0.91009100910091
0.719905614011936,0.582199293193072,3.20969758457031e-06,1,1,0.885988598859886
0.728736900029831,0.494793745352756,3.08911973166371e-06,1,1,0.917791779177918
0.751224147689023,0.325525888245266,1.52145215947598e-06,1,1,0.993099309930993
0.721614263133418,0.595431853759579,3.77517172650051e-06,1,1,0.889088908890889
0.724427923079726,0.539005207181488,2.43070064607511e-06,1,1,0.902090209020902
0.709208548787996,0.700367416300376,3.47365961539643e-06,1,1,0.846384638463846
0.727966154535845,0.525635141907163,2.28549543144987e-06,1,1,0.912591259125913
0.724238672396918,0.537971070950566,2.7979107228962e-06,1,1,0.901690169016902
0.716453553073973,0.674690918843427,2.16472541816822e-06,1,1,0.867786778677868
0.721181890907722,0.552452063568116,3.06306366364571e-06,1,1,0.892389238923892
0.740269832848829,0.415966566483702,1.28139490397585e-06,1,1,0.955595559555956
0.711306939272707,0.7025317873555,3.13130352891284e-06,1,1,0.851585158515852
0.703159170869951,0.849194505945836,4.01108265038704e-06,1,1,0.815681568156816
0.703175399764679,0.789618261438422,4.14660750033049e-06,1,1,0.821682168216822
0.68917028079037,1.09753744812398,2.39093951220474e-06,1,1,0.754375437543754
0.702839747315963,0.800248531966074,3.26893437221954e-06,1,1,0.81978197819782
0.702428605060944,0.781897033396232,2.31802761344787e-06,1,1,0.820582058205821
0.703635444622771,0.775448342787667,2.03530884938036e-06,1,1,0.824382438243824
0.6925939386778,0.83579592220746,3.40507170103287e-06,1,1,0.78967896789679
0.695248450293075,0.81281062332921,3.17792561911676e-06,1,1,0.798879887988799
0.69716741915864,0.804710868223566,2.44387015454253e-06,1,1,0.804580458045805
0.701565660352262,0.802143682517365,3.74545321075336e-06,1,1,0.816281628162816
0.703971720970698,0.767226227204025,2.53821833702623e-06,1,1,0.826082608260826
0.698515299393314,0.81477258803633,3.67420039881268e-06,1,1,0.807080708070807
0.703533218617272,0.795228215202755,3.24697197520749e-06,1,1,0.822082208220822
0.704424892831301,0.755410295862457,3.03091244141504e-06,1,1,0.828382838283828
0.703746692044371,0.771752198668677,2.76984329599147e-06,1,1,0.824982498249825
0.749622928754104,0.266688215081804,3.34276502399805e-06,1,1,0.994899489948995
0.701551004539896,0.80469538057798,3.09094339408528e-06,1,1,0.815981598159816
0.702039634196848,0.804974793731147,3.51603963445246e-06,1,1,0.817181718171817
0.702967985179174,0.79449449897812,2.85703425851408e-06,1,1,0.820682068206821
0.704821459144144,0.75465649854134,2.85516917144855e-06,1,1,0.829482948294829
0.705947111482454,0.783090969405468,3.00207599209696e-06,1,1,0.82958295829583
0.697412390024001,0.941436056634762,3.32849227702922e-06,1,1,0.791479147914791
0.695678490931753,0.96278518012555,3.346179733787e-06,1,1,0.784778477847785
0.695065009666374,0.974755919115369,3.37716913770361e-06,1,1,0.781978197819782
0.696088086808424,0.967940263898996,3.1871962611653e-06,1,1,0.785378537853785
0.706845234763069,0.732641139694674,2.92032041784063e-06,1,1,0.836983698369837
0.700954836089554,0.801035281625595,4.22355023000119e-06,1,1,0.814781478147815
0.706037057688208,0.74987619005883,3.18709018495183e-06,1,1,0.833183318331833
0.707480575635558,0.743730900370582,3.04794510453098e-06,1,1,0.837483748374838
0.744587356051251,0.372851479640007,2.51378848356831e-06,1,1,0.971197119711971
0.738759669271346,0.35781048224589,3.54202963090473e-06,1,1,0.957595759575958
0.692115737689644,0.997253031609224,3.48883926904341e-06,1,1,0.772077207720772
0.691121587091944,0.923723924266145,4.38626768462867e-06,1,1,0.776977697769777
0.691576497778662,1.01674270836455,4.88740712395134e-06,1,1,0.768776877687769
0.691582046778919,1.06474122045772,5.40943568404816e-06,1,1,0.763876387638764
0.693216749139905,1.06210104242719,2.94060817502187e-06,1,1,0.768376837683768
0.689791630424236,1.15114175377707,2.14980684417851e-06,1,1,0.750575057505751
0.68912760881274,1.15949252466887,3.71273947732002e-06,1,1,0.747974797479748
0.688882795019314,1.15885768305988,4.37781342126438e-06,1,1,0.747374737473747
0.685432053877315,0.923557236217743,2.57560609402342e-06,1,1,0.762176217621762
0.687995747978321,1.20081758428195,4.01121975174047e-06,1,1,0.740874087408741
0.687047237320156,1.17001458453989,3.47811943105721e-06,1,1,0.741474147414741
0.690814084822396,1.15035317690988,4.1620960295311e-06,1,1,0.753275327532753
0.686037891571648,1.23763816500137,4.43190985407484e-06,1,1,0.732073207320732
0.695038712777543,1.05989436255494,4.31374785173647e-06,1,1,0.773377337733773
0.739668431553448,0.377333178454951,2.27371222538885e-06,1,1,0.957895789578958
0.689485484838338,1.13033458643532,3.58075810800818e-06,1,1,0.751875187518752
0.700524870471939,1.01077151936968,4.78852213115412e-06,1,1,0.792579257925793
0.698743110365806,0.975059569171774,4.09270736539755e-06,1,1,0.791479147914791
0.694053493247841,1.00059650881246,2.8796839919269e-06,1,1,0.776777677767777
0.698846001149423,0.92044629140233,5.66804579781749e-06,1,1,0.797279727972797
0.726544791682554,0.548567000997452,3.07885199084187e-06,1,1,0.906590659065907
0.702214396067882,0.923232900496294,5.68599659928604e-06,1,1,0.805780578057806
0.713168481149365,0.754614864540015,2.52388163803659e-06,1,1,0.851185118511851
0.701370585313301,0.855956438570625,3.11589125838852e-06,1,1,0.81038103810381
0.700704321538797,0.814781924544223,3.72019444426666e-06,1,1,0.812781278127813
0.697524896893187,0.867841594875928,5.87511536786255e-06,1,1,0.799179917991799
0.700065116093702,0.569807207178622,2.51758162965605e-06,1,1,0.835883588358836
0.695260825055901,0.852589309061076,3.94865031512189e-06,1,1,0.794879487948795
0.698148486004227,0.912296401026753,4.0196703866138e-06,1,1,0.796279627962796
0.699343076036886,0.904677281763254,3.20002810532105e-06,1,1,0.8001800180018
0.699698909406087,0.937865776877868,2.82033104364702e-06,1,1,0.797779777977798
0.729952824335943,0.394422975397964,2.69166315120508e-06,1,1,0.930993099309931
0.747478148000549,0.324116986696897,3.39709640691095e-06,1,1,0.983598359835984
0.706536356397827,0.819637328531764,3.86007603699857e-06,1,1,0.827382738273827
0.703241247646748,0.781215291692888,2.36801019890264e-06,1,1,0.822782278227823
0.703974595956063,0.714390343690865,3.30590377896116e-06,1,1,0.831383138313831
0.735831841773765,0.966276018214139,2.02368142163219e-07,1,1,0.888588858885889
0.760000398386173,0.881968353993903,1.86057565173502e-07,1,1,0.95969596959696
0.714507342138372,0.945144962674086,5.36639073264575e-07,1,1,0.835383538353835
0.78738663612879,1.20685093710369,1.06387650312674e-07,1,1,0.997999799979998
0.78166597955068,1.29174154286001,1.20404682401865e-07,1,1,0.974597459745975
0.788490722865849,1.20339425158,1.00282353793501e-07,1,1,1
0.786783750159672,1.22437075088076,1.07976983916105e-07,1,1,0.994599459945995
0.705923293512972,0.684868877354232,2.05301271144959e-06,1,1,0.839383938393839
0.703829256278146,0.696515849203862,3.68341168394105e-06,1,1,0.832783278327833
0.705951613853704,0.657468689118564,2.8832276930255e-06,1,1,0.842284228422842
0.709797890479623,0.723366038625875,1.67451543323184e-06,1,1,0.845584558455846
0.704690671185626,0.691453395427021,3.76028540346781e-06,1,1,0.835583558355836
0.703073546720051,0.712828536952221,2.27350116106861e-06,1,1,0.829182918291829
0.702455107700623,0.709708526431368,2.57319506685198e-06,1,1,0.827882788278828
0.702675026712927,0.709489040117423,2.65950039567446e-06,1,1,0.828482848284828
0.702609537186528,0.71503317754804,2.76108727755342e-06,1,1,0.827782778277828
0.70291393506568,0.697361283451379,2.75897837394108e-06,1,1,0.83038303830383
0.699597651458995,0.760777608195233,2.25880495830952e-06,1,1,0.815381538153815
0.703369459842193,0.765788640755469,2.33527237713418e-06,1,1,0.824582458245825
0.748020020942682,0.315767015827771,3.84295140870425e-06,3,1,0.985798579857986
0.706598044853806,0.804680418253474,3.33058477514699e-06,3,1,0.829082908290829
0.710501150612791,0.778938993875394,3.53127261412172e-06,3,1,0.841784178417842
0.703321581530198,0.885895787486218,4.75860261023919e-06,3,1,0.812381238123812
0.704422167405035,0.791016990562141,1.53753924137918e-06,3,1,0.824782478247825
0.709299372499811,0.744803376199776,1.84559759879755e-06,3,1,0.842084208420842
0.708936319776107,0.742794207452538,1.7570810621879e-06,3,1,0.841384138413841
0.711382398402448,0.693851483532866,1.84273795909178e-06,3,1,0.852685268526853
0.711215145486756,0.759868769532634,2.1366651770316e-06,3,1,0.845584558455846
0.744356474616766,0.279252478593242,3.93653640971412e-06,3,1,0.97999799979998
0.737917500628736,0.436456112652091,1.76563947186538e-06,3,1,0.947394739473947
0.718474981407814,0.633433590287315,2.27490745416205e-06,3,1,0.877187718771877
0.733006298551872,0.470690992254099,2.98429508901263e-06,3,1,0.931293129312931
0.743744526842165,0.31101546907332,2.12189722016813e-06,3,1,0.975197519751975
0.740340972788093,0.393524791059004,3.57054379991919e-06,3,1,0.958095809580958
0.746448483200315,0.332414728782263,2.9783740043282e-06,3,1,0.98009800980098
0.745437942705111,0.347098856081519,3.03770009312671e-06,3,1,0.975997599759976
0.7441744207224,0.35206397186791,2.96767637730062e-06,3,1,0.972197219721972
0.745061555144485,0.354466866510394,3.01095620839549e-06,3,1,0.974197419741974
0.743962832292968,0.366047123714604,3.24135621609814e-06,3,1,0.97019701970197
0.741337467730673,0.394307376521996,3.33640434611077e-06,3,1,0.960596059605961
0.743076522747838,0.387036890176689,3.04579199874454e-06,3,1,0.965796579657966
0.742200125892619,0.370821773642209,3.05946148003984e-06,3,1,0.965196519651965
0.743538954904437,0.358096356414933,2.95900570077983e-06,3,1,0.96989698969897
0.744241228914159,0.357635964213504,3.04911675348846e-06,3,1,0.971797179717972
0.742453964041077,0.380651902921064,3.4188065254268e-06,3,1,0.964796479647965
0.743608851264167,0.352441278676658,3.12020228997638e-06,3,1,0.970697069706971
0.743900762431649,0.366624860847475,2.78040534814427e-06,3,1,0.96999699969997
0.744064061887219,0.351557578141889,3.12876689369638e-06,3,1,0.971897189718972
0.743131750913573,0.353958879675595,3.52078606905883e-06,3,1,0.969296929692969
0.743460380949167,0.347794291134896,3.52380679029977e-06,3,1,0.970797079707971
0.742761470990751,0.36360708759915,3.2772563401927e-06,3,1,0.967396739673967
0.742962540582474,0.373985685962192,3.21892785934118e-06,3,1,0.966796679667967
0.745058785451845,0.361075259478478,2.41852866354717e-06,3,1,0.973597359735974
0.742486890598575,0.351640810525927,3.16609869151857e-06,3,1,0.967796779677968
0.731418871294745,0.509741468786359,2.07400386232892e-06,3,1,0.923192319231923
0.733230799284379,0.490412472388372,3.06253971712248e-06,3,1,0.92979297929793
0.734269743135574,0.448581667728736,2.11858499076755e-06,3,1,0.936793679367937
0.741773982405297,0.340488125802469,2.61719467886631e-06,3,1,0.967096709670967
0.743303479272628,0.362029662506844,3.62909049580174e-06,3,1,0.968896889688969
0.743268135092661,0.353423248923595,3.34885573803514e-06,3,1,0.96969696969697
0.742816167774958,0.370710736994696,3.65878589573176e-06,3,1,0.966796679667967
0.743106467931572,0.365842676709276,3.65430151271671e-06,3,1,0.967996799679968
0.740901091543661,0.359221087632298,3.4617308531069e-06,3,1,0.962996299629963
0.743864378190113,0.306051387344369,3.45913867667343e-06,3,1,0.975997599759976
0.7427483600878,0.366808442294206,3.47157969154063e-06,3,1,0.966996699669967
0.742091867492654,0.379093243983694,3.83583790124212e-06,3,1,0.964096409640964
0.744080150171563,0.341575275069937,3.22373755837358e-06,3,1,0.972997299729973
0.742788793020846,0.359662075928547,3.01791430206331e-06,3,1,0.967796779677968
0.743809907702753,0.331994644794888,2.70502033497403e-06,3,1,0.973297329732973
0.744180671670569,0.330011734593495,2.94534303926999e-06,3,1,0.974397439743974
0.743605056722359,0.351200901224992,3.5055640661519e-06,3,1,0.970797079707971
0.744122865467733,0.339392129164542,3.03387461769321e-06,3,1,0.973297329732973
0.739293435824645,0.359361895923107,3.19088289069004e-06,3,1,0.958795879587959
0.740694112759501,0.354653224819122,3.50821370973677e-06,3,1,0.962896289628963
0.744904390263512,0.370758089835759,3.86158867255689e-06,3,1,0.972197219721972
0.744510578643129,0.345455163720804,3.80405654720115e-06,3,1,0.973697369736974
0.72452291217195,0.65361940967367,1.34190410775835e-06,3,1,0.890789078907891
0.726696123599446,0.407137313423043,2.79122034066507e-06,3,1,0.921292129212921
0.728109899225478,0.444196134403342,2.38919835089359e-06,3,1,0.921192119211921
0.715866282303656,0.637080518391215,1.7470694290951e-06,3,1,0.86998699869987
0.725262553147108,0.5235236152372,2.2942626282062e-06,3,1,0.905890589058906
0.718485418033727,0.618848060335592,1.92868085036434e-06,3,1,0.878687868786879
0.729182180448431,0.695132017340897,1.87912679059251e-06,3,1,0.898689868986899
0.72133581475269,0.823975978618313,1.08194233828492e-06,3,1,0.865386538653865
0.74507191956308,0.282353383093628,3.86913354939214e-06,3,1,0.981498149814982
0.748491616598913,0.338895534738393,3.32049225032594e-06,3,1,0.984698469846985
0.702533081033303,1.32306575931127,2.4877701960891e-06,3,1,0.766276627662766
0.687288796094848,1.27436267971971,4.45685362623412e-06,3,1,0.731573157315732
0.690445306368676,1.16667066867068,2.29928073053754e-06,3,1,0.750675067506751
0.686766792691635,1.26963100576003,5.52660919019249e-06,3,1,0.730773077307731
0.684711157919253,1.28781187943991,5.02891879099985e-06,3,1,0.723572357235724
0.682832012905541,1.3797543770297,5.91320782167699e-06,3,1,0.709470947094709
0.681640916164398,1.38998390437829,6.9993721531725e-06,3,1,0.705270527052705
0.740327142207281,0.530900196218955,2.80618344362714e-06,3,1,0.944194419441944
0.74535631897628,0.304059374397251,1.97783537807653e-06,3,1,0.98009800980098
0.782638821476685,0.270667696436106,1.67012684588204e-06,3,1,1
0.690353767275357,1.24049158250544,3.57848910231086e-06,3,1,0.742974297429743
0.70373543771333,0.911661904023635,1.08144747885967e-06,3,1,0.810881088108811
0.752944046441708,0.237962205168478,2.8824155050567e-06,3,1,1
0.716422603248035,0.858969339250248,1.03887135562519e-06,3,1,0.849084908490849
0.713081816847016,1.23041892594425,4.69649394341567e-07,3,1,0.802880288028803
0.681000434235908,1.43014798594171,3.29247107119047e-06,3,1,0.6995699569957
0.718814933354679,1.22107827532525,1.45963878021627e-06,3,1,0.818781878187819
0.743932809898357,0.966296986514444,1.28298794682937e-06,3,1,0.90959095909591
0.721549710320652,1.19286065893895,1.80475363396472e-06,3,1,0.828682868286829
0.728244138399505,1.16429850998005,1.59848162074879e-06,3,1,0.848884888488849
0.702398976971273,1.46401275327198,1.83061313355945e-06,3,1,0.751675167516752
0.723694449866443,0.592974892126089,1.81980507351349e-06,3,1,0.894789478947895
0.750476827901946,0.716170083946094,2.14793674153608e-06,3,1,0.951795179517952
0.768031770305138,0.3884202514278,1.86230150143676e-06,3,1,1
0.734177582940184,1.36197836788311,1.89238784482249e-06,3,1,0.844384438443844
0.767350245662009,0.853633891201654,1.31204202103725e-06,3,1,0.981698169816982
0.710724950696043,1.23377287695694,1.99541706621755e-06,3,1,0.796479647964797
0.775610975851267,0.675518186874763,1.43217964293088e-06,3,1,1
0.721096171323927,1.22266699833495,1.76735237576179e-06,3,1,0.824482448244825
0.760362454186277,0.822885278588585,1.23890643775801e-06,3,1,0.966596659665967
0.765754178187,0.627015463370418,1.14189060463001e-06,3,1,1
0.724537772406335,1.14515813792159,1.32030861539788e-06,3,1,0.841284128412841
0.768053593517022,0.687645586862376,1.26543908181904e-06,3,1,1
0.769760699120016,0.869969844440504,1.62856505331205e-06,3,1,0.986298629862986
0.724854639854496,0.950774677373078,2.58174969306898e-06,3,1,0.861686168616862
0.809390497628535,0.417841796628687,1.56161913303066e-06,3,1,1
0.746747806381589,0.703134930666964,1.17979047584647e-06,3,1,0.943394339433943
0.716414964215408,2.44006031498584,1.73875220926353e-06,3,1,0.68946894689469
0.753321162578726,0.219096438613555,1.85888895740271e-06,3,1,1
0.766568356987742,0.231671757781215,1.63451086359737e-06,3,1,1
0.746425431087541,0.285199800510309,2.85033471150104e-06,3,1,0.984798479847985
0.762915821775237,0.257719512981005,4.0978455320201e-06,3,1,1
0.756248455471465,0.242137953785155,1.41663309300956e-06,3,1,1
0.759844011049164,0.291627746463392,2.72679843860517e-06,3,1,1
0.757364062222409,0.238103624523202,3.01344783516455e-06,3,1,1
0.764837427289577,0.19967219590883,3.29184820167774e-06,3,1,1
0.717465430222782,1.47773466654148,2.23557874816023e-06,3,1,0.789378937893789
0.716722223666293,1.48882859784808,1.91525255705543e-06,3,1,0.786278627862786
0.738024970785545,1.03213308740832,1.84254488065072e-06,3,1,0.887588758875888
0.729744710151908,1.2234416460993,2.31522127349273e-06,3,1,0.846884688468847
0.737502578899587,2.10479785284578,1.65991886610253e-06,3,1,0.777977797779778
0.725911706002285,1.33876274159738,1.70376593221058e-06,3,1,0.825282528252825
0.732789956059225,1.27982150586641,1.6397846344497e-06,3,1,0.849084908490849
0.740748245458527,1.25512926891518,1.65709366158776e-06,3,1,0.872187218721872
0.723045593784956,1.44687576053793,1.94887380741546e-06,3,1,0.806880688068807
0.743183730550227,1.00397987477387,1.4179459736415e-06,3,1,0.903790379037904
0.734294185806015,1.03152187048676,1.64424139943209e-06,3,1,0.877987798779878
0.733026374486336,1.2655488038831,1.58746546465845e-06,3,1,0.851085108510851
0.738986704499506,1.00903767435,1.73600628725969e-06,3,1,0.892389238923892
0.747306833062652,0.300865504287408,2.34868147488969e-06,3,1,0.985498549854986
0.768850435390337,0.281466987176195,1.52512660499271e-06,3,1,1
0.770269761653076,0.190150831994888,1.67652187129696e-06,3,1,1
0.750167086264741,0.276855071493566,2.79337932884415e-06,3,1,0.995299529952995
0.746921887782537,0.275656119179378,2.37465168999315e-06,3,1,0.986998699869987
0.773238434949783,0.160483046305391,3.42843561124607e-06,3,1,1
0.699190415631841,0.979181083308531,6.42549886622361e-06,3,1,0.792279227922792
0.700040318094909,0.969620341126605,3.56397169504757e-06,3,1,0.795479547954795
0.701008408907233,0.930215260942047,2.32554866124128e-06,3,1,0.801880188018802
0.698393486105073,1.0166457334623,5.26089318381398e-06,3,1,0.786378637863786
0.700050332938889,0.99959346726067,3.61348814094796e-06,3,1,0.792479247924793
0.69879886762628,1.00650559220093,4.42268466605196e-06,3,1,0.788478847884789
0.700013079856327,0.992486304192548,4.41999866267554e-06,3,1,0.793079307930793
0.755859939861249,0.190733648336081,3.49258465882059e-06,3,1,1
0.761488768433924,0.170758183702946,2.47901055185755e-06,3,1,1
0.758407817035517,0.210694310147761,3.30287809538645e-06,3,1,1
0.758309194951522,0.199671612279239,3.83226529558111e-06,3,1,1
0.718950945002889,0.905232779214129,3.79669445361965e-06,3,1,0.850985098509851
0.69880883848995,1.02331635819627,5.03381553412195e-06,3,1,0.786778677867787
0.700573594944537,0.96919172553668,3.49657486920817e-06,3,1,0.796879687968797
0.749250653489148,0.204262110917746,2.61508194522527e-06,3,1,1
0.75142464391337,0.198147395702122,2.3233982951475e-06,3,1,1
0.745451093359805,0.214248223102807,2.30504967938543e-06,3,1,0.989398939893989
0.764804494832129,0.215279237825355,3.35580119836004e-06,3,1,1
0.755524517187789,0.374536672424196,2.53844120261588e-06,3,1,0.999299929992999
0.754394173256127,0.388709813779438,2.65173762087528e-06,3,1,0.994999499949995
0.707416218124642,0.764960111898639,1.30330496360465e-06,3,1,0.835183518351835
0.733437981695958,0.479494368716083,2.04480469058099e-06,3,1,0.931493149314932
0.748754178857634,0.39158797017433,2.00857324218825e-06,3,1,0.98009800980098
0.742191982358654,0.298902430035274,5.217806059338e-06,3,1,0.972397239723972
0.747609524735553,0.286187930819121,2.38315422435072e-06,3,1,0.987698769876988
0.745472409479313,0.285360172251072,3.84966524510453e-06,3,1,0.982298229822982
0.746609424325484,0.254452144758829,2.25287152200963e-06,3,1,0.988298829882988
0.742708890413519,0.308719636600701,4.46051128768234e-06,3,1,0.972797279727973
0.746322683213543,0.283153963607579,3.63971884329358e-06,3,1,0.984698469846985
0.745683485361408,0.2484118490207,2.01481348922418e-06,3,1,0.986498649864986
0.741477188386484,0.438208803649734,2.20792621818912e-06,3,1,0.956495649564956
0.740187879262244,0.457402717600733,2.40655582494023e-06,3,1,0.951195119511951
0.748798653593567,0.269078910388878,4.13575872059936e-06,3,1,0.992499249924992
0.749027161432972,0.270158405619042,3.72223329602426e-06,3,1,0.992999299929993
0.749204074002946,0.27193656061651,3.85942874086937e-06,3,1,0.993299329932993
0.749480664299925,0.243496035365035,3.71891150034945e-06,3,1,0.996899689968997
0.749225283443141,0.282855782942588,2.95760726784441e-06,3,1,0.992299229922992
0.750039958182819,0.260372862107237,3.47412362331988e-06,3,1,0.996599659965997
0.750029525353833,0.261603355795069,4.01590315167459e-06,3,1,0.996499649964997
0.751345944516257,0.255510417545035,3.42531005517458e-06,3,1,1
0.751358437782048,0.246314756480561,2.72470770112738e-06,3,1,1
0.752307291833841,0.239331733125172,3.52815809092672e-06,3,1,1
0.752249289787295,0.248007977682112,3.35979506744169e-06,3,1,1
0.753487259748285,0.247709114745877,3.31091010235062e-06,3,1,1
0.751605798219629,0.235770229034229,2.98853537811535e-06,3,1,1
0.749149205878723,0.273247120962629,4.16499879119802e-06,3,1,0.992999299929993
0.74666550927241,0.245217437696636,1.99174308433686e-06,3,1,0.989398939893989
0.74758067955254,0.246294366506891,4.52583062422113e-06,3,1,0.991699169916992
0.750640014511911,0.257312950892944,3.9137497930241e-06,3,1,0.998499849984999
0.748878700738552,0.237651428433881,2.55681456133358e-06,3,1,0.995899589958996
0.752316264181181,0.242317832523878,3.53216995723052e-06,3,1,1
0.750124961035074,0.269255019419378,3.78454394248511e-06,3,1,0.995999599959996
0.752488502993105,0.240574131204056,3.00003555002692e-06,3,1,1
0.751297008184964,0.240938642111048,3.1212350765859e-06,3,1,1
0.749752588582539,0.244607816634198,2.07020667109977e-06,3,1,0.997499749974997
0.751193696274955,0.235377922903863,2.58806886119179e-06,3,1,1
0.747948744582775,0.273889232899312,3.88471977147216e-06,3,1,0.98989898989899
0.753252070850978,0.214147545669951,2.21851399570757e-06,3,1,1
0.742673782936583,0.350501508512882,2.70773270153325e-06,3,1,0.968396839683968
0.738757323299592,0.396898002261523,2.70670446586246e-06,3,1,0.953595359535954
0.739597227331608,0.294353827795205,2.11129797941717e-06,3,1,0.966096609660966
0.741590334471799,0.268381502431115,2.8451476215899e-06,3,1,0.973897389738974
0.755298051844219,0.348242917643454,2.34006711978741e-06,3,1,1
0.748113336484794,0.380708877906079,2.30206687705312e-06,3,1,0.97949794979498
0.746931675543086,0.335251281736325,2.28928577242549e-06,3,1,0.980998099809981
0.755740797623027,0.344413221369685,3.7340767254957e-06,3,1,1
0.749233571119472,0.239077418650743,3.05612925164396e-06,3,1,0.996699669966997
0.747593830524263,0.229770521190882,3.50600981379804e-06,3,1,0.993399339933993
0.747202011404859,0.225036164985164,3.16348452030867e-06,3,1,0.992799279927993
0.748936861824344,0.205662828082265,2.76272478249252e-06,3,1,0.999299929992999
0.732170225106175,0.586332125782121,5.85414122736653e-07,3,1,0.917391739173917
0.763566246004101,0.275972703863909,1.41316129515668e-06,3,1,1
0.761566903309318,0.373110320360354,1.23889507251545e-06,3,1,1
0.764397223705352,0.317150230497924,1.11567409795898e-06,3,1,1
0.761811519975949,0.32541227419952,1.40329916177318e-06,3,1,1
0.760573283439143,0.343680507645784,1.80078759253612e-06,3,1,1
0.759902974841817,0.442421313014624,1.24993423279338e-06,3,1,1
0.760492499172989,0.351964619009593,1.44193117164381e-06,3,1,1
0.746098143885726,0.510699258159352,2.15648136297808e-06,3,1,0.961196119611961
0.736546935862873,0.600376477577876,1.67385422049172e-06,3,1,0.927392739273927
0.760436593030387,0.367720670891344,1.1979540987833e-06,3,1,1
0.760068335522572,0.320866588949462,1.23461792789551e-06,3,1,1
0.762723449265288,0.301277289652649,1.5179097169892e-06,3,1,1
0.757878083561028,0.340312929267204,1.56008393693559e-06,3,1,1
0.751188885443704,0.431435873098563,1.93242705025468e-06,3,1,0.982398239823982
0.756200341789766,0.370976785281684,1.69113752306728e-06,3,1,1
0.760648943389027,0.279237454943565,2.32596500565044e-06,3,1,1
0.734305421363397,0.417511873308197,4.18616500549836e-06,3,1,0.93999399939994
0.736579568646909,0.403691072456876,3.87833774319644e-06,3,1,0.947294729472947
0.73217261096312,0.416086300434274,4.29704272827546e-06,3,1,0.934593459345935
0.735505815321131,0.379265420205296,2.99696247250513e-06,3,1,0.946994699469947
0.734647039962008,0.386486004879283,2.83985998066231e-06,3,1,0.943994399439944
0.732697295842099,0.383124754783182,3.74648463050713e-06,3,1,0.939293929392939
0.738114051908356,0.31787398796058,2.0965839852693e-06,3,1,0.95989598959896
0.743684170895204,0.371447092042198,1.90599360683571e-06,3,1,0.968996899689969
0.736894739564788,0.376618740085876,2.73749117181196e-06,3,1,0.950795079507951
0.73785265418919,0.364403141604866,2.86573404874738e-06,3,1,0.954495449544954
0.737274604775976,0.368281740802947,3.21143779798592e-06,3,1,0.952695269526953
0.727840322316404,0.485459260067595,4.74632341502793e-06,3,1,0.916391639163916
0.729811013530011,0.450841877207279,4.19790303826961e-06,3,1,0.924992499249925
0.731096047507223,0.436860514599726,3.86228490759289e-06,3,1,0.92969296929693
0.731705477744812,0.425438685661713,3.71778561023638e-06,3,1,0.932393239323932
0.731640939151586,0.443453923254827,3.49663495167232e-06,3,1,0.93049304930493
0.733020939223947,0.391192421579191,4.19963269145395e-06,3,1,0.939293929392939
0.738441588692518,0.337120042558696,2.84684350044724e-06,3,1,0.958795879587959
0.737042272569139,0.339595852161593,2.98181917483466e-06,3,1,0.954895489548955
0.738133502772986,0.370959227430786,3.2720547195056e-06,3,1,0.954595459545955
0.737718922700638,0.384484963701099,2.88810817737674e-06,3,1,0.952195219521952
0.734436983382054,0.39836950003082,3.56602034822303e-06,3,1,0.942294229422942
0.736837732829481,0.371585561328085,2.55517225262085e-06,3,1,0.951195119511951
0.732996058036702,0.438142768859203,3.70214102331264e-06,3,1,0.934493449344935
0.736534572702671,0.394898229805662,3.06591240101514e-06,3,1,0.948094809480948
0.731146547928277,0.43521006656034,3.89876922174904e-06,3,1,0.92999299929993
0.732491032009844,0.382003545914491,3.2537986385848e-06,3,1,0.938893889388939
0.735878278302102,0.394359324683579,3.02811966013247e-06,3,1,0.946394639463946
0.742604470991728,0.313346765789479,2.5990351506466e-06,3,1,0.971997199719972
0.73700319479412,0.38982034933538,3.2549916088938e-06,3,1,0.94979497949795
0.73287607815412,0.416221729830909,4.40064182826877e-06,3,1,0.936393639363936
0.732739454061916,0.418738760462806,4.18166301666231e-06,3,1,0.935793579357936
0.736970832476322,0.368436618777192,2.69375736768523e-06,3,1,0.951895189518952
0.736102587834046,0.343658633037084,4.35376334475014e-06,3,1,0.952095209520952
0.741667722027162,0.369280542326171,3.04746022494674e-06,3,1,0.963896389638964
0.741066406194098,0.364305456208198,2.83413353927657e-06,3,1,0.962896289628963
0.735778258231691,0.35703254050804,1.48446811905637e-06,3,1,0.94989498949895
0.749322243523122,0.273541466013269,3.17813111724025e-06,3,1,0.993399339933993
0.7571347245122,0.263711483615166,2.27466020364947e-06,3,1,1
0.724842126331359,0.449207121991738,2.06225697848222e-06,3,1,0.912291229122912
0.724070113396045,0.417185176342304,1.91142268724763e-06,3,1,0.913491349134913
0.725086462727811,0.409345788184707,1.48784317981733e-06,3,1,0.916891689168917
0.724197136520225,0.409172987283375,1.89245809795536e-06,3,1,0.914591459145915
0.726449764798634,0.39576051273228,1.89712430504913e-06,3,1,0.921792179217922
0.724431322724625,0.39751752677106,1.91949323496342e-06,3,1,0.916391639163916
0.724452234644031,0.39953256176003,1.90314274933216e-06,3,1,0.916291629162916
0.725263534278528,0.388922642288827,1.86472091212205e-06,3,1,0.919391939193919
0.724930167687585,0.418818697176545,1.72083231664375e-06,3,1,0.915591559155916
0.725422672193781,0.414948995981153,1.7829246669082e-06,3,1,0.917191719171917
0.726689563582858,0.406277003984194,1.7652570436866e-06,3,1,0.921392139213921
0.740167076188621,0.368421551837686,1.49528682978281e-06,3,1,0.96009600960096
0.736851138197232,0.348756727492316,2.82075475393205e-06,3,1,0.953495349534954
0.778730879889207,0.192243903013918,1.58211432015566e-06,3,1,1
0.738387808309199,0.29139874404796,1.67829154044749e-06,3,1,0.963296329632963
0.737524894585658,0.341938607998058,1.83458291974068e-06,3,1,0.955995599559956
0.771120771612526,0.227085722533834,1.28838871911608e-06,3,1,1
0.738675107324134,0.393826922977454,2.47575795081722e-06,3,1,0.953695369536954
0.751679157047867,0.172678317694234,2.60904451577716e-06,3,1,1
0.744006047914734,0.297469730104584,2.4975849907843e-06,3,1,0.977297729772977
0.738106805122023,0.318753981849466,1.88936932240973e-06,3,1,0.95979597959796
0.738437407465496,0.421660185354755,1.80267163931607e-06,3,1,0.95029502950295
0.739129939064156,0.317653859156496,1.28055259221435e-06,3,1,0.962596259625963
0.73120873065244,0.380814700378012,2.03226481675537e-06,3,1,0.935693569356936
0.731861284849354,0.37724806024316,2.0720387517292e-06,3,1,0.937693769376938
0.734937573144621,0.339604320583262,1.83838549795296e-06,3,1,0.94949494949495
0.73867330217306,0.355249521098929,1.92865510550445e-06,3,1,0.957595759575958
0.73849564484,0.369663696793694,1.6564989458782e-06,3,1,0.955695569556956
0.738244448484855,0.399629152500302,1.81379069985553e-06,3,1,0.951995199519952
0.737603562419174,0.378944324922525,1.7472960970844e-06,3,1,0.952395239523952
0.737977258314879,0.362607975841706,1.67012775306814e-06,3,1,0.954995499549955
0.737003192501217,0.398563725282948,1.69002486295486e-06,3,1,0.948894889488949
0.736706225030494,0.384109231485926,1.62426232700421e-06,3,1,0.94959495949595
0.737424315054157,0.369024599370661,1.59897703038269e-06,3,1,0.952995299529953
0.763582217913718,0.267250825416998,1.36752470735097e-06,3,1,1
0.736433421561885,0.294456124201056,2.97203323216488e-06,3,1,0.957895789578958
0.732482533884444,0.354107507462556,1.93382803567832e-06,3,1,0.941694169416942
0.739170914160511,0.273475760096205,1.22165109470561e-06,3,1,0.967096709670967
0.734903745577095,0.382432918903174,1.50732862935432e-06,3,1,0.945094509450945
0.732121782120646,0.377883430632835,1.42009102479642e-06,3,1,0.938293829382938
0.749023073905032,0.204663137691295,2.45852739150986e-06,3,1,0.999599959996
0.736143585426858,0.297405393267039,1.79474470235366e-06,3,1,0.956895689568957
0.734671966944583,0.300364797165738,2.09091942485062e-06,3,1,0.952795279527953
0.750867813836175,0.234772955388063,2.74356794072327e-06,3,1,1
0.724934566936438,0.373085621814958,3.05438331254252e-06,3,1,0.92019201920192
0.720161550945977,0.446810212533099,2.33064930095066e-06,3,1,0.9003900390039
0.752674907716451,0.2617578745326,2.91174247586179e-06,3,1,1
0.720354645130595,0.405594656831871,2.00519569209166e-06,3,1,0.904990499049905
0.739470864999011,0.297780636812887,1.91625947154896e-06,3,1,0.965496549654965
0.738897241577672,0.275519449508671,2.72290780599975e-06,3,1,0.966196619661966
0.746255023051387,0.301326539002887,2.03508609893476e-06,3,1,0.982698269826983
0.745233684301349,0.350495962903187,1.86857688134472e-06,3,1,0.975097509750975
0.732907913393695,0.333778742343799,2.58551089948458e-06,3,1,0.944794479447945
0.744149894112287,0.316056389536935,2.69743334809244e-06,3,1,0.975697569756976
0.760725783506227,0.263180744177568,1.02681882258363e-06,3,1,1
0.751926484117649,0.241581883424632,2.41943237616454e-06,3,1,1
0.750394399823648,0.265270277033416,2.57588964219208e-06,3,1,0.997099709970997
0.751329064719069,0.256258065466726,2.74323671076162e-06,3,1,1
0.752123590895915,0.252824531520479,2.33401804495247e-06,3,1,1
0.743945554103033,0.328940916497121,1.98779895142441e-06,3,1,0.973897389738974
0.740655860513589,0.331778907444361,3.57365895912578e-06,3,1,0.965096509650965
0.743882618241243,0.323238884962734,1.58470727428437e-06,3,1,0.974297429742974
0.741673251431336,0.399723193553579,1.49890714407186e-06,3,1,0.960896089608961
0.738920844926192,0.364228835507576,1.60467322071201e-06,3,1,0.957295729572957
0.742057956948329,0.423909857785386,1.35990972456356e-06,3,1,0.959395939593959
0.747325398252947,0.244080196413495,2.86482585180475e-06,3,1,0.991199119911991
0.761846027533717,0.171651826621148,1.70942774078884e-06,3,1,1
0.72416746129682,0.44272974893019,2.18477381920576e-06,3,1,0.911191119111911
0.724134793176371,0.42760559041511,1.54720987980694e-06,3,1,0.912591259125913
0.721933585608152,0.442437166507127,1.68223430111618e-06,3,1,0.905390539053905
0.72629485286078,0.433360100220677,2.59363086744746e-06,3,1,0.917591759175918
0.724189658097059,0.54243373533214,1.45217922311627e-06,3,1,0.901190119011901
0.724423495205625,0.442719731228216,2.40031302525125e-06,3,1,0.911791179117912
0.72244942029547,0.470409796355056,1.6044384153153e-06,3,1,0.903890389038904
0.722934234387607,0.47342006489041,2.23703953403127e-06,3,1,0.904890489048905
0.725319549646503,0.516780950071796,3.13235815105698e-06,3,1,0.906690669066907
0.722895076818789,0.495173932125925,3.09853936808818e-06,3,1,0.902590259025903
0.7271902997617,0.522056990900135,1.65152915031979e-06,3,1,0.910991099109911
0.7530056585167,0.25361511336958,3.78547368077175e-06,3,1,1
0.744688501863535,0.276926798004564,2.92798967878575e-06,3,1,0.981098109810981
0.729790106728927,0.497115072756582,1.61949544906135e-06,3,1,0.92029202920292
0.738822479270978,0.470432337577219,5.3648548144977e-06,3,1,0.946394639463946
0.741622487307592,0.478567688818844,4.00529684181846e-06,3,1,0.952795279527953
0.737000326059952,0.444290982050729,3.79594875628479e-06,3,1,0.944294429442944
0.734957006455212,0.449007118449085,4.59962832222462e-06,3,1,0.938493849384939
0.742879886725944,0.429111470658245,2.55241208906563e-06,3,1,0.960996099609961
0.735684972062593,0.534436719361499,2.16760783115805e-06,3,1,0.931793179317932
0.738781367615579,0.222871007518805,2.80630058309203e-06,3,1,0.971197119711971
0.739584070259286,0.458005220022009,2.57963999483342e-06,3,1,0.94959495949595
0.732038002119188,0.507172512000863,3.69868868928693e-06,3,1,0.925092509250925
0.729082114272466,0.536714003514349,4.38563885055518e-06,3,1,0.914391439143914
0.734695325164688,0.452288159848003,3.22018458075928e-06,3,1,0.937493749374937
0.738446507096937,0.449636610077776,3.60003576191243e-06,3,1,0.947494749474947
0.744882378871972,0.415906530907681,4.7824945475954e-06,3,1,0.967596759675968
0.739617592212728,0.33389771703384,4.57507552844031e-06,3,1,0.962196219621962
0.732131504276187,0.409651041260475,2.48191354233892e-06,3,1,0.935093509350935
0.743734900115174,0.452340206160294,3.70788968448841e-06,3,1,0.960896089608961
0.725991845350891,0.562579412329232,3.37009391429732e-06,3,1,0.903790379037904
0.73143672703753,0.499876360352605,2.17252548696228e-06,3,1,0.924192419241924
0.722752355035955,0.576595139753509,1.86147147050664e-06,3,1,0.893989398939894
0.734528725730678,0.472986474142176,2.03185955061603e-06,3,1,0.934993499349935
0.732914659082926,0.50205039763135,1.73234879779864e-06,3,1,0.927892789278928
0.734972774539073,0.621510642599806,1.47120611950711e-06,3,1,0.921092109210921
0.727401442169338,0.516256545468331,1.54812622422883e-06,3,1,0.912091209120912
0.725338866296105,0.506322871270617,1.90762892603004e-06,3,1,0.907790779077908
0.724080415420654,0.506627292935827,1.71096342832011e-06,3,1,0.904490449044904
0.727948403997824,0.411895269640993,2.67403171584491e-06,3,1,0.924092409240924
0.725769785576979,0.457033463233177,1.34399490244027e-06,3,1,0.913891389138914
0.725354242828684,0.486667775716266,1.70525890000062e-06,3,1,0.90979097909791
0.719583380270078,0.456913572771298,9.19907331089661e-07,3,1,0.897789778977898
0.72501914621733,0.404243721504529,1.61358247667458e-06,3,1,0.917291729172917
0.735393263594871,0.409369292344629,2.19065332389081e-06,3,1,0.943594359435944
0.737872305452239,0.342106899658712,1.7920845618256e-06,3,1,0.956795679567957
0.730261466729006,0.398646620485774,2.71496522982948e-06,3,1,0.931393139313931
0.750156671779038,0.317602066357681,3.25173027540535e-06,3,1,0.991199119911991
0.749860930403178,0.274560272810225,2.19242897079579e-06,3,1,0.994699469946995
0.75145551875119,0.271358441464606,3.01454669574092e-06,3,1,0.999199919991999
0.740454355177828,0.355245095580998,1.59436757181829e-06,3,1,0.962196219621962
0.734155726558263,0.387201401212022,1.24747799359834e-06,3,1,0.942694269426943
0.762068677897237,0.211209330783197,2.15376156271342e-06,3,1,1
0.764189974215413,0.181334835221515,2.46729134238885e-06,3,1,1
0.728629345806604,0.3419324344111,1.74553048329369e-06,3,1,0.932893289328933
0.728930751405764,0.379760761532182,2.04288030536249e-06,3,1,0.92989298929893
0.729629933653445,0.446153097373632,2.00268237640719e-06,3,1,0.924992499249925
0.728671509743738,0.405435703089078,1.83446329634198e-06,3,1,0.926592659265927
0.729517765030392,0.417540715630612,1.73276477795858e-06,3,1,0.927592759275928
0.729899120914711,0.413962934556008,1.95130510479331e-06,3,1,0.928892889288929
0.729880838192781,0.427510479072722,1.89907070119042e-06,3,1,0.927492749274928
0.732534935134095,0.396044646737725,2.11759295698153e-06,3,1,0.937593759375938
0.731046785978055,0.431089239684788,1.58932974465395e-06,3,1,0.93019301930193
0.74140789645719,0.438702475544367,1.40921003276537e-06,3,1,0.956295629562956
0.745384460897423,0.375587827892086,2.90622546808106e-06,3,1,0.972897289728973
0.730003585897192,0.548810459204288,1.79565119562316e-06,3,1,0.915591559155916
0.746631268612329,0.254841165538421,2.70058004629452e-06,3,1,0.988398839883988
0.745008116386637,0.309293899192801,3.21995886425032e-06,3,1,0.978697869786979
0.751394116146766,0.365500704973116,3.97859207905273e-06,3,1,0.98949894989499
0.749213727041382,0.354171084329648,2.84646908892631e-06,3,1,0.984998499849985
0.743287493713522,0.399143523959632,4.32321915919791e-06,3,1,0.965096509650965
0.739389919387733,0.386933137455626,2.23966723309867e-06,3,1,0.956295629562956
0.745967536064733,0.362747265567479,2.81425657667925e-06,3,1,0.975697569756976
0.751768316332074,0.3483973399044,2.89343242463351e-06,3,1,0.992199219921992
0.744902045128355,0.366893093245861,3.70448258902213e-06,3,1,0.972597259725973
0.747765887341895,0.373804837641358,3.1164388705684e-06,3,1,0.979297929792979
0.739893692783818,0.43120308827724,2.46055583952819e-06,3,1,0.953095309530953
0.754071932193703,0.366546485345137,2.85875691524583e-06,3,1,0.996399639963996
0.737755928808007,0.38002503539018,3.09654916191544e-06,3,1,0.952695269526953
0.738262991427175,0.464569991821294,2.53278785144e-06,3,1,0.945494549454945
0.745099979957464,0.349363845480253,3.17439085887931e-06,3,1,0.974897489748975
0.748824962406609,0.292122987654475,4.13431009922423e-06,3,1,0.99029902990299
0.746094647748708,0.314162192248976,2.55037113072091e-06,3,1,0.980998099809981
0.756449827100908,0.315786283400435,3.20586366920619e-06,3,1,1
0.733579088918826,0.751727309848055,1.20184400496461e-06,3,1,0.904390439043904
0.752776158048085,0.348830023537137,3.37644215935668e-06,3,1,0.994799479947995
0.75622131243938,0.229253535964264,3.59110549701849e-06,3,1,1
0.749581551838333,0.327566368908411,1.39147104397986e-06,3,1,0.988698869886989
0.757094961991221,0.286499330846318,1.75185713446725e-06,3,1,1
0.732736320504921,0.428980531470569,1.59223498223773e-06,3,1,0.934793479347935
0.732524676216238,0.430275647537752,1.88302944810801e-06,3,1,0.934093409340934
0.730983085171314,0.441592009786541,1.87245015115649e-06,3,1,0.928892889288929
0.731209505739889,0.455609816188672,1.86744253950891e-06,3,1,0.928092809280928
0.731468366377019,0.472480112648598,1.79456212850755e-06,3,1,0.927092709270927
0.738251214088085,0.37041106884596,2.12715855283774e-06,3,1,0.954995499549955
0.737600718986383,0.387489780115552,2.16779039679898e-06,3,1,0.951595159515952
0.739474595385268,0.337980363191254,2.12805214200261e-06,3,1,0.961396139613961
0.731843748912051,0.365526530829833,1.82213292730427e-06,3,1,0.938893889388939
0.740632615736075,0.440886212714023,9.69382195440644e-07,3,1,0.953995399539954
0.743147336178977,0.333761506850287,1.27682071830131e-06,3,1,0.971397139713971
0.74243770255295,0.302600248265666,1.29502130246841e-06,3,1,0.972697269726973
0.737184939751449,0.321424538543286,1.78646383028433e-06,3,1,0.957095709570957
0.747421972625111,0.289473477759964,4.25856751633434e-06,3,1,0.986898689868987
0.747399441150869,0.287132674905128,3.59494082407744e-06,3,1,0.987098709870987
0.747497987478124,0.288206590231409,3.43287299121932e-06,3,1,0.987198719871987
0.775075434210791,0.253312281064189,2.34028945769495e-06,3,1,1
0.772938027275903,0.297521877294801,1.66764559259783e-06,3,1,1
0.760350743738245,0.277149317314257,2.74874725548283e-06,3,1,1
0.762943805621122,0.216446882564355,1.78339244363917e-06,3,1,1
0.68516687616559,1.30196460415712,4.33375280839943e-06,3,1,0.723372337233723
0.684820498005116,1.31980997160135,4.61489260901812e-06,3,1,0.720672067206721
0.687812750516984,1.27331012023976,2.71585736868968e-06,3,1,0.733073307330733
0.752821498778596,0.294926930166597,2.14103687234553e-06,3,1,1
0.746566100941862,0.357883125864529,2.47155586682644e-06,3,1,0.977797779777978
0.753908580209802,0.20014915950721,2.44536384233675e-06,3,1,1
0.693095633299354,1.15499016437008,4.59110117354649e-06,3,1,0.758675867586759
0.694096681580785,1.13075712833039,5.35473798558528e-06,3,1,0.763776377637764
0.694502793539673,1.11335036890325,4.89652649060252e-06,3,1,0.766576657665767
0.69772625389116,1.0436040862716,3.00734949049688e-06,3,1,0.781978197819782
0.696411025470032,1.10120050235251,4.78523569695151e-06,3,1,0.772777277727773
0.697328726765023,1.07439028518844,5.05991639217112e-06,3,1,0.777877787778778
0.702478486196268,0.972332558908783,5.18774221707509e-06,3,1,0.801480148014801
0.792311753035557,0.173019308358439,1.24896577207488e-06,3,1,1
0.786326802660201,0.182786034277861,2.07905069075248e-06,3,1,1
0.7441605333041,0.276846081097271,3.53703721790906e-06,3,1,0.97969796979698
0.749383630575904,0.247207909053818,3.30553566562558e-06,3,1,0.996299629962996
0.755789716525279,0.215473024618729,2.08757784327213e-06,3,1,1
0.75322730546593,0.226085985646981,2.85152871211546e-06,3,1,1
0.748728571077767,0.247113192109706,2.53427418637434e-06,3,1,0.994599459945995
0.756141945430301,0.235867768996963,2.58846870146556e-06,3,1,1
0.75491859000489,0.258588289187395,1.92295223789822e-06,3,1,1
0.755810750917258,0.231770850934654,2.98058594342621e-06,3,1,1
0.755374934068349,0.236796397022426,2.35830522152047e-06,3,1,1
0.753042613583761,0.234120491872182,2.20678764465253e-06,3,1,1
0.755584997959591,0.241639042386382,1.94955281141482e-06,3,1,1
0.755991841602846,0.239539883634825,3.38807712497641e-06,3,1,1
0.7572524625357,0.254964364867418,3.21068625827015e-06,3,1,1
0.753059524221044,0.240384860068614,2.02227949063065e-06,3,1,1
0.75968181824329,0.235016472522648,2.32588607283156e-06,3,1,1
0.755204063928049,0.263195418101282,2.49935895513553e-06,3,1,1
0.752877107097877,0.263019154586211,3.36578402805639e-06,3,1,1
0.78335751643394,0.297314164942663,1.0623156974762e-06,3,1,1
0.748047320069475,0.251950332499193,3.93965836865966e-06,3,1,0.992299229922992
0.740666511832936,0.299828960432706,3.15175491183513e-06,3,1,0.968396839683968
0.747815438615574,0.23122558424939,3.06261981995227e-06,3,1,0.993799379937994
0.747817410893422,0.215144034800698,3.60908574227403e-06,3,1,0.995399539953995
0.746433114404096,0.219106761809741,4.07947853215299e-06,3,1,0.991399139913991
0.747042155367874,0.207294936372555,2.44168438568046e-06,3,1,0.994199419941994
0.748343087615737,0.208891429702734,4.4699567354571e-06,3,1,0.997399739973997
0.728003786978348,0.65625828619775,2.28974949250081e-06,3,1,0.8995899589959
0.719987259103024,0.729236269418379,3.25493990633582e-06,3,1,0.871387138713871
0.727262072523771,0.538625795427644,2.39714826170394e-06,3,1,0.909490949094909
0.728155761132284,0.527144676199422,2.56959233552888e-06,3,1,0.912991299129913
0.724119135103936,0.633222528424529,2.83666969502702e-06,3,1,0.891789178917892
0.79334818151788,0.174698600536311,1.60048395714173e-06,3,1,1
0.792451653185734,0.175870659749932,1.52058775457175e-06,3,1,1
0.791849884088437,0.189749355739931,1.33082095460529e-06,3,1,1
0.742120433729492,0.291049819800219,3.1078185839894e-06,3,1,0.972997299729973
0.697741604193119,1.03967128628181,4.33145519847517e-06,3,1,0.782378237823782
0.698283225065855,1.02585215990116,5.27144683033513e-06,3,1,0.785178517851785
0.694075159241199,1.10329854316399,2.6721006150007e-06,3,1,0.766476647664767
0.696242700006344,1.03553471000533,2.17448027108214e-06,3,1,0.778977897789779
0.696877585853997,1.03513252477173,6.81146540458198e-06,3,1,0.780578057805781
0.751167465035455,0.292212506570334,2.03870776643289e-06,3,1,0.996299629962996
0.699784812913774,0.8668396624559,3.35252080241348e-06,3,1,0.805180518051805
0.701778499342693,0.838540517862457,3.11608979701585e-06,3,1,0.813181318131813
0.701661261723979,0.843511299798546,3.32153103832966e-06,3,1,0.812381238123812
0.705817523347632,0.842058830938119,3.58437476279495e-06,3,1,0.823282328232823
0.700477681979752,0.863617952352849,2.84200720587621e-06,3,1,0.807280728072807
0.696585704883958,0.888055378757556,2.47514785863971e-06,3,1,0.794679467946795
0.698150124707114,0.882188248177699,2.68678686628603e-06,3,1,0.799379937993799
0.69625589730178,0.873619439062485,2.33902240913341e-06,3,1,0.795279527952795
0.696199502860234,0.901462190349197,2.24641862493692e-06,3,1,0.792379237923792
0.697398057780151,0.879647307792594,3.30789235273266e-06,3,1,0.797679767976798
0.693031605523301,0.920176983306674,2.75810149400932e-06,3,1,0.782278227822782
0.697487054447416,0.894720486871842,3.42377142206241e-06,3,1,0.796379637963796
0.698932736456048,0.863201023481781,2.55064112805488e-06,3,1,0.803280328032803
0.702163505985596,0.827178242075097,2.18088983262127e-06,3,1,0.815281528152815
0.695805179627098,0.871768600765194,2.7638767619258e-06,3,1,0.794279427942794
0.695821421711363,0.895358434192392,2.88913287157349e-06,3,1,0.791979197919792
0.695542544931234,0.876966755089987,2.74296979625827e-06,3,1,0.793079307930793
0.697632770502673,0.864847051007126,3.7622265519026e-06,3,1,0.7997799779978
0.701714664202907,0.892308662939345,3.3956473606719e-06,3,1,0.807580758075808
0.69708664973742,0.880904060520517,3.04837668726441e-06,3,1,0.796679667966797
0.693942307011798,0.913104089435873,2.77088382278828e-06,3,1,0.785278527852785
0.696005367415612,0.870532539725243,2.52734047230201e-06,3,1,0.794979497949795
0.698606966431621,0.818161827373003,2.50149097688788e-06,3,1,0.806980698069807
0.715895119363773,0.620176730602119,3.53839228346182e-06,3,1,0.871787178717872
0.697951272770918,0.829549377424328,2.98787491166939e-06,3,1,0.804180418041804
0.695753899942649,0.868865114881065,2.49094200573576e-06,3,1,0.794479447944795
0.695366323306798,0.868020534165985,3.16493190083317e-06,3,1,0.793579357935794
0.697681592263457,0.864331665533943,3.11120200108945e-06,3,1,0.7999799979998
0.700157934178009,0.821223476166043,2.52253763323038e-06,3,1,0.810681068106811
0.700545758807396,0.829608618186919,2.62784692985724e-06,3,1,0.810881088108811
0.700788737320487,0.824462764097289,3.86338234820324e-06,3,1,0.811981198119812
0.699003703034631,0.808754355222088,2.57798038570321e-06,3,1,0.808980898089809
0.698785093408647,0.808227101581252,2.85208138210121e-06,3,1,0.808480848084808
0.699965653748144,0.802230888973098,3.24805085498476e-06,3,1,0.812081208120812
0.706145640070244,0.78297663280923,3.49042388266537e-06,3,1,0.83008300830083
0.707056019819192,0.717803034545727,2.36001409412163e-06,3,1,0.838983898389839
0.707769396990306,0.73971177457131,2.68261573033639e-06,3,1,0.838683868386839
0.708835538739969,0.689368289163385,2.88027335223327e-06,3,1,0.846484648464847
0.707733942201784,0.7520653758224,3.17321953000627e-06,3,1,0.837283728372837
0.711816348321659,0.671817137796458,2.3693249974916e-06,3,1,0.855985598559856
0.697844622725366,0.821006657802437,2.94394375574834e-06,3,1,0.804780478047805
0.698154977703258,0.809535234739896,2.86067611654599e-06,3,1,0.806680668066807
0.697142008184935,0.834619292691897,3.50243160945437e-06,3,1,0.801580158015802
0.699736911359905,0.848975492522882,3.8470305344342e-06,3,1,0.806780678067807
0.697692650764989,0.837098864379313,3.14234812896343e-06,3,1,0.802680268026803
0.705929383478847,0.770849064054815,3.57819629467241e-06,3,1,0.830783078307831
0.698252002874383,0.831025265682224,2.77080842962898e-06,3,1,0.804780478047805
0.705944706732721,0.783208930490506,3.46378681150031e-06,3,1,0.82958295829583
0.701415386555504,0.801385390164426,3.29205253305247e-06,3,1,0.815981598159816
0.703071296854438,0.826648402761812,3.45838783669951e-06,3,1,0.817681768176818
0.703379572547606,0.801023862884113,3.40139495220626e-06,3,1,0.821082108210821
0.698376717206121,0.82782587525991,3.06300139204528e-06,3,1,0.805380538053805
0.705051348281557,0.794070351136883,3.45047203700009e-06,3,1,0.826182618261826
0.698461288323404,0.800910024814766,2.32452657819851e-06,3,1,0.808380838083808
0.70296105930912,0.78542666851973,3.76125805676495e-06,3,1,0.821582158215822
0.699060883768776,0.818988894038085,2.65844373191193e-06,3,1,0.808080808080808
0.697271633572294,0.822243984102251,2.59423374537459e-06,3,1,0.803080308030803
0.697414467921982,0.82754564643429,3.06666367025982e-06,3,1,0.802980298029803
0.696902384921579,0.818269541729053,2.65151815843752e-06,3,1,0.802580258025803
0.70328898850058,0.723877705217091,3.50249121634122e-06,3,1,0.828682868286829
0.746812496275513,0.326426631425349,2.37637975052808e-06,3,1,0.981598159815982
0.749739357803532,0.274940429862272,2.81549607066513e-06,3,1,0.994399439943994
0.751025795550772,0.265613587372011,3.10679027228703e-06,3,1,0.998699869986999
0.742164514451348,0.359603693191655,2.80393704561371e-06,3,1,0.966196619661966
0.743103264970301,0.384320388371499,1.56933500751135e-06,3,1,0.966096609660966
0.678293254554525,1.43507080627877,2.73954560961381e-06,3,1,0.692069206920692
0.677631120545144,1.50628358776253,2.16527020514898e-06,3,1,0.683168316831683
0.674764596564668,1.50187618483087,2.35346604949696e-06,3,1,0.676167616761676
0.683809444519898,1.24778427861302,1.63397839436767e-06,3,1,0.725272527252725
0.681382393180114,1.38125353292246,2.15950948123379e-06,3,1,0.705470547054705
0.727460423797967,0.562402147449523,2.0495164257307e-06,3,1,0.907590759075908
0.748497853415951,0.249616898541027,3.08086965146281e-06,3,1,0.993699369936994
0.7474078460028,0.248921815592685,2.7560384569711e-06,3,1,0.990999099909991
0.675665159168058,1.49971574733243,3.6529986324472e-06,3,1,0.678767876787679
0.679941793948223,1.44899912965772,3.31539262885941e-06,3,1,0.694969496949695
0.667655406476117,1.84383650093431,1.76399785506504e-06,3,1,0.623262326232623
0.708369107175291,0.794836847407732,2.38486505829079e-06,3,1,0.834683468346835
0.680880741895269,1.20219599754103,2.8742366543902e-06,3,1,0.722272227222722
0.705501437564231,0.840550592876499,2.19820614118682e-06,3,1,0.822582258225823
0.719609932132015,0.594477395752763,2.19240921045654e-06,3,1,0.883988398839884
0.683222032217118,1.31104650049114,1.82359903098276e-06,3,1,0.717371737173717
0.686348540637583,1.09387838880797,2.39696475793264e-06,3,1,0.747374737473747
0.687885121145569,0.885083508468851,2.23564163706175e-06,3,1,0.772477247724772
0.690522401273676,1.19232412116369,3.06035444233678e-06,3,1,0.748274827482748
0.693998519884607,1.19705381298805,4.29615280294759e-06,3,1,0.756775677567757
0.690956172992516,1.17057038413484,2.29337923830138e-06,3,1,0.751575157515752
0.691916171685377,1.13621425802575,4.49242276420482e-06,3,1,0.757575757575758
0.694261717684161,1.09464523181003,4.41175205415561e-06,3,1,0.767876787678768
0.691726786713696,1.14028339491608,5.80865674508044e-06,3,1,0.756675667566757
0.698979319991174,1.01247170690912,1.7568180107284e-06,3,1,0.788378837883788
0.755873744912558,0.306375535356509,1.72532502567375e-06,3,1,1
0.773795014752188,0.390344013312261,1.55015166191996e-06,3,1,1
0.723338709618307,0.529514136125302,2.59263851410372e-06,3,1,0.9002900290029
0.71940363784078,0.564803512356661,1.82009880810268e-06,3,1,0.886488648864887
0.724364424495442,0.528967961966546,3.5289962637185e-06,3,1,0.902990299029903
0.717974965661944,0.602267699292815,3.86196198412702e-06,3,1,0.878987898789879
0.72042322320351,0.62239012182595,3.1299545249487e-06,3,1,0.883288328832883
0.719001021644157,0.587140663534702,3.9766065493415e-06,3,1,0.883188318831883
0.719211274426202,0.588317183943752,2.98709603580677e-06,3,1,0.883588358835884
0.719837491719416,0.585390247316055,2.23539461580667e-06,3,1,0.885488548854885
0.720504756425915,0.575497897744394,2.64112890046354e-06,3,1,0.888288828882888
0.721241607392793,0.576708116678509,2.6088865325692e-06,3,1,0.89008900890089
0.719942870493868,0.577039001518246,2.99443382202661e-06,3,1,0.886688668866887
0.717512153567812,0.618048556107301,2.30698882171814e-06,3,1,0.876187618761876
0.71740833423258,0.620725450285518,2.86936794414331e-06,3,1,0.875687568756876
0.721575091300091,0.571464833745307,3.45584188776702e-06,3,1,0.891489148914892
0.719393388942973,0.589785638456571,3.49651220278037e-06,3,1,0.883888388838884
0.717210522397297,0.619883596334896,3.37370952488775e-06,3,1,0.875287528752875
0.720694632018881,0.584698125410177,2.83501050557356e-06,3,1,0.887788778877888
0.720277098492866,0.5908144013063,2.77318173936976e-06,3,1,0.886088608860886
0.719653235001259,0.584272901652199,2.89244442740263e-06,3,1,0.885188518851885
0.719555048514684,0.580235213588473,3.54760109770415e-06,3,1,0.885288528852885
0.719604181640425,0.588250073701197,3.54856270464581e-06,3,1,0.884688468846885
0.719107129386931,0.56724465804725,3.65822741845768e-06,3,1,0.885488548854885
0.722050357499794,0.54148029706434,2.90413589877739e-06,3,1,0.895689568956896
0.717686298568095,0.592624308733485,1.81190000577254e-06,3,1,0.879187918791879
0.721247654492805,0.54909799939432,4.02190597536054e-06,3,1,0.892889288928893
0.722970135191455,0.531584392869266,3.5438081268752e-06,3,1,0.899089908990899
0.723049918525914,0.534318252351415,3.24823344813625e-06,3,1,0.898989898989899
0.723276622029834,0.537996698336646,3.34322577855326e-06,3,1,0.899189918991899
0.723947926862806,0.542789652658164,2.75187973171692e-06,3,1,0.9004900490049
0.72479641483921,0.530526259086201,3.03049133966392e-06,3,1,0.903890389038904
0.722100154989382,0.55144217278441,3.59920598519737e-06,3,1,0.894789478947895
0.721016051446419,0.564619659771873,3.3552293895585e-06,3,1,0.890689068906891
0.721456282107539,0.559700725921918,3.26851657320147e-06,3,1,0.892289228922892
0.720433957343456,0.590745578755403,2.97299609825035e-06,3,1,0.886488648864887
0.716860852609294,0.656318459457113,2.32208765833693e-06,3,1,0.870687068706871
0.720188374118972,0.593933099986205,3.98020219417379e-06,3,1,0.885588558855886
0.734195828324165,0.496595617136239,2.7156027681142e-06,3,1,0.931693169316932
0.733969640285546,0.529090224618596,2.48358801748209e-06,3,1,0.927892789278928
0.734055581945955,0.534920568127478,2.23241223532804e-06,3,1,0.927492749274928
0.736080213378736,0.507553169313126,2.44823000230937e-06,3,1,0.935493549354935
0.731157310641607,0.558191304347329,2.1630596602587e-06,3,1,0.917591759175918
0.736580841960877,0.506525802309999,2.0949735307803e-06,3,1,0.936893689368937
0.739023025395916,0.497637481917921,2.65101548835186e-06,3,1,0.944094409440944
0.737501245483714,0.525207072794487,2.25823170509457e-06,3,1,0.937393739373937
0.738111241762167,0.485766119581893,2.34670035649644e-06,3,1,0.942994299429943
0.736140339439425,0.465663071697987,2.08248311454618e-06,3,1,0.93989398939894
0.740560784987807,0.465255681958554,2.07425871064618e-06,3,1,0.951395139513951
0.709138031993194,0.738578741507637,1.17102020797694e-06,3,1,0.842284228422842
0.774753234569696,0.234631074893998,4.04796815849971e-06,3,1,1
0.76550899342761,0.288477451919739,1.79041126692915e-06,3,1,1
0.743506996085202,0.482746565116921,2.27143437210539e-06,3,1,0.957295729572957
0.739510223044557,0.481383965753413,1.93836042278175e-06,3,1,0.946994699469947
0.736320475726713,0.52287307680425,2.02295043956729e-06,3,1,0.934593459345935
0.741730967796982,0.470613841936603,2.25742292039489e-06,3,1,0.953895389538954
0.736294872293246,0.529985118625343,2.15701711883809e-06,3,1,0.933793379337934
0.736813487493953,0.540131300812313,2.35074753232488e-06,3,1,0.934093409340934
0.73835375264537,0.455615537789514,2.09202322589538e-06,3,1,0.946594659465947
0.751078394601245,0.517592120131518,4.46137515262339e-07,3,1,0.973397339733973
0.750219870391318,0.556827912531137,4.63909391311532e-07,3,1,0.967196719671967
0.743927310748715,0.406127256854457,1.83348283841635e-06,3,1,0.966096609660966
0.738131101586723,0.491879777141023,2.23874355923674e-06,3,1,0.942394239423942
0.745221877320142,0.462903686429911,2.11941250330751e-06,3,1,0.963696369636964
0.763621621535972,0.274912696725711,2.49416710466078e-06,3,1,1
0.752605524847173,0.265061807653526,2.24138806616131e-06,3,1,1
0.756362202394769,0.324456490336369,2.48182897002346e-06,3,1,1
0.75443077335944,0.346796955556933,2.46304491244828e-06,3,1,0.999299929992999
0.766137784104256,0.314246279065257,2.62607120773373e-06,3,1,1
0.754879499720253,0.344312982202186,2.4681748872331e-06,3,1,1
0.755054769597306,0.330365409660883,2.62771909083918e-06,3,1,1
0.761614846423723,0.510227572153724,5.73683908276305e-07,3,1,1
0.76273614910628,0.467024245722719,5.43105005561936e-07,3,1,1
0.76314797139136,0.443755013484336,5.25690665682137e-07,3,1,1
0.763561572510734,0.467728141186686,5.26451973698772e-07,3,1,1
0.764486357227366,0.419742922358291,4.98770415997729e-07,3,1,1
0.76449273356512,0.444293912011308,5.0234138658754e-07,3,1,1
0.764925971861914,0.417982569340511,4.87655582502792e-07,3,1,1
0.76432477965971,0.515676967793178,5.22539482736546e-07,3,1,1
0.7649386478217,0.465799276014472,5.00144345060753e-07,3,1,1
0.764196312155752,0.538233481545038,5.29266536869109e-07,3,1,1
0.764939066173355,0.508510611569408,5.14423578957673e-07,3,1,1
0.767601455193316,0.415404015898469,4.60230299007749e-07,3,1,1
0.758537211904561,0.304506100568856,2.20590776592586e-06,3,1,1
0.753618511765757,0.394416256237646,2.83253748015095e-06,3,1,0.992399239923992
0.756197526079712,0.359954580251097,1.73462582580315e-06,3,1,1
0.757465809429055,0.293813102682444,1.67025794300936e-06,3,1,1
0.75670597310704,0.32664837599571,2.58952787574552e-06,3,1,1
0.75805650346075,0.323404868954571,2.44833262007898e-06,3,1,1
0.760186323226806,0.23508803615056,1.74449043204209e-06,3,1,1
0.760740742404313,0.256201812340588,2.78864368157382e-06,3,1,1
0.761410849081594,0.287744197672266,2.40796631072836e-06,3,1,1
0.762482417865946,0.232826709247116,2.38239658142696e-06,3,1,1
0.764528807847564,0.277603505736882,2.56473865909746e-06,3,1,1
0.766226352718754,0.249562090218335,2.37782355434266e-06,3,1,1
0.756485858781613,0.391957994150101,2.45173291628678e-06,3,1,1
0.759086923952317,0.223801723638168,2.03700443085634e-06,3,1,1
0.760900726279263,0.240408570082275,2.23853268629491e-06,3,1,1
0.759883769081974,0.259807677563658,2.53038810830834e-06,3,1,1
0.758971003634099,0.245593277815165,3.20869305687088e-06,3,1,1
0.761132947944093,0.238387586637642,1.70936821691606e-06,3,1,1
0.758727644463503,0.270021022897454,2.89760003688591e-06,3,1,1
0.735735456340696,0.444859875675573,3.29123006328808e-06,3,1,0.940894089408941
0.738860892880134,0.357054975409871,2.74166697261187e-06,3,1,0.957895789578958
0.690378288762159,1.19827287372289,4.52304941235878e-06,3,1,0.747274727472747
0.688421987180248,1.22569581539519,4.54074023929579e-06,3,1,0.739473947394739
0.688574176677545,1.23866794810017,4.65943829227093e-06,3,1,0.738573857385739
0.687397045826266,1.18269876084815,4.37454874757912e-06,3,1,0.741174117411741
0.6979088000301,0.837765307516958,2.43063037672638e-06,3,1,0.803180318031803
0.737210022083577,0.302030856526767,2.8564276601569e-06,3,1,0.959195919591959
0.736557496899591,0.280023021044209,3.67813044566059e-06,3,1,0.95969596959696
0.737473886708531,0.248621821591156,3.13354435181416e-06,3,1,0.965196519651965
0.737966810931729,0.309747945924663,2.92968608987222e-06,3,1,0.96039603960396
0.737883441023314,0.312409359251017,2.94689738756024e-06,3,1,0.95989598959896
0.737278388289764,0.271618491802109,2.85607811812989e-06,3,1,0.962396239623962
0.736626507464105,0.283194926448934,3.32379245255975e-06,3,1,0.95959595959596
0.7376458263634,0.280171851896276,2.46288705505672e-06,3,1,0.962496249624962
0.737484753234488,0.302912777160635,2.82830555183151e-06,3,1,0.95979597959796
0.737425623737348,0.271996653996686,2.89978105662997e-06,3,1,0.962796279627963
0.737275081452489,0.26609035238807,2.89133196541276e-06,3,1,0.962996299629963
0.737615153077241,0.286714122015911,2.56505392793039e-06,3,1,0.961796179617962
0.73733164881645,0.279745272207636,2.6343381559498e-06,3,1,0.961696169616962
0.737653940221121,0.289675174474466,2.68843023405807e-06,3,1,0.961596159615962
0.737759686631625,0.275782127253224,3.06367341007016e-06,3,1,0.963196319631963
0.737274393569876,0.273759267533263,2.6988729057815e-06,3,1,0.962196219621962
0.737552917476065,0.271354954509079,2.68436625821722e-06,3,1,0.963196319631963
0.736818491777936,0.320450314724404,2.96394412918292e-06,3,1,0.956295629562956
0.737541441108612,0.254654835685772,2.83027900202682e-06,3,1,0.964796479647965
0.737499514402839,0.273542319394732,3.08326039274304e-06,3,1,0.962796279627963
0.737286596318913,0.29938345043014,3.03017293577052e-06,3,1,0.95959595959596
0.736997724091062,0.305666438179123,3.23716062036968e-06,3,1,0.958295829582958
0.737826217050381,0.266524332704112,2.65560963127083e-06,3,1,0.964396439643964
0.737357717028506,0.296016419464665,2.94565144250956e-06,3,1,0.96019601960196
0.737749477187696,0.280894009769972,2.81936847077124e-06,3,1,0.962696269626963
0.737774634756681,0.266092219236608,2.94173742401773e-06,3,1,0.964296429642964
0.717569335626727,0.786807473309433,8.00339059272268e-07,3,1,0.859285928592859
0.732966931787143,0.387459068070986,1.41397971026006e-06,3,1,0.93959395939594
0.691801806362594,1.21071580909435,1.12588402501305e-06,3,1,0.74977497749775
0.699449671331479,1.09210315806199,1.06710792448769e-06,3,1,0.781578157815782
0.727036520975094,0.329389599384206,1.55023921889609e-06,3,1,0.92999299929993
0.699282492848542,1.27758592505498,1.32533945072316e-06,3,1,0.762376237623762
0.72129979294791,0.596285255977657,3.80194861138777e-06,3,1,0.888188818881888
0.71629981323464,0.926997602788508,1.61511784726536e-06,3,1,0.841884188418842
0.704476857973186,1.19811255844144,2.21402190562921e-06,3,1,0.783878387838784
0.712679616193976,0.929604879863859,9.2289500713968e-07,3,1,0.832283228322832
0.736568786075793,0.326280515474055,2.73350091280574e-06,3,1,0.955095509550955
0.736057271918922,0.331127663898827,4.46062512065134e-06,3,1,0.953195319531953
0.735236500652415,0.330545307037919,3.1377772729752e-06,3,1,0.951195119511951
0.749116751577255,0.297412426386482,3.8067876544709e-06,3,1,0.99049904990499
0.735472805884051,0.308585002937097,3.10399507089899e-06,3,1,0.953995399539954
0.734729260149155,0.316754464360728,2.81237473255286e-06,3,1,0.951295129512951
0.738458086033784,0.314300159887552,3.69412477697631e-06,3,1,0.961196119611961
0.738273156264408,0.442531056798254,9.05028806278511e-07,3,1,0.947794779477948
0.733903877478166,0.273136275015946,2.67340279640661e-06,3,1,0.953495349534954
0.734036102311826,0.31931632298925,3.02007337513315e-06,3,1,0.949194919491949
0.734067594204971,0.326724779579679,3.14186153705936e-06,3,1,0.948494849484948
0.733855718247492,0.320471976633973,3.33473541576759e-06,3,1,0.948594859485949
0.733747044100816,0.309279517531864,2.85617264249032e-06,3,1,0.94949494949495
0.734139322610262,0.314096129713401,2.72853744284044e-06,3,1,0.94999499949995
0.733964698586015,0.316056442769817,2.83152371170571e-06,3,1,0.949294929492949
0.733777783873857,0.316300543221046,3.7215920496203e-06,3,1,0.948794879487949
0.733844046443649,0.322879777399639,2.73511544160718e-06,3,1,0.948294829482948
0.733662431389362,0.318940618945568,3.15847704642812e-06,3,1,0.948294829482948
0.734194015349858,0.306157054885286,3.24786635803786e-06,3,1,0.950895089508951
0.735578985667796,0.302059082884938,3.3556253938847e-06,3,1,0.954895489548955
0.818198855537727,0.398102305501064,1.79075722686767e-06,3,1,1
0.700608335959186,0.94845560422569,2.9845041610131e-06,3,1,0.799079907990799
0.700999406679472,0.929319992928582,2.73831717784356e-06,3,1,0.801980198019802
0.702249166603658,0.927328262375395,2.79558388471488e-06,3,1,0.805380538053805
0.696359037768834,1.07803503810752,2.7672805042807e-06,3,1,0.774977497749775
0.696870098422745,1.0436260922023,2.53185729888381e-06,3,1,0.77977797779778
0.693618990823762,1.04604027214599,3.09333955209039e-06,3,1,0.771077107710771
0.69857552845944,0.985270386724675,2.67279526104888e-06,3,1,0.79007900790079
0.69971389207062,1.05744108395597,2.57916878800103e-06,3,1,0.785678567856786
0.706428856747554,0.874036670657075,2.19429540852903e-06,3,1,0.821682168216822
0.724491641708524,0.575984478424897,1.51813584190131e-06,3,1,0.898589858985899
0.715529307784182,0.694187945640375,3.25823348881142e-06,3,1,0.863386338633863
0.710853390920479,0.603824574429774,2.55501637915871e-06,3,1,0.86038603860386
0.714530955015018,0.601740502851091,2.44201243357329e-06,3,1,0.87008700870087
0.718617444460194,0.652819847682399,3.16993699527256e-06,3,1,0.875587558755876
0.713151310061102,0.746680630495677,2.42888459749389e-06,3,1,0.851885188518852
0.728124418839588,0.565848260944379,2.19650239028084e-06,3,1,0.908990899089909
0.720612545112634,0.710266782400083,2.39283383020072e-06,3,1,0.874987498749875
0.719194055538913,0.690940835270265,2.66074243046199e-06,3,1,0.873187318731873
0.720221674232861,0.697520100904066,2.57894033333796e-06,3,1,0.875187518751875
0.719295220217553,0.695858979865291,2.04162715315458e-06,3,1,0.872987298729873
0.719144751925166,0.707693583488876,2.15719427714987e-06,3,1,0.871387138713871
0.719049353440846,0.710148437932479,2.23401917858684e-06,3,1,0.870887088708871
0.717770694203212,0.642989209080071,2.4018251878283e-06,3,1,0.874387438743874
0.71901002056978,0.653728428189138,2.54682824238482e-06,3,1,0.876487648764877
0.720190074006285,0.684321578772583,2.64133512080093e-06,3,1,0.876487648764877
0.720214495909897,0.669983260795987,2.6242899390579e-06,3,1,0.877987798779878
0.718567756032038,0.659877854072405,3.08452050303152e-06,3,1,0.874687468746875
0.722789298889265,0.669551425464407,2.25033077131701e-06,3,1,0.884688468846885
0.724070551473906,0.678826062031601,2.43396913055523e-06,3,1,0.887088708870887
0.724426480332256,0.672520425618584,2.45980700368629e-06,3,1,0.888588858885889
0.724686146595303,0.683610317207148,2.45237490313693e-06,3,1,0.888188818881888
0.729127885370869,0.644074515946299,1.90090327228894e-06,3,1,0.903690369036904
0.725706060423862,0.645718143416993,2.71596682446983e-06,3,1,0.894689468946895
0.726794369095086,0.679204676843458,2.7526751824367e-06,3,1,0.894089408940894
0.729286098099797,0.649332633486879,2.35897666130622e-06,3,1,0.903590359035904
0.7302389506242,0.625409019011542,2.31835077058755e-06,3,1,0.908490849084909
0.730686425252615,0.631094231977314,2.36885053881248e-06,3,1,0.909090909090909
0.731185312166301,0.643716253888144,2.35836942403992e-06,3,1,0.909090909090909
0.731507798847808,0.625187744850564,2.41565655219434e-06,3,1,0.911791179117912
0.732098960704451,0.621066686229586,2.4838221281032e-06,3,1,0.913691369136914
0.732568116858262,0.615317045702674,2.56786183713477e-06,3,1,0.915491549154915
0.733407251066521,0.620581804486555,2.68858023839867e-06,3,1,0.917191719171917
0.731068914521587,0.633793370635614,3.36991931689378e-06,3,1,0.90979097909791
0.73492430440686,0.606126293818195,2.65457502753198e-06,3,1,0.922592259225923
0.734662762432638,0.600890610099718,2.54473290109907e-06,3,1,0.922392239223922
0.731383888336814,0.620315008540546,2.94781600493766e-06,3,1,0.911991199119912
0.730948145450702,0.640740575734719,2.74217035944813e-06,3,1,0.908790879087909
0.730375063519973,0.640390734888455,2.58605078339634e-06,3,1,0.907290729072907
0.729530951771313,0.642630860245561,2.48226170656143e-06,3,1,0.904890489048905
0.73031130439282,0.654824223738079,2.32479039942146e-06,3,1,0.905690569056906
0.729804267330487,0.663163677802518,2.30656208824006e-06,3,1,0.903490349034903
0.729636820481026,0.693176160818551,2.33466467134456e-06,3,1,0.9000900090009
0.729237072570183,0.676746162489057,2.31587764622313e-06,3,1,0.900690069006901
0.729346582129534,0.677798789021596,2.33869454946694e-06,3,1,0.900890089008901
0.729210389245875,0.682713111709507,2.32347691434476e-06,3,1,0.8999899989999
0.729119150033177,0.684890595390185,2.36589558993057e-06,3,1,0.8995899589959
0.750766040398764,0.309084495824457,3.2813776554262e-06,3,1,0.993599359935994
0.74974859344877,0.273437795494765,3.6353872084804e-06,3,1,0.994599459945995
0.730210008474715,0.461132110700483,2.66874290898517e-06,3,1,0.924992499249925
0.727914653338417,0.546544464585176,2.29847548997492e-06,3,1,0.91039103910391
0.749641031765551,0.274785140764626,2.04112177482454e-06,3,1,0.994099409940994
0.75646488456347,0.25737540526206,2.98065243270694e-06,3,1,1
0.753548591600552,0.259879261648047,3.10710370067935e-06,3,1,1
0.752606052380773,0.252801858635839,2.82187730739447e-06,3,1,1
0.75176065107552,0.250669641743413,2.9809274122639e-06,3,1,1
0.751788214188139,0.268790149475732,2.79528280297086e-06,3,1,1
0.752069389390669,0.252007147203725,2.67612664492826e-06,3,1,1
0.752009290189835,0.263968852118474,2.49429043664969e-06,3,1,1
0.75202051266386,0.263990495294921,2.95383995184675e-06,3,1,1
0.74922100834081,0.283070698944809,3.46752504409879e-06,3,1,0.992199219921992
0.757544472432626,0.255135739133158,3.40975940413983e-06,3,1,1
0.751988627066201,0.255442639554331,3.05256409641501e-06,3,1,1
0.755038411721723,0.225476717177193,4.10692122372549e-06,3,1,1
0.755830119119836,0.252642362406745,2.94560183155315e-06,3,1,1
0.748261713426309,0.278209825542579,2.88421171190852e-06,3,1,0.99019901990199
0.754506673242031,0.248579456248932,3.02781090597049e-06,3,1,1
0.751031076531389,0.246114689797472,4.21500246377668e-06,3,1,1
0.751701770729188,0.265974992278114,2.90142445039195e-06,3,1,1
0.752608295003716,0.275104485980186,2.85168082729489e-06,3,1,1
0.753869266954329,0.263183435382471,2.82098218958305e-06,3,1,1
0.754125142726522,0.254314024367954,4.10892042483114e-06,3,1,1
0.756300828997962,0.250096459570393,3.35341861440817e-06,3,1,1
0.757415715693836,0.233061136933085,3.16426832677083e-06,3,1,1
0.750637258556924,0.247258416883979,2.82372115808922e-06,3,1,0.999499949994999
0.748000198335566,0.276872832551906,2.51075291445855e-06,3,1,0.98969896989699
0.749051341102171,0.2692140132351,2.68035023088072e-06,3,1,0.993199319931993
0.748621894891408,0.275332690556439,2.80511759964909e-06,3,1,0.991499149914992
0.74851831724955,0.265338496260928,3.6411623452543e-06,3,1,0.992199219921992
0.747452217676961,0.278501765501454,3.40468891858687e-06,3,1,0.988098809880988
0.747230333036043,0.282031176301497,2.68562411321579e-06,3,1,0.987198719871987
0.747811719367622,0.283131279275871,2.95671814875156e-06,3,1,0.988598859885989
0.747266480978873,0.276443908232906,2.60677104947928e-06,3,1,0.987798779877988
0.748023346171448,0.262027641965248,2.99424010513929e-06,3,1,0.991199119911991
0.748289722047985,0.264346282986658,2.88976876488286e-06,3,1,0.991699169916992
0.748385313652641,0.265067022633388,3.27449804878821e-06,3,1,0.991899189918992
0.749435818763656,0.268829479616281,3.23870172948297e-06,3,1,0.994199419941994
0.748519284697316,0.272212073765655,3.15454181625461e-06,3,1,0.991499149914992
0.748560418015657,0.263785871388289,3.08768015310321e-06,3,1,0.992499249924992
0.752776416261679,0.247143408998665,3.85268455554203e-06,3,1,1
0.749363563371879,0.260185416955194,2.87350416902153e-06,3,1,0.994899489948995
0.750933797213752,0.259933685283059,2.91445935171865e-06,3,1,0.998999899989999
0.750694774755759,0.266480583734372,2.90966374748658e-06,3,1,0.997699769976998
0.749169447779772,0.261807944282448,2.66225005959226e-06,3,1,0.994199419941994
0.749554530550633,0.277942177703257,3.58110942628325e-06,3,1,0.993599359935994
0.74816265886222,0.265731296087157,2.81544284225288e-06,3,1,0.991199119911991
0.75005701361171,0.286712409717446,1.99094895428192e-06,3,1,0.993999399939994
0.750803411706397,0.266695905584502,3.32027146334298e-06,3,1,0.997999799979998
0.753067817549411,0.264841262097145,3.51562537797593e-06,3,1,1
0.751682276538324,0.265169512404412,3.03968589155028e-06,3,1,1
0.754316460148289,0.254296699170574,3.132747176993e-06,3,1,1
0.753075910808329,0.282530165604132,3.06989472439862e-06,3,1,1
0.756217704690523,0.242593837159571,3.27703937139595e-06,3,1,1
0.755891043787557,0.270165739075051,3.84328413184202e-06,3,1,1
0.753620931883456,0.271484674687876,3.4132491103303e-06,3,1,1
0.750089234247454,0.285518729921814,2.69086696637451e-06,3,1,0.994199419941994
0.760540086980273,0.322478400902527,1.86812358449041e-06,3,1,1
0.709131198232747,0.84278283528762,2.65000035077318e-06,3,1,0.831783178317832
0.749772453578039,0.229601583156702,3.58944915564144e-06,3,1,0.998999899989999
0.74754656277956,0.249255774521864,2.28677928578081e-06,3,1,0.991299129912991
0.74862964918524,0.285957115687764,1.70183878277312e-06,3,1,0.99039903990399
0.752055996015385,0.28523192905095,2.14379342196779e-06,3,1,0.999399939993999
0.762477393873505,0.264612553150226,1.39892467039924e-06,3,1,1
0.751377733583399,0.301258665966573,2.14707143562457e-06,3,1,0.995999599959996
0.750750378373502,0.255580468000911,2.74379861995076e-06,3,1,0.998999899989999
0.757506173231679,0.249497713253142,2.39287993807253e-06,3,1,1
0.748327912948129,0.293368937625097,2.1393564105972e-06,3,1,0.988898889888989
0.749079362658149,0.303311727107804,2.30229735743233e-06,3,1,0.98979897989799
0.751584359202079,0.218579541474857,2.94632529041167e-06,3,1,1
0.754531952495585,0.366499342417221,2.58816488104301e-06,3,1,0.997599759975998
0.753886400487793,0.241647491468305,3.16562873513823e-06,3,1,1
0.750352019832846,0.256262454171897,3.13531965645549e-06,3,1,0.997899789978998
0.750334546925617,0.280357303498018,2.60740518851592e-06,3,1,0.995399539953995
0.750835184002154,0.136459366375282,3.97665590548368e-06,3,1,1
0.752827804829132,0.17660450535415,2.52356902458255e-06,3,1,1
0.752451515791665,0.208437350678909,3.31305326250266e-06,3,1,1
0.754342329724151,0.138744441540458,2.00291395047184e-06,3,1,1
0.745027262625285,0.217046414971017,2.96910278598341e-06,3,1,0.987998799879988
0.749143709970364,0.393618621890293,2.10011443537239e-06,3,1,0.980898089808981
0.753659211333669,0.256506130502861,3.34325319767068e-06,3,1,1
0.752055908127444,0.261416151898653,3.07850348918871e-06,3,1,1
0.756046144743788,0.315098181993089,1.93555110359535e-06,3,1,1
0.746913693362768,0.258752415661534,1.68520110122735e-06,3,1,0.988698869886989
0.74485827351972,0.328185143015023,1.9994865807707e-06,3,1,0.976397639763976
0.748586486240709,0.406622332429846,2.24485281678566e-06,3,1,0.978097809780978
0.749465717221308,0.258177189454594,2.85989461492839e-06,3,1,0.995399539953995
0.749543058372914,0.292486267402692,1.70219054114106e-06,3,1,0.992099209920992
0.749596085158499,0.308363593636647,1.89024869322399e-06,3,1,0.990599059905991
0.750797972015616,0.298152561840983,1.9992201835247e-06,3,1,0.994799479947995
0.752366411073423,0.272216959538593,2.04669415292154e-06,3,1,1
0.752169090361652,0.4486021090032,2.70355437313345e-06,3,1,0.983198319831983
0.755576477385709,0.414437476184028,2.31108031505738e-06,3,1,0.995399539953995
0.750234198259739,0.412986913014896,2.25892357449278e-06,3,1,0.981698169816982
0.747881086560462,0.440603041383794,2.46654325641024e-06,3,1,0.972897289728973
0.750419488046341,0.232771119582015,2.78587623359505e-06,3,1,1
0.752293376459185,0.383016605665004,1.98291210115939e-06,3,1,0.99009900990099
0.754063207214331,0.325949240875955,1.84316874082876e-06,3,1,1
0.748061398106769,0.398647417849103,2.12899978792284e-06,3,1,0.977597759775978
0.753087568788032,0.375135378573822,2.0049703210619e-06,3,1,0.992999299929993
0.752368265090005,0.348560637795752,2.1563574107299e-06,3,1,0.993799379937994
0.755294121334465,0.327823409710756,2.03703601753175e-06,3,1,1
0.754254123618,0.322753837596807,2.08389003159493e-06,3,1,1
0.752557615821092,0.249365044871088,2.71590616358059e-06,3,1,1
0.75042091234369,0.164901638125721,1.87353159339541e-06,3,1,1
0.755174621644531,0.1798139285021,1.72347988239522e-06,3,1,1
0.754710836128156,0.173959569528289,2.17636843277954e-06,3,1,1
0.751633645398886,0.142160924843076,4.07213655917322e-06,3,1,1
0.754159671436561,0.153050510852549,1.68784865318337e-06,3,1,1
0.753368150749544,0.237726219806718,1.92747938393906e-06,3,1,1
0.752811103073486,0.258945255239605,2.01419829627824e-06,3,1,1
0.752939171723991,0.223903986750421,2.08213378720562e-06,3,1,1
0.758102607916711,0.190988537570994,3.72896932104952e-06,3,1,1
0.758757084676122,0.21260238346435,1.84677091242827e-06,3,1,1
0.760459194878539,0.208025342648205,2.65488053412282e-06,3,1,1
0.754085939064658,0.235587679343026,2.12268837903049e-06,3,1,1
0.758382903116981,0.212051048979073,3.01264035379861e-06,3,1,1
0.762923489997709,0.249185792545089,1.90686488291886e-06,3,1,1
0.743823499118334,0.446309402855147,1.19725999344264e-06,3,1,0.961796179617962
0.750560508186242,0.430448950325365,2.01087218990241e-06,3,1,0.980798079807981
0.748221652643552,0.296788339660593,1.75747290564512e-06,3,1,0.988198819881988
0.753797258921672,0.182792810779646,3.25360427152186e-06,3,1,1
0.757082310726522,0.205457268151121,1.82605075891484e-06,3,1,1
0.756286300343206,0.189220024816122,2.57992444893643e-06,3,1,1
0.755734600360139,0.176646058098323,2.20859658698439e-06,3,1,1
0.759208026536881,0.186162417062078,1.76590950481639e-06,3,1,1
0.7573824348592,0.179983694371386,2.10416942034982e-06,3,1,1
0.759066626993924,0.18119982324603,3.4904050338397e-06,3,1,1
0.761601310164614,0.195523749566559,2.63878926571323e-06,3,1,1
0.757178554538571,0.210997656373225,1.9317288382115e-06,3,1,1
0.754961049067927,0.176545949608621,2.72737521245486e-06,3,1,1
0.756603214998822,0.155854435629267,2.39018060417712e-06,3,1,1
0.755634719592178,0.205313205582464,2.08338179618171e-06,3,1,1
0.752122269113415,0.25794155684521,1.55176092203631e-06,3,1,1
0.745933773994043,0.331064693027995,1.46659557010832e-06,3,1,0.978897889788979
0.750528592884121,0.262284424084191,1.21087616792152e-06,3,1,0.997699769976998
0.746966993907199,0.30773598796773,1.8999037913702e-06,3,1,0.983898389838984
0.74495913109525,0.30607981744499,1.71423992977231e-06,3,1,0.978897889788979
0.743133871122231,0.312800405869128,1.58607879661961e-06,3,1,0.973397339733973
0.7444908440059,0.292540476627017,1.72000307678815e-06,3,1,0.978997899789979
0.746411440456375,0.263380342667047,1.60819522724628e-06,3,1,0.986898689868987
0.75215020899709,0.264103358938964,1.32596192846757e-06,3,1,1
0.750537953704511,0.240031003373369,2.08116705400488e-06,3,1,1
0.749745014230358,0.25659221610656,1.47847495458331e-06,3,1,0.996299629962996
0.737694108279442,0.577598725390955,1.13127261036939e-06,3,1,0.932593259325933
0.74264688256853,0.445295266518356,1.14094796069603e-06,3,1,0.958795879587959
0.744842564040686,0.3918356595572,1.30455813506776e-06,3,1,0.96989698969897
0.757203061571576,0.351767078207267,7.38922518762331e-07,3,1,1
0.747124741432707,0.3352144590245,1.33765704522488e-06,3,1,0.981498149814982
0.74468247889588,0.380613767791933,1.41451123627767e-06,3,1,0.970597059705971
0.749233589530362,0.403418917499363,1.56152457183016e-06,3,1,0.98009800980098
0.756844736083937,0.215069939351574,1.60004592479846e-06,3,1,1
0.746648813264636,0.362758921679588,1.71551044523227e-06,3,1,0.977497749774977
0.74666064489218,0.426607544871598,1.18774934486787e-06,3,1,0.971097109710971
0.746210963620676,0.32526877926921,1.44560940094014e-06,3,1,0.98019801980198
0.750462578039407,0.333824865645801,1.39195143887104e-06,3,1,0.99029902990299
0.739190668663332,0.405823543853357,1.60202344649755e-06,3,1,0.953795379537954
0.74473201584399,0.351498483374866,1.78798145581146e-06,3,1,0.973697369736974
0.755018108447963,0.224249062080032,1.12132012209178e-06,3,1,1
0.742156713795295,0.37236221031678,1.85470985733382e-06,3,1,0.964896489648965
0.792510375207951,1.12451751240958,9.30261643279772e-08,3,1,1
0.756967989994847,0.380763676582699,1.31265592471921e-06,3,1,1
0.742784445253165,0.328418664159813,1.35336478989741e-06,3,1,0.970997099709971
0.748582096690121,0.288374391156404,1.83759518423032e-06,3,1,0.98999899989999
0.745748881084617,0.379435844706668,1.45271819281199e-06,3,1,0.973497349734973
0.746809581036772,0.354427940940486,1.54209028780559e-06,3,1,0.978797879787979
0.749985439086668,0.392089102772114,1.60624416940138e-06,3,1,0.983198319831983
0.752754870556364,0.264462540328177,1.41339918400993e-06,3,1,1
0.750942571307047,0.294363812667142,1.07811255519596e-06,3,1,0.995499549954995
0.751819897407334,0.253291253181143,1.60541012639151e-06,3,1,1
0.78396242130141,0.303170964592284,1.3560110864077e-06,3,1,1
0.746011315049562,0.462298504652082,2.36991134961535e-06,3,1,0.965796579657966
0.743929204839007,0.429233507487645,3.62251599454504e-06,3,1,0.963796379637964
0.749144753294125,0.45496759588575,1.81064828205569e-06,3,1,0.974697469746975
0.742417348365431,0.521984156104588,2.77117724781792e-06,3,1,0.95049504950495
0.746036567725934,0.443952327318338,2.66517419297742e-06,3,1,0.967696769676968
0.745367667663376,0.49677384976609,2.48585321268515e-06,3,1,0.960696069606961
0.748515158923143,0.55477999595865,1.87411433480936e-06,3,1,0.962996299629963
0.74551676277604,0.463696533483574,2.1815974496348e-06,3,1,0.964396439643964
0.747243899616227,0.453272961081403,1.86215198021278e-06,3,1,0.96989698969897
0.748262110229508,0.439971666790941,2.01099725208909e-06,3,1,0.973897389738974
0.748145972070713,0.453377448786619,2.2351746266833e-06,3,1,0.972297229722972
0.746837239978485,0.435081778246543,3.08466252743463e-06,3,1,0.970697069706971
0.748492158997744,0.448326307567076,2.32022627296552e-06,3,1,0.973697369736974
0.743591661506028,0.509625846212655,2.18333429536667e-06,3,1,0.954795479547955
0.740258296454596,0.458074168234696,3.24696039659871e-06,3,1,0.951295129512951
0.748787606944959,0.425388048721997,2.02361208702304e-06,3,1,0.976697669766977
0.748292069154611,0.438862575978126,2.25860198136845e-06,3,1,0.974097409740974
0.748003562450514,0.42620431164636,2.45222434698484e-06,3,1,0.974597459745975
0.743207398313015,0.439566184322659,3.13754659766099e-06,3,1,0.960796079607961
0.747666295365336,0.439286708591116,2.03136809746461e-06,3,1,0.972397239723972
0.747393797416196,0.41879372415759,2.09508684532018e-06,3,1,0.973797379737974
0.747167088020002,0.409521063503209,2.22220619061376e-06,3,1,0.974097409740974
0.751990491589951,0.439741959648006,2.28058601412189e-06,3,1,0.983598359835984
0.751391481161121,0.440110311345323,2.0676304841843e-06,3,1,0.981998199819982
0.751300063254229,0.39526365727175,2.30335276485241e-06,3,1,0.986298629862986
0.750838482332067,0.413619099129412,2.4672578739497e-06,3,1,0.983198319831983
0.748800634253719,0.452413847392459,2.41313286892646e-06,3,1,0.973997399739974
0.751910089856821,0.398906220475811,2.16289355378071e-06,3,1,0.987498749874988
0.750982956456482,0.416600960219867,2.26315863056006e-06,3,1,0.983298329832983
0.750566993737826,0.434586060296881,2.24335611711538e-06,3,1,0.98039803980398
0.75032475936786,0.402745957824786,2.17151970716857e-06,3,1,0.982998299829983
0.749187435076128,0.408664220219971,2.42489123677052e-06,3,1,0.97949794979498
0.751677745602003,0.415075764859568,2.39540631531891e-06,3,1,0.985298529852985
0.75222898504893,0.396068863385149,2.17256229146139e-06,3,1,0.988598859885989
0.743116099310452,0.437215387880412,3.22662659359517e-06,3,1,0.960796079607961
0.74968314325381,0.410000229533189,2.96342849002939e-06,3,1,0.980598059805981
0.757210931259177,0.377598024915373,1.43590493053146e-06,3,1,1
0.747262339327855,0.440931472116873,2.89189831649887e-06,3,1,0.971197119711971
0.753041527917673,0.403425753329613,2.3161281614018e-06,3,1,0.98999899989999
0.752229384137676,0.408855941109372,2.00618473004877e-06,3,1,0.987298729872987
0.746132412594559,0.491782454832284,2.54096091391062e-06,3,1,0.963196319631963
0.749815507550443,0.453847980891947,2.07602347053239e-06,3,1,0.976497649764977
0.74900323387637,0.41167006969428,2.10991130942592e-06,3,1,0.978697869786979
0.752882010192578,0.396288618471431,2.00645612769439e-06,3,1,0.99029902990299
0.769560317940713,0.256321761806278,1.71104790099098e-06,3,1,1
0.753383324273571,0.419198721004916,1.49147867099919e-06,3,1,0.989298929892989
0.756175183463072,0.37552819989364,1.38249949125663e-06,3,1,1
0.755591065107416,0.416636129732393,1.52790394297397e-06,3,1,0.995299529952995
0.759650951514445,0.386343201963232,1.65415006867968e-06,3,1,1
0.733096807911722,0.747642717366392,1.01849022998105e-06,3,1,0.903490349034903
0.744624742992664,0.514633761979403,1.95821293071393e-06,3,1,0.956895689568957
0.747164256765011,0.556531563044202,2.39593870027759e-06,3,1,0.959295929592959
0.754424293605883,0.429979474407072,1.15523560337358e-06,3,1,0.990899089908991
0.765808547375409,0.375903621897898,1.90831784911219e-06,3,1,1
0.7641535850516,0.379603593100418,1.42191893262339e-06,3,1,1
0.762633672414639,0.252636597145845,2.26810951759067e-06,3,1,1
0.764156326645393,0.245594503081726,2.41914256083802e-06,3,1,1
0.764600714252967,0.223705177439285,2.32128894959554e-06,3,1,1
0.764814018062833,0.231529106585542,2.39751829089283e-06,3,1,1
0.763870340766003,0.239567086623645,2.35895327882035e-06,3,1,1
0.76490019382886,0.245121275687283,2.41232373025579e-06,3,1,1
0.765724888974195,0.241564054709077,2.38355207912385e-06,3,1,1
0.764573838206811,0.242414656176462,2.3723685704141e-06,3,1,1
0.764843900103391,0.243463655319282,2.38260415976925e-06,3,1,1
0.76996521882665,0.24377846564007,1.80941329470622e-06,3,1,1
0.770194392513881,0.262398643673531,1.89081198157409e-06,3,1,1
0.771598226024609,0.240460226430913,1.8939419348601e-06,3,1,1
0.768869106061213,0.204008165600692,2.35392914613716e-06,3,1,1
0.757020369546038,0.20321739269003,3.45575006510794e-06,3,1,1
0.763344546795096,0.162795918800548,3.66766434565537e-06,3,1,1
0.771735818796805,0.317478000779575,1.48405714638008e-06,3,1,1
0.773574397901367,0.256818801538722,1.69674617271683e-06,3,1,1
0.771919924486171,0.264022518363796,1.82493653833906e-06,3,1,1
0.75975609480756,0.159734244180031,3.0460979541914e-06,3,1,1
0.766761589867623,0.211153070179307,1.57483040350562e-06,3,1,1
0.768517083500917,0.248049876988642,1.70144146704244e-06,3,1,1
0.778432374087342,0.221880689383076,1.79690895787196e-06,3,1,1
0.777628926346988,0.251653360882783,1.79306827816383e-06,3,1,1
0.77815861687211,0.237257576258766,1.75514797523779e-06,3,1,1
0.776798000084996,0.229617596491636,1.7973600256329e-06,3,1,1
0.775306820901761,0.243285326546599,2.10997408396419e-06,3,1,1
0.795319548008203,0.270122045340402,1.51061064945966e-06,3,1,1
0.766967343670406,0.226504776444175,1.56222808241033e-06,3,1,1
0.766743738819146,0.223579439282533,2.19999822339282e-06,3,1,1
0.766556711827591,0.229281818056378,2.19651663945524e-06,3,1,1
0.765988056523447,0.245542345222515,2.25448123669752e-06,3,1,1
0.766627227795764,0.244243497273957,2.13741686199388e-06,3,1,1
0.766506348982459,0.24372509687416,2.19979189178808e-06,3,1,1
0.76680417908362,0.217717021011056,2.17480692870302e-06,3,1,1
0.766207548617023,0.21800217498766,2.19387274099689e-06,3,1,1
0.766781644700944,0.214477803768448,2.16898279128433e-06,3,1,1
0.766265000861942,0.228607078475357,2.14927906994275e-06,3,1,1
0.763238991249555,0.259823147959389,2.03061345680321e-06,3,1,1
0.764922837007227,0.255305746321581,2.20405745856328e-06,3,1,1
0.764648652532513,0.229046306890588,2.1696955907789e-06,3,1,1
0.764926235454209,0.237250224435272,2.33616406424349e-06,3,1,1
0.766522423810381,0.227948405371143,2.12724962709014e-06,3,1,1
0.767641725505606,0.256462973115824,2.26236948045791e-06,3,1,1
0.772397649506257,0.242189891247893,2.13167978677952e-06,3,1,1
0.770380131415882,0.232049932081781,2.17901365765109e-06,3,1,1
0.772921672525382,0.228009430927174,2.04118750797997e-06,3,1,1
0.772692784192916,0.249079325046732,2.01315874658313e-06,3,1,1
0.771588659723476,0.234188995285118,2.00999514782527e-06,3,1,1
0.767431385051877,0.230788818245598,2.32059629010575e-06,3,1,1
0.768956572380553,0.254808797537393,1.93507913343382e-06,3,1,1
0.766665211974941,0.233102951843332,2.02759023645864e-06,3,1,1
0.768000953304277,0.224661577895587,2.09387106940633e-06,3,1,1
0.768109813094062,0.210976543090954,2.11957016335498e-06,3,1,1
0.767411887795484,0.234593911878648,2.26251071752564e-06,3,1,1
0.766517970206994,0.207155974064799,2.25066996319753e-06,3,1,1
0.769813610386856,0.230127203386709,2.04549635584497e-06,3,1,1
0.769058315645657,0.229685545690966,2.04383127362887e-06,3,1,1
0.770524496495474,0.21537991041035,2.07143379869011e-06,3,1,1
0.770804255092183,0.221561528252008,2.08093007970724e-06,3,1,1
0.7710077080033,0.221251737358174,2.06803026528776e-06,3,1,1
0.761148793786962,0.350541934043936,2.08040917665927e-06,3,1,1
0.766643575682398,0.278796464683772,2.18363819834254e-06,3,1,1
0.741584464459748,0.38745697247853,3.18548448260831e-06,3,1,0.961896189618962
0.737078127155019,0.339922684100071,4.14989847541555e-06,3,1,0.954995499549955
0.735304341761147,0.428793853517521,3.39333237972251e-06,3,1,0.941394139413941
0.734952511464356,0.423010319681074,3.14996832817235e-06,3,1,0.941094109410941
0.736248160593941,0.404374519733525,2.96169244414508e-06,3,1,0.946394639463946
0.735114101915625,0.3945343272899,3.07627211118303e-06,3,1,0.944394439443944
0.735786581236165,0.386866720173736,3.07958685228669e-06,3,1,0.946894689468947
0.736155362329906,0.401104169374565,3.17745433894262e-06,3,1,0.946394639463946
0.735398509619378,0.433017913430976,3.31859170759323e-06,3,1,0.941294129412941
0.736384235334889,0.404826151541146,2.90535912769908e-06,3,1,0.946694669466947
0.736240738286017,0.392895636915588,2.93879249597601e-06,3,1,0.947494749474947
0.736270911213248,0.404499752026233,2.96380325109675e-06,3,1,0.946394639463946
0.736571505512113,0.384198388713313,2.94788990729513e-06,3,1,0.949194919491949
0.736136193362863,0.417451006354506,2.88974805357013e-06,3,1,0.944694469446945
0.735962146321238,0.407475097386667,3.13893476040167e-06,3,1,0.945294529452945
0.735977139671252,0.424253420628933,2.56800972401137e-06,3,1,0.943594359435944
0.735317973801122,0.39893046680355,2.85138336019199e-06,3,1,0.944494449444945
0.734803143458242,0.400076484856575,3.24919521373915e-06,3,1,0.942994299429943
0.734304973338019,0.409330948194665,2.88211208040159e-06,3,1,0.940794079407941
0.735192921791715,0.410105622287413,2.92534552286863e-06,3,1,0.942994299429943
0.735567233685581,0.415333321548189,2.94337384982404e-06,3,1,0.943494349434943
0.734253469923506,0.407836934372712,2.9630978745939e-06,3,1,0.940794079407941
0.734783333949678,0.413984552748086,3.51755362268117e-06,3,1,0.941594159415942
0.734739285410895,0.410089670780325,3.3027352053015e-06,3,1,0.941894189418942
0.734498988834804,0.420181094886138,3.33674378981077e-06,3,1,0.94019401940194
0.735431612670478,0.410840683574623,3.69234370783287e-06,3,1,0.943594359435944
0.734876734394848,0.403580367770876,3.14847640007626e-06,3,1,0.942894289428943
0.734921965608446,0.430836234008635,3.56933633838439e-06,3,1,0.94019401940194
0.736327822684943,0.390687399331524,2.55229677097793e-06,3,1,0.947894789478948
0.735632772691042,0.390604475921082,2.76562465092802e-06,3,1,0.946094609460946
0.735616364162959,0.393300487741699,2.92205671995577e-06,3,1,0.945794579457946
0.736829674238782,0.383803041728439,3.24696355067198e-06,3,1,0.94989498949895
0.735631001436078,0.400933183396826,2.93559210580262e-06,3,1,0.945094509450945
0.737523754152319,0.37890316530368,3.22292665820609e-06,3,1,0.952195219521952
0.737114369064733,0.364184617722114,3.46836087935818e-06,3,1,0.952695269526953
0.73586932225797,0.377701746499845,2.81302997089355e-06,3,1,0.948094809480948
0.736413434781189,0.388872911611879,2.88174832223062e-06,3,1,0.948294829482948
0.736318747367288,0.398642231536101,3.38723930801336e-06,3,1,0.947094709470947
0.737283898153297,0.364779899207795,3.00827624172245e-06,3,1,0.952995299529953
0.73443417627353,0.436454238570678,3.43824766727679e-06,3,1,0.938393839383938
0.733607924807058,0.456449100485222,3.71832757519056e-06,3,1,0.934293429342934
0.735342644403106,0.409594517960677,3.24723529506244e-06,3,1,0.943494349434943
0.735618159740785,0.409874450835672,3.23806501330251e-06,3,1,0.944194419441944
0.734616057970024,0.410024777069776,3.18484919498622e-06,3,1,0.941594159415942
0.734614055910173,0.419077649356894,3.33658374421144e-06,3,1,0.940594059405941
0.733160131390159,0.463169054210561,3.38293948680807e-06,3,1,0.932393239323932
0.734606382852486,0.410945132056453,2.7987480604571e-06,3,1,0.941394139413941
0.735616011276097,0.399130894926653,3.20771517631888e-06,3,1,0.945194519451945
0.734676007109734,0.419186986213633,3.03567321463231e-06,3,1,0.940794079407941
0.734550594687895,0.396861038706738,3.14465127088908e-06,3,1,0.942694269426943
0.73522635141834,0.432808015594577,2.86670743435324e-06,3,1,0.940794079407941
0.734177710094161,0.421450322191104,3.26596766363897e-06,3,1,0.939293929392939
0.734075961368462,0.415717062164494,2.80626472669646e-06,3,1,0.93959395939594
0.735622493183096,0.393706770992123,3.19092375911771e-06,3,1,0.945794579457946
0.734179779970856,0.439401686431838,3.54900007646011e-06,3,1,0.937493749374937
0.736148574151688,0.393386650477171,3.30977925211423e-06,3,1,0.947194719471947
0.736113037790736,0.407455945048971,2.81512288062038e-06,3,1,0.945694569456946
0.728112034969571,0.604166805988392,2.14953810007786e-06,3,1,0.905090509050905
0.73847043473074,0.425273113722779,3.4929010750546e-06,3,1,0.94999499949995
0.751093467071802,0.206966510209386,3.20524172046871e-06,3,1,1
0.73656484706346,0.474841999080215,1.4594183045851e-06,3,1,0.94009400940094
0.733951411770156,0.503207506854627,2.15400943172854e-06,3,1,0.93039303930393
0.735545563325418,0.47594581473049,2.26495685734277e-06,3,1,0.937293729372937
0.736770634563857,0.47290324201477,2.155892179751e-06,3,1,0.940794079407941
0.73862170436163,0.480155624836794,2.14911744006398e-06,3,1,0.944894489448945
0.738730982472803,0.479978922701513,2.07839725807938e-06,3,1,0.945194519451945
0.738202478505014,0.53951965751267,2.21541335840291e-06,3,1,0.937793779377938
0.738126850120099,0.503282074587068,2.24643309053349e-06,3,1,0.941194119411941
0.73824282973952,0.476520965488469,2.24303301845523e-06,3,1,0.944194419441944
0.737383600153255,0.511297074959297,2.32093790415082e-06,3,1,0.938493849384939
0.732334180355263,0.554197797551303,2.28637305279025e-06,3,1,0.921092109210921
0.737581209892324,0.495247599299538,2.49602919805795e-06,3,1,0.940594059405941
0.739035229977534,0.497508889401871,2.42721631978048e-06,3,1,0.944194419441944
0.74060756749656,0.480805820269358,2.29157931201709e-06,3,1,0.94989498949895
0.699395620588801,0.963826190446227,2.79987346366858e-06,3,1,0.794379437943794
0.70147087821187,0.951114142569456,2.89091039989144e-06,3,1,0.800980098009801
0.701177819636518,0.957873749973789,2.68553293835011e-06,3,1,0.7995799579958
0.702824653827776,0.890342999877494,2.28069784970624e-06,3,1,0.810681068106811
0.702499064803065,0.936568683131429,2.80226958954864e-06,3,1,0.805180518051805
0.702773113844373,0.909715384957286,2.36493299148751e-06,3,1,0.808580858085809
0.706562782008548,0.865479612813134,2.4520424154995e-06,3,1,0.822882288228823
0.706687555117722,0.906322163618867,2.28065738532956e-06,3,1,0.819081908190819
0.708042634006001,0.871755733809383,2.34785761650701e-06,3,1,0.826082608260826
0.703431253814152,0.935414827476952,2.66749440930303e-06,3,1,0.807680768076808
0.702842264412431,0.920602745214086,2.2267233486724e-06,3,1,0.807680768076808
0.703882666006153,0.911886858674864,2.87694590830683e-06,3,1,0.811181118111811
0.702593302424021,0.951061030929524,3.05528018803338e-06,3,1,0.803880388038804
0.702885748220457,0.896531057689864,2.44881314345304e-06,3,1,0.81018101810181
0.706445824310961,0.86104299433389,2.35540202864288e-06,3,1,0.822982298229823
0.706474118348636,0.944414123832225,1.82404788092046e-06,3,1,0.814681468146815
0.702669631249374,0.918619649657083,3.39526494205175e-06,3,1,0.807380738073807
0.75646678924055,0.500897425717238,1.47796874870769e-06,3,1,0.988998899889989
0.704225558068271,0.943176259357449,2.63236361277289e-06,3,1,0.808980898089809
0.704868318704193,0.915126830507722,3.38964030866773e-06,3,1,0.813481348134813
0.706151221113608,0.917399633888938,2.88041092411752e-06,3,1,0.816581658165817
0.705513856473265,0.913858970705447,2.65131629153907e-06,3,1,0.815281528152815
0.686854701781025,1.15328952595216,1.58540736663078e-06,3,1,0.742674267426743
0.739405123950944,0.425138108709888,1.45134708636407e-06,3,1,0.952395239523952
0.747538004256745,0.357705847819637,2.53628536738993e-06,3,1,0.98029802980298
0.746172492786693,0.402301176725225,2.32293972910643e-06,3,1,0.972297229722972
0.744622544659227,0.434875547292975,2.34247757964838e-06,3,1,0.964996499649965
0.746087096968303,0.422278395803973,2.19973822021007e-06,3,1,0.97009700970097
0.745086167619595,0.389780123941591,2.5829139080153e-06,3,1,0.970697069706971
0.747025329304155,0.368799803278374,2.24139579195426e-06,3,1,0.977897789778978
0.747339959175619,0.380947839881952,2.23695203012384e-06,3,1,0.977497749774977
0.746298520162363,0.35293530332895,2.25496321573039e-06,3,1,0.977597759775978
0.746100512868796,0.403188679696766,2.77823368421143e-06,3,1,0.971997199719972
0.745852103667676,0.393252061059592,2.24864108875974e-06,3,1,0.972397239723972
0.746650520447387,0.397250868608489,2.3874355802493e-06,3,1,0.973997399739974
0.746233893806476,0.398463063348944,2.78393615112206e-06,3,1,0.972797279727973
0.745960390617572,0.418915738640137,2.32098598303413e-06,3,1,0.97009700970097
0.746577600952549,0.378260059818076,2.2566346402163e-06,3,1,0.975797579757976
0.74688151463282,0.402808709337402,2.45320432116093e-06,3,1,0.974097409740974
0.74756101014108,0.415543850757157,2.36579517265996e-06,3,1,0.974597459745975
0.747903388603048,0.376210009681714,2.43369740884485e-06,3,1,0.979397939793979
0.748056726540247,0.377046669360607,2.53405975610282e-06,3,1,0.97969796979698
0.747024726172344,0.401250841272254,2.57156566388242e-06,3,1,0.974597459745975
0.761466391385419,0.24190226639964,2.88099903256164e-06,2,0,1
0.726913611177099,0.520978194022842,2.53329463561675e-06,2,0,0.91039103910391
0.712006977462099,0.640257048540039,2.77066654692224e-06,2,0,0.85968596859686
0.73928555948751,0.382030500989507,3.89317251742852e-06,2,0,0.956495649564956
0.749599234257288,0.343589836652947,1.99021322337624e-06,2,0,0.987098709870987
0.750894056290073,0.333758414467845,3.03651690820179e-06,2,0,0.991399139913991
0.750436021532011,0.331986084244782,3.12787486078905e-06,2,0,0.99039903990399
0.7513206424307,0.357707209934453,2.77658535277721e-06,2,0,0.99009900990099
0.750241099905454,0.340939553917873,3.1168585849665e-06,2,0,0.988998899889989
0.754300089390081,0.300875434344584,3.03487931979019e-06,2,0,1
0.753732624815576,0.322511153362482,3.01965574197459e-06,2,0,0.999899989999
0.754090731228931,0.31591533686859,3.48628288021028e-06,2,0,1
0.754344961385459,0.316286304813669,3.14757984083631e-06,2,0,1
0.754025937194436,0.321993609778295,3.25231580184557e-06,2,0,1
0.752759222197708,0.313001962407314,2.0710340287004e-06,2,0,0.998399839983998
0.754310703044367,0.330942173721944,3.21710781094151e-06,2,0,1
0.753474340894928,0.350969311583509,3.33052739192334e-06,2,0,0.996399639963996
0.748155811181007,0.397876680023966,3.74405014070561e-06,2,0,0.977897789778978
0.749627076956419,0.350296007456518,2.66292747075412e-06,2,0,0.986498649864986
0.753570483573692,0.320144374209875,3.1037178219865e-06,2,0,0.999799979998
0.751517131620166,0.31965178505979,3.47578974499211e-06,2,0,0.994499449944995
0.752617632804034,0.315916052289035,2.4049891990154e-06,2,0,0.997699769976998
0.75520151916782,0.313830790264119,2.50048312877616e-06,2,0,1
0.753532647164935,0.344458966277917,2.35693873372507e-06,2,0,0.997199719971997
0.756750176667835,0.309359982355197,2.18204930270427e-06,2,0,1
0.765752761900909,0.338678211689034,2.13553271745937e-06,2,0,1
0.759639250086599,0.298480915774767,3.65871842902131e-06,2,0,1
0.761361349246992,0.319522711176476,3.54013751804852e-06,2,0,1
0.760945204347222,0.304401199703736,2.60059401100507e-06,2,0,1
0.759790059683201,0.313294771601084,3.22108752841966e-06,2,0,1
0.755726824306489,0.314061860310931,3.54391519935588e-06,2,0,1
0.760373420532462,0.313616558637837,3.66496305054139e-06,2,0,1
0.74944992328768,0.384892092819197,3.15070139040744e-06,2,0,0.982498249824982
0.756018255548404,0.374268789796854,2.93114481904665e-06,2,0,1
0.760289534598254,0.359933910934947,2.50962232409996e-06,2,0,1
0.757079142342789,0.34611325398734,2.19279008408615e-06,2,0,1
0.758092408488748,0.373117064606141,2.75148986544657e-06,2,0,1
0.75261174056661,0.385645698077648,2.67340460357339e-06,2,0,0.990699069906991
0.757395993180164,0.372896322617007,2.49791026212537e-06,2,0,1
0.758437396720008,0.35424212497844,2.86580098603263e-06,2,0,1
0.756924520577612,0.330118391922614,3.14792950402905e-06,2,0,1
0.756821618786682,0.319288777149879,3.04127851281728e-06,2,0,1
0.753109424512145,0.328414545630442,3.06509303654329e-06,2,0,0.997699769976998
0.758853245859892,0.318491475802593,2.9493959436718e-06,2,0,1
0.750923235688828,0.340828391823084,2.78394964964938e-06,2,0,0.990799079907991
0.759462800099265,0.297849347821052,2.62553758632951e-06,2,0,1
0.773244663321678,0.345693331845686,1.65178428909259e-06,2,0,1
0.762373231434795,0.303711096908589,2.39066856820871e-06,2,0,1
0.761006205749356,0.309244044165991,2.78791832961576e-06,2,0,1
0.760687960310042,0.307366880005467,2.78236393386931e-06,2,0,1
0.762253127771204,0.299258992666336,2.45656805310835e-06,2,0,1
0.759392470973883,0.309765379200296,2.68381646893448e-06,2,0,1
0.757244074828391,0.297834616960155,2.8275544129378e-06,2,0,1
0.758392062613734,0.311199494330335,3.35497126670517e-06,2,0,1
0.754785581063049,0.327216729806601,2.9644769768924e-06,2,0,1
0.774680000865746,0.305129978444162,2.79359668723401e-06,2,0,1
0.762296865509327,0.30169141052011,2.09213348464043e-06,2,0,1
0.754666085565028,0.358635895786568,2.71734855353826e-06,2,0,0.998699869986999
0.756794158113748,0.35281675471693,2.87313875812944e-06,2,0,1
0.756340225473736,0.363396438817183,2.81416208768575e-06,2,0,1
0.755837100343163,0.364496195307074,2.84892007422246e-06,2,0,1
0.756114556344485,0.335309250700217,2.41390399757377e-06,2,0,1
0.756650064720687,0.354559992015728,2.6657835733906e-06,2,0,1
0.746480608639882,0.22409237603535,2.04177041262117e-06,2,0,0.991099109910991
0.711280820869973,0.625649241390767,3.07627068758504e-06,2,0,0.859285928592859
0.693095923738544,1.03391642910063,4.44768779176583e-06,2,0,0.770977097709771
0.69423545901951,1.02350094629477,2.63854170450879e-06,2,0,0.774977497749775
0.692354056242224,1.06279436916566,2.68168726212134e-06,2,0,0.766076607660766
0.693450457277831,1.01133603801838,3.23999966656604e-06,2,0,0.774177417741774
0.700564751963971,0.868644255603777,2.70857085647042e-06,2,0,0.806980698069807
0.698004093874081,0.910911932750435,2.57368876628969e-06,2,0,0.796079607960796
0.700337130773357,0.828095053397706,3.35968855984363e-06,2,0,0.81048104810481
0.702350091618595,0.82020608976929,3.19466905161841e-06,2,0,0.816481648164816
0.701608662667142,0.895968701303763,2.15266251330055e-06,2,0,0.806880688068807
0.701651913179365,0.847367411797771,2.52967984068118e-06,2,0,0.811981198119812
0.735452945872575,0.479782887672356,4.28315553852715e-06,2,0,0.936693669366937
0.704565468739971,0.850185290974391,3.71816617893848e-06,2,0,0.819181918191819
0.705042172658346,0.716969759784204,3.85505652032599e-06,2,0,0.833883388338834
0.700707444796721,0.880906531615097,2.60182049725006e-06,2,0,0.806080608060806
0.720417892780501,0.596085820372909,3.55278487084417e-06,2,0,0.885988598859886
0.74302036743658,0.294928251691588,1.85758831294616e-06,2,0,0.974997499749975
0.705790468439935,0.755620382801662,2.93992201658988e-06,2,0,0.831983198319832
0.706956178274773,0.743664190582254,3.08101562532003e-06,2,0,0.836183618361836
0.708993551922983,0.725518808944434,3.30036663714746e-06,2,0,0.843284328432843
0.708737645734311,0.699492577235732,3.36492324319946e-06,2,0,0.845284528452845
0.708120006143543,0.718977599433281,3.104576828491e-06,2,0,0.841684168416842
0.708800694477173,0.701008671742168,2.54063393380684e-06,2,0,0.845284528452845
0.70817206996817,0.709000931404629,2.91938050969794e-06,2,0,0.842784278427843
0.710937012088821,0.647747373464336,3.16567211130602e-06,2,0,0.856185618561856
0.709941334399686,0.698146614780525,1.94284476995552e-06,2,0,0.848484848484849
0.708338635879776,0.709743846135473,2.82937643102687e-06,2,0,0.843184318431843
0.709381826179041,0.699881349004441,2.22410008895154e-06,2,0,0.846884688468847
0.709609015351591,0.678546725384391,2.843042075818e-06,2,0,0.84958495849585
0.708363041965817,0.707240301995715,2.68597086902368e-06,2,0,0.843484348434843
0.708613482282474,0.71061063421293,2.55450230378447e-06,2,0,0.843784378437844
0.708290942708777,0.713658312773845,2.56721875289008e-06,2,0,0.842684268426843
0.707313720681373,0.724336503781866,2.56252885134582e-06,2,0,0.839083908390839
0.707892347446145,0.715174930191626,2.74184846718769e-06,2,0,0.841484148414842
0.708845263775839,0.720468558169607,2.48343685859098e-06,2,0,0.843384338433843
0.708105162282916,0.719428410862935,2.58377527847879e-06,2,0,0.841584158415842
0.709027855745291,0.698065650264009,2.30909961724262e-06,2,0,0.846184618461846
0.707982327255497,0.719814917105062,2.57826202370943e-06,2,0,0.841184118411841
0.707391734446373,0.73961881771956,2.5710063089338e-06,2,0,0.837683768376838
0.707328512187894,0.73007422896858,2.27181729128242e-06,2,0,0.838483848384838
0.706745662776157,0.725869008874195,2.34738843187977e-06,2,0,0.837383738373837
0.707815169502956,0.718802926989475,2.39349452843806e-06,2,0,0.840884088408841
0.707482797355009,0.725331369535719,2.36817362818571e-06,2,0,0.839383938393839
0.706826504080861,0.721818617608152,2.25950795182343e-06,2,0,0.837983798379838
0.70925356944719,0.677632225832986,2.25426911678608e-06,2,0,0.848784878487849
0.708638911956513,0.69688184452295,2.46881578247704e-06,2,0,0.845284528452845
0.708832403699353,0.690744356959408,2.30983778777901e-06,2,0,0.846384638463846
0.709403966710918,0.680586213507126,2.23743856533388e-06,2,0,0.848884888488849
0.710046322506582,0.689406676216063,2.64574881408517e-06,2,0,0.84968496849685
0.72047271611791,0.56680917077567,2.89983139955613e-06,2,0,0.889088908890889
0.716513727540949,0.601330621569508,2.65726009453889e-06,2,0,0.875287528752875
0.721310296953007,0.535232457812399,2.42730820779663e-06,2,0,0.894389438943894
0.724716474976326,0.550981688895264,2.73501063640404e-06,2,0,0.901690169016902
0.727340521579958,0.508096977961501,2.94767215052875e-06,2,0,0.912791279127913
0.725876594850384,0.531653161304282,2.72425287701753e-06,2,0,0.906590659065907
0.726099694146127,0.527590169017851,2.65258326236125e-06,2,0,0.907590759075908
0.720094646346267,0.561857156295971,2.73659669200005e-06,2,0,0.888588858885889
0.724930929517602,0.538873159123227,2.67188368793223e-06,2,0,0.903390339033903
0.725884183896477,0.555686098406259,1.92420058689438e-06,2,0,0.904190419041904
0.720362808083541,0.542478035921713,2.78326961219728e-06,2,0,0.891189118911891
0.724052018073628,0.526657784278951,3.13750595637934e-06,2,0,0.902390239023902
0.721039024380833,0.559852999230651,2.96868576631026e-06,2,0,0.891189118911891
0.715635242536853,0.582796221130199,2.43968415714243e-06,2,0,0.874887488748875
0.718958052621604,0.549042851671843,2.82911556805749e-06,2,0,0.886888688868887
0.757144486811154,0.205765343706973,2.93182523757755e-06,2,0,1
0.694369143843772,0.964316426260891,3.63854870023766e-06,2,0,0.781278127812781
0.695379220359255,0.962038880235442,4.56058801508411e-06,2,0,0.784078407840784
0.693329522830111,1.08230133077272,2.38405135562662e-06,2,0,0.766676667666767
0.691666255320952,1.13930980262937,2.77413849925533e-06,2,0,0.756575657565757
0.702337960998596,0.92325302895965,1.91389036442395e-06,2,0,0.806080608060806
0.694022163392243,1.03654277057221,3.39163203492366e-06,2,0,0.773077307730773
0.693604695996873,0.999345028125369,2.47156202720867e-06,2,0,0.775777577757776
0.691958851063718,1.02792084627395,2.43408719997319e-06,2,0,0.768576857685769
0.711856805993745,0.757067464184734,4.10102922191724e-06,2,0,0.847484748474847
0.710816891970658,0.891799477741808,2.27274129967973e-06,2,0,0.831183118311831
0.701855529520998,0.937734558554743,2.67977233081072e-06,2,0,0.803380338033803
0.702408535387834,0.845565859485635,1.95529343943741e-06,2,0,0.814081408140814
0.697969765242629,0.873683129116804,2.25721833754716e-06,2,0,0.7997799779978
0.697227641364937,0.8599786234995,2.31030445734405e-06,2,0,0.799179917991799
0.699220044738912,0.844384897392743,2.01687286098497e-06,2,0,0.805980598059806
0.696653298742207,0.945739734214648,2.4315718251845e-06,2,0,0.789078907890789
0.700907077444244,0.891035142114676,2.19225123245132e-06,2,0,0.805580558055806
0.699205802074685,0.943720050461273,1.7570000278459e-06,2,0,0.795879587958796
0.701336993205297,0.933913661899144,2.37799104415235e-06,2,0,0.802380238023802
0.701336755230075,0.895735944363413,1.72312346933991e-06,2,0,0.806280628062806
0.705499930732732,0.839102503411447,1.92075015753198e-06,2,0,0.822782278227823
0.709051371905556,0.823646428494018,2.17063162725632e-06,2,0,0.833483348334834
0.711180464048457,0.811849118099942,2.55665594195153e-06,2,0,0.84028402840284
0.710610258319895,0.754093720797366,3.03002305283845e-06,2,0,0.844584458445845
0.710678929170222,0.75972261504995,3.17684823843807e-06,2,0,0.844184418441844
0.709826924114559,0.81493396566901,2.28333125739088e-06,2,0,0.836383638363836
0.709614637184289,0.823398594667453,2.46081979861282e-06,2,0,0.834983498349835
0.71033841211678,0.778535326033071,3.22550007889738e-06,2,0,0.841384138413841
0.705628251343449,0.80726990166812,1.55431530552844e-06,2,0,0.826282628262826
0.709564276654588,0.897493465369706,2.03326662181483e-06,2,0,0.827382738273827
0.709919449077076,0.855279982312245,2.24643331461643e-06,2,0,0.832583258325833
0.710370080320104,0.820442507384219,2.78443654175664e-06,2,0,0.837283728372837
0.708345704533852,0.882685581398522,2.9178623885867e-06,2,0,0.825782578257826
0.709783377720526,0.925923114568411,2.21380539723444e-06,2,0,0.825082508250825
0.708252251628805,0.978187090280304,2.11683220538907e-06,2,0,0.815881588158816
0.710635782120502,0.929431084060588,1.90209385386562e-06,2,0,0.826982698269827
0.710343021225369,0.983694250147819,2.08952472700783e-06,2,0,0.820682068206821
0.706336636544682,0.889576235808526,1.7366250655061e-06,2,0,0.81988198819882
0.7074056967439,0.938809272194445,2.42851283458506e-06,2,0,0.817681768176818
0.707286605299272,0.902395865336474,2.02353693715609e-06,2,0,0.820982098209821
0.702832077063719,0.857433516072784,2.18327187731048e-06,2,0,0.813981398139814
0.702982283104604,0.807249187809665,2.68901632000127e-06,2,0,0.819481948194819
0.703702543978868,0.810708763858341,2.91813421415625e-06,2,0,0.820982098209821
0.706022039824813,0.794763411009378,2.58128793126245e-06,2,0,0.828582858285829
0.712969585845436,0.831535147841307,3.03269025710588e-06,2,0,0.842884288428843
0.712443481188765,0.874144217635843,2.37975631294851e-06,2,0,0.837183718371837
0.70916025730226,0.905333074062222,2.16748413349562e-06,2,0,0.825582558255826
0.709590247466631,0.905374632359749,2.07361884795366e-06,2,0,0.826682668266827
0.710849181234104,0.894185415940479,1.81618844873367e-06,2,0,0.831083108310831
0.706352489098373,0.957249749350776,2.15275028612857e-06,2,0,0.813081308130813
0.705286034875595,0.986109785966161,2.19830370443754e-06,2,0,0.807380738073807
0.704351174913772,1.00585421438618,2.07927149364904e-06,2,0,0.802980298029803
0.702046544922713,1.14779720472615,1.61369071212161e-06,2,0,0.782678267826783
0.700462089298875,1.0229820174372,2.05938339271405e-06,2,0,0.791179117911791
0.701688757864851,1.01443142565116,2.51843473457173e-06,2,0,0.795179517951795
0.69702982151491,1.18729564850472,2.39003369737716e-06,2,0,0.765676567656766
0.743821419927944,0.380918459124797,2.64818250213917e-06,2,0,0.968396839683968
0.740362351918447,0.421542847137245,2.19444510400983e-06,2,0,0.955295529552955
0.759168407315903,0.193585387560888,1.60676309267661e-06,2,0,1
0.698090201020039,0.960468003217177,4.14134010601754e-06,2,0,0.791279127912791
0.702388551734581,0.895053345503951,2.41125527161872e-06,2,0,0.809080908090809
0.734419293579393,0.435608031683405,2.0977410457874e-06,2,0,0.938493849384939
0.746543765710622,0.424547612415394,2.73232037186554e-06,2,0,0.970997099709971
0.752071075551488,0.340060690133459,2.52351707006879e-06,2,0,0.993899389938994
0.746752352315956,0.401875030231089,2.06804086496729e-06,2,0,0.973797379737974
0.752322396266346,0.321701807411158,1.5506966962791e-06,2,0,0.996399639963996
0.73902604531492,0.402068141836163,1.855691227198e-06,2,0,0.953795379537954
0.733282298066815,0.421019771039378,2.53235197661199e-06,2,0,0.936993699369937
0.712994103568851,0.753327425661257,1.99371571063487e-06,2,0,0.850885088508851
0.706601715309323,0.803606155565114,3.57936574984544e-06,2,0,0.829182918291829
0.70480440361902,0.74773527735819,2.78616698294774e-06,2,0,0.83018301830183
0.698716575094091,0.926493797522549,2.31170850893658e-06,2,0,0.796379637963796
0.701325308745739,0.883929483890762,2.35215424673377e-06,2,0,0.807380738073807
0.704120586941563,0.827661333500872,2.84564490530241e-06,2,0,0.82038203820382
0.70244921003326,0.86497707111314,2.09024403119855e-06,2,0,0.812281228122812
0.704163655432705,0.816860547029039,1.94403894999401e-06,2,0,0.821582158215822
0.704953493370135,0.794958562244433,3.79685710078305e-06,2,0,0.825782578257826
0.742817376189802,0.325887348576629,2.10553728778951e-06,2,0,0.971297129712971
0.731957860072895,0.500444311742057,1.93180807579288e-06,2,0,0.925492549254926
0.730632328523739,0.534479118471621,1.92283105030532e-06,2,0,0.918691869186919
0.728872891345242,0.559840464621165,2.28820044938772e-06,2,0,0.911491149114911
0.756769172796761,0.256612352401974,3.24176652775429e-06,2,0,1
0.754451321536324,0.143684519167852,3.52329438501684e-06,2,0,1
0.750570983078315,0.142102206155447,1.51396256485581e-06,2,0,1
0.752186349757439,0.225268562817918,2.13564913142797e-06,2,0,1
0.751125656438283,0.288656743714835,1.91248542261183e-06,2,0,0.996599659965997
0.755416120206855,0.275533966444767,2.70081635325258e-06,2,0,1
0.727911604652749,0.572201401123557,1.93364355244915e-06,2,0,0.907790779077908
0.729112208773185,0.527925107556811,2.07661909488623e-06,2,0,0.915391539153915
0.72836613205374,0.553293059424014,1.88356116883938e-06,2,0,0.910891089108911
0.729273539928528,0.543533181970934,1.89529071227318e-06,2,0,0.914191419141914
0.731716871536073,0.562433575292552,2.12820982009665e-06,2,0,0.918691869186919
0.733441225424653,0.490513969071016,2.11374113043257e-06,2,0,0.93039303930393
0.734178752063961,0.500445363536055,1.76055425735878e-06,2,0,0.931293129312931
0.737824709717135,0.469767101645084,1.99298121520286e-06,2,0,0.943794379437944
0.733670938235874,0.524489337203469,1.87629058995184e-06,2,0,0.927592759275928
0.734979721301435,0.503245273916007,2.05078865609249e-06,2,0,0.933093309330933
0.73194127534896,0.555398363555544,1.69171926739994e-06,2,0,0.91989198919892
0.727214033580252,0.56236920364549,2.16369385168432e-06,2,0,0.906990699069907
0.73722849250033,0.482601440806089,1.97402887854241e-06,2,0,0.940994099409941
0.735853592018489,0.485055202916583,1.73722662958875e-06,2,0,0.937193719371937
0.74434659401201,0.431573227124527,2.14436222056679e-06,2,0,0.964596459645965
0.748870789335641,0.353142960733689,2.58915636012095e-06,2,0,0.984198419841984
0.757556601502788,0.288189072813334,2.877892931692e-06,2,0,1
0.753100788026327,0.303150238706909,2.55177200322822e-06,2,0,1
0.72762825640019,0.575868496139169,2.02791378235102e-06,2,0,0.906690669066907
0.728855425912494,0.549319819056726,2.01068841887947e-06,2,0,0.912591259125913
0.729772864125469,0.551414905366133,1.88499559848903e-06,2,0,0.914691469146915
0.729283127335736,0.562175271527673,1.71591906976445e-06,2,0,0.912391239123912
0.731821772601342,0.564944617901075,1.85977834905554e-06,2,0,0.918691869186919
0.737824065048492,0.466220397238397,1.69970599745001e-06,2,0,0.944194419441944
0.752260558224412,0.23785950336682,2.40431403593276e-06,2,0,1
0.752986619240471,0.233300524496582,2.31945056339571e-06,2,0,1
0.753910283298868,0.230296982266877,3.03802047278282e-06,2,0,1
0.755835416934885,0.227508298425994,2.66585080162396e-06,2,0,1
0.756719865276595,0.297126612101576,1.62239653612815e-06,2,0,1
0.720594211270904,0.58128976144015,2.11597212154272e-06,2,0,0.887888788878888
0.704698536813937,0.799487515848938,1.90456336613632e-06,2,0,0.824682468246825
0.699335283867636,0.868122138464019,1.60269807184746e-06,2,0,0.803880388038804
0.704830408969807,0.810159419519923,2.2738753460706e-06,2,0,0.823982398239824
0.702705794043691,0.852381736987337,2.7298267430801e-06,2,0,0.814181418141814
0.698312616047186,0.906098280553794,2.61525370858482e-06,2,0,0.797379737973797
0.768602253795981,0.192693948341211,3.10549599458223e-06,2,0,1
0.748196430489631,0.337985580709064,3.14799499831098e-06,2,0,0.983998399839984
0.719173620205946,0.752075805158894,9.78399006959718e-07,2,0,0.866986698669867
0.739839894795439,0.338550119630567,1.78034910056381e-06,2,0,0.962296229622962
0.736245464724816,0.379515284243731,2.07227462993694e-06,2,0,0.948894889488949
0.735957660982063,0.395023182558496,2.10364336101913e-06,2,0,0.946494649464947
0.735379634533478,0.403012887168467,1.92337436987416e-06,2,0,0.944194419441944
0.735008057061908,0.3943205448523,2.11450503566503e-06,2,0,0.944194419441944
0.733666461800373,0.423425841688968,1.90052862689983e-06,2,0,0.937693769376938
0.738147389654058,0.296773285116394,2.83572584411112e-06,2,0,0.962096209620962
0.744279109453553,0.342199209277692,3.04008686365048e-06,2,0,0.973397339733973
0.759109191503763,0.250977408819484,1.18217477489479e-06,2,0,1
0.755245150452303,0.261674699220929,2.30425788097338e-06,2,0,1
0.742921869751187,0.37819669466576,2.78585744742104e-06,2,0,0.966296629662966
0.747184290283033,0.27761761021846,2.10562973742176e-06,2,0,0.987498749874988
0.74267797077788,0.361000122155441,2.07530831869207e-06,2,0,0.967396739673967
0.757973234593984,0.224936455510073,3.17480322916996e-06,2,0,1
0.762581797790096,0.229982648322345,1.58736894701996e-06,2,0,1
0.756336512525221,0.239671253826164,3.36529783411281e-06,2,0,1
0.704426760592893,0.831398303453731,2.86712594918622e-06,2,0,0.820782078207821
0.732942897116116,0.5015936924925,2.07450848656941e-06,2,0,0.927992799279928
0.727211199895946,0.577587687118021,2.80727051145355e-06,2,0,0.905390539053905
0.724395922844701,0.599034455852341,2.44180715506189e-06,2,0,0.895989598959896
0.729102336050883,0.534542254050271,2.05726866636451e-06,2,0,0.914691469146915
0.72272596841934,0.608628007685625,2.37321440935338e-06,2,0,0.890689068906891
0.723955894786423,0.604682605110582,2.58676229606319e-06,2,0,0.894289428942894
0.731965364568065,0.519545136583004,1.85918481345297e-06,2,0,0.923592359235924
0.728058611143521,0.55143388579772,1.90643223699011e-06,2,0,0.91029102910291
0.729322311764667,0.549819387511678,2.02725674946249e-06,2,0,0.913691369136914
0.724123950069486,0.595742807369716,2.19360898783684e-06,2,0,0.895589558955896
0.711130038639291,0.752349240109386,3.33460557329802e-06,2,0,0.846084608460846
0.727602946008786,0.576932740445203,2.01336088243109e-06,2,0,0.906490649064907
0.711779957868692,0.740990463890341,3.23648572347169e-06,2,0,0.848984898489849
0.70233436442302,0.863080615595556,4.15914178681294e-06,2,0,0.812081208120812
0.72851509543862,0.559219338603634,1.94964865922156e-06,2,0,0.910691069106911
0.729101639989432,0.542361055909093,2.12778568079589e-06,2,0,0.913891389138914
0.72781715201541,0.553196207542767,2.10993661960839e-06,2,0,0.909490949094909
0.730316763310882,0.528414612877951,1.94162922475225e-06,2,0,0.918491849184918
0.703003576941515,0.815065521504876,4.0572157894164e-06,2,0,0.818681868186819
0.706114540478352,0.793565041787119,3.4392323995325e-06,2,0,0.828982898289829
0.730505266829841,0.520465161078995,1.96326561067442e-06,2,0,0.91979197919792
0.711448953850558,0.713795253222087,2.92974666273446e-06,2,0,0.850785078507851
0.706381921963736,0.768556014242271,3.70314091663824e-06,2,0,0.832183218321832
0.704763999032981,0.782576039791227,3.61830467340081e-06,2,0,0.826582658265827
0.704945895543689,0.792023673250354,3.50234355724593e-06,2,0,0.826082608260826
0.729083405843393,0.53679697483733,2.10272252541281e-06,2,0,0.914391439143914
0.717739566758474,0.64291633743201,2.23705873877518e-06,2,0,0.874287428742874
0.710243762710882,0.747878615652622,3.41951833126024e-06,2,0,0.844284428442844
0.706165114942125,0.790474933911376,3.33746425955921e-06,2,0,0.829382938293829
0.732354226766395,0.318936552129953,1.39263068231433e-06,2,0,0.944894489448945
0.749292459343579,0.366021019292175,2.12989451000705e-06,2,0,0.983998399839984
0.747812022885337,0.349030639017424,2.41539477950257e-06,2,0,0.981898189818982
0.745927065657154,0.376879917036737,3.18924781575972e-06,2,0,0.974197419741974
0.741160549811222,0.38861854706242,4.17662310304039e-06,2,0,0.960696069606961
0.748083242275786,0.363416683659106,1.96575960497773e-06,2,0,0.981198119811981
0.742883995179142,0.392809293726377,3.49025684585851e-06,2,0,0.964696469646965
0.750512829537295,0.399085422587969,2.47977825915613e-06,2,0,0.983898389838984
0.743350083014534,0.400667856740735,2.73406963356162e-06,2,0,0.965096509650965
0.725323613440539,0.483596090750713,3.14489421865344e-06,2,0,0.90999099909991
0.753451395473096,0.263830430310228,2.11239143651819e-06,2,0,1
0.715337914813982,0.571221880661389,1.91798993007541e-06,2,0,0.875287528752875
0.760298123489881,0.194360994610774,3.49028521949064e-06,2,0,1
0.730678586256509,0.584965098035118,3.95121147816023e-06,2,0,0.913691369136914
0.72545571832932,0.514891412633599,3.90572998062149e-06,2,0,0.907190719071907
0.726665089273665,0.496827506228469,3.67833077718531e-06,2,0,0.912191219121912
0.725804332930787,0.507800905602884,3.69434353976962e-06,2,0,0.908790879087909
0.729236921385577,0.456423112608304,3.26288424728743e-06,2,0,0.922892289228923
0.730806242204165,0.431907866488632,3.22227830159662e-06,2,0,0.92949294929493
0.730126280267448,0.425908514110954,3.16867106791902e-06,2,0,0.928292829282928
0.729241818350796,0.440382785138974,3.23940201005617e-06,2,0,0.924592459245925
0.730892800091493,0.422463048395519,3.01971533916225e-06,2,0,0.930593059305931
0.724659673945823,0.51743204434441,3.26227555027145e-06,2,0,0.904890489048905
0.724691287105324,0.489640678250818,3.28808271914458e-06,2,0,0.907790779077908
0.72518378658816,0.493572169742245,3.53840952227782e-06,2,0,0.908690869086909
0.725220832790502,0.503844124855804,3.6282514076274e-06,2,0,0.907690769076908
0.73054589221518,0.439463986118904,3.15056085756053e-06,2,0,0.927992799279928
0.728499907840785,0.462011991224535,3.22908093192033e-06,2,0,0.92039203920392
0.729141269913757,0.470335301542682,3.66008453092572e-06,2,0,0.921292129212921
0.727589871260622,0.475264056136119,3.45577920164823e-06,2,0,0.916791679167917
0.727052440217532,0.484081988838238,4.16148008774311e-06,2,0,0.914491449144915
0.729107934603464,0.481020558814824,3.45725874900535e-06,2,0,0.92009200920092
0.728228879047723,0.478464809617549,3.50168161837828e-06,2,0,0.918091809180918
0.72673038771742,0.491202083486495,3.77336736591869e-06,2,0,0.912891289128913
0.727654721527559,0.483168640574417,3.35700256271082e-06,2,0,0.916091609160916
0.727551287689968,0.484955293207603,2.88061453636874e-06,2,0,0.915691569156916
0.729769871749273,0.468126064110975,3.11572344368939e-06,2,0,0.923092309230923
0.736263686497814,0.388931326163732,3.5464293277644e-06,2,0,0.947994799479948
0.728332114851668,0.471794184097559,3.12505427082388e-06,2,0,0.918991899189919
0.729790279852535,0.455847026293698,3.01656568661659e-06,2,0,0.924392439243924
0.733678732861544,0.404155310150143,3.67711600619735e-06,2,0,0.93969396939694
0.73391864052528,0.404945565411204,3.37992798815574e-06,2,0,0.94029402940294
0.733355086828646,0.441430245887971,3.31243177628924e-06,2,0,0.935093509350935
0.729344961014144,0.472963577153605,3.11174157976371e-06,2,0,0.921492149214922
0.729083597638208,0.478872094570473,3.14577460695996e-06,2,0,0.92029202920292
0.729592468648142,0.461293549890346,2.97245873406839e-06,2,0,0.923392339233923
0.728513517698202,0.459292093493149,3.12835814577572e-06,2,0,0.920792079207921
0.731491593280979,0.442251402634729,3.25660684518559e-06,2,0,0.93019301930193
0.730662066153702,0.444729626500231,3.59231959471759e-06,2,0,0.927792779277928
0.735348377152834,0.417278761998111,3.82330619143292e-06,2,0,0.942694269426943
0.729331441810255,0.457946210155878,3.05121662322871e-06,2,0,0.922992299229923
0.727224856961756,0.46555430078795,2.94588156831491e-06,2,0,0.916791679167917
0.727792125073872,0.455352469359753,3.06343511213536e-06,2,0,0.919291929192919
0.731000345837232,0.42211493391412,2.80111059477083e-06,2,0,0.930993099309931
0.730260593228489,0.451999049289796,3.16393636837208e-06,2,0,0.925992599259926
0.729824634256647,0.459498184407436,2.8178130086766e-06,2,0,0.924092409240924
0.731852172908283,0.416555546732252,3.28863937985174e-06,2,0,0.933693369336934
0.728297460430714,0.476499479743207,3.26708513664756e-06,2,0,0.918491849184918
0.734293517059786,0.395966980265388,3.283962703703e-06,2,0,0.942094209420942
0.730770197675953,0.432030364045724,3.0688765361988e-06,2,0,0.929392939293929
0.730467175340514,0.442723665656949,3.316932553507e-06,2,0,0.927492749274928
0.731027272335623,0.440657859238232,3.44410457946958e-06,2,0,0.929192919291929
0.732149634751203,0.433034870521053,3.25522860184447e-06,2,0,0.932793279327933
0.735303314712696,0.416007801809971,3.89569140047713e-06,2,0,0.942694269426943
0.740026447644788,0.329502684132173,3.60251603335431e-06,2,0,0.963696369636964
0.733244219648012,0.405733789724361,3.18643897349559e-06,2,0,0.938393839383938
0.732570216587674,0.426445128405645,3.1821154390703e-06,2,0,0.934593459345935
0.738047185069838,0.367331848888682,3.86797184499608e-06,2,0,0.954795479547955
0.734025505155578,0.409726818018339,4.0610989989058e-06,2,0,0.93999399939994
0.733453431711562,0.431094273173698,3.93664234170958e-06,2,0,0.936393639363936
0.731377053491215,0.485028120089109,3.14023235639432e-06,2,0,0.925592559255926
0.725726734548082,0.541189557116114,2.54934586431952e-06,2,0,0.905290529052905
0.76175361292969,0.17968286968609,2.41322548900406e-06,2,0,1
0.748360341952637,0.220618003964562,1.45270483774724e-06,2,0,0.996299629962996
0.715658646770948,0.664525319944893,1.60230232625019e-06,2,0,0.866686668666867
0.728098307719458,0.433685668496624,3.31136399369331e-06,2,0,0.922292229222922
0.75359228054761,0.316392743308353,1.70490041008644e-06,2,0,1
0.737180147162678,0.369502205815592,4.02402213047718e-06,2,0,0.952295229522952
0.735524701614161,0.41789303777348,4.08158880474578e-06,2,0,0.943094309430943
0.740045060318609,0.336446770319667,3.36913309242056e-06,2,0,0.962996299629963
0.741849119648842,0.333901572442885,2.65750175626368e-06,2,0,0.967996799679968
0.738888407299957,0.342482530648203,3.68784244003763e-06,2,0,0.959395939593959
0.7417030805376,0.330965235077634,2.98406421444439e-06,2,0,0.967896789678968
0.739180019753153,0.330064286555537,3.98706044632709e-06,2,0,0.961496149614962
0.739401501751964,0.325388307068342,3.59644030394105e-06,2,0,0.962496249624962
0.739103097732186,0.33653741656895,3.89784385073467e-06,2,0,0.960596059605961
0.743053170190448,0.324135705453874,2.90281859591901e-06,2,0,0.972097209720972
0.742698768839276,0.32430779016473,2.96506338195573e-06,2,0,0.971197119711971
0.743189101273559,0.323184927146173,2.91661278753102e-06,2,0,0.972497249724973
0.74292483231331,0.318325740568541,3.04465427607712e-06,2,0,0.972297229722972
0.743300826154823,0.318041542969296,2.84778199316936e-06,2,0,0.973297329732973
0.743941939829972,0.310238867691142,2.95251520124224e-06,2,0,0.975797579757976
0.743926605430755,0.317739699799724,2.86425825597537e-06,2,0,0.974997499749975
0.743570951434245,0.320541032741719,2.88015605892684e-06,2,0,0.973797379737974
0.743269238047815,0.321395496759792,3.03437323799894e-06,2,0,0.972897289728973
0.742136370473773,0.304021308714721,3.63701343996416e-06,2,0,0.971697169716972
0.743558890220097,0.307854312007809,3.34543977652942e-06,2,0,0.974997499749975
0.743606737363344,0.313067953771426,3.06603027438612e-06,2,0,0.974597459745975
0.743664004380327,0.309760523773061,3.06388594218082e-06,2,0,0.975097509750975
0.74394716966224,0.295064390889631,3.43991942542507e-06,2,0,0.977297729772977
0.744462503194042,0.308610278835776,2.87579335544105e-06,2,0,0.977297729772977
0.744751707436013,0.308119549445718,2.96972213329157e-06,2,0,0.978097809780978
0.744372304909736,0.307184375161078,2.88002135190307e-06,2,0,0.977197719771977
0.744604194159518,0.302839457905055,2.87435667411299e-06,2,0,0.978297829782978
0.745179291980436,0.285249179326394,2.97091187445258e-06,2,0,0.981498149814982
0.744256199819113,0.303457740320224,3.41035204239896e-06,2,0,0.977297729772977
0.744590444813624,0.30302513038374,3.24988176357902e-06,2,0,0.978197819781978
0.747138721934501,0.315566583790798,2.04466348171287e-06,2,0,0.983498349834984
0.745160067834048,0.26723708298844,3.33223826340212e-06,2,0,0.983298329832983
0.74460042471838,0.292954656499927,3.71385341494557e-06,2,0,0.979197919791979
0.74508189464453,0.301156451206774,3.35579937641118e-06,2,0,0.97969796979698
0.744929119388817,0.292709677982075,3.14702957337781e-06,2,0,0.98009800980098
0.744564544267115,0.300083404067815,3.00262470665533e-06,2,0,0.978397839783978
0.74438120902559,0.294649802696321,3.15393059434693e-06,2,0,0.978497849784978
0.744637481758142,0.283090676551924,3.10516653926272e-06,2,0,0.98029802980298
0.745504694459491,0.282712933639511,2.59028481338045e-06,2,0,0.982598259825983
0.744305029277516,0.308323887335443,3.74134764611484e-06,2,0,0.976897689768977
0.681650317912748,1.45258810480451,2.56060015883605e-06,2,0,0.698969896989699
0.678721660370099,1.66377763755586,1.07369477043842e-06,2,0,0.67006700670067
0.724157640166402,0.598707702269876,1.44163971965893e-06,2,0,0.895389538953895
0.670981629915609,1.83094454493035,1.00914093118741e-06,2,0,0.633163316331633
0.732929651151868,0.38719564600381,2.62191570516773e-06,2,0,0.939493949394939
0.838180063128869,0.355596464624873,1.0904633665773e-06,2,0,1
0.753811991085134,0.293830997857652,2.62040387875729e-06,2,0,1
0.749929067332145,0.324631923255176,2.76617235939986e-06,2,0,0.98989898989899
0.745481912452117,0.329650187857655,3.51982869582156e-06,2,0,0.977797779777978
0.754414592113787,0.282937415044842,2.21191885864353e-06,2,0,1
0.757205552447191,0.303266948119186,2.69790835580181e-06,2,0,1
0.758283447679412,0.290483537526695,2.48349361081332e-06,2,0,1
0.742746650063247,0.34326057572498,3.59909667906376e-06,2,0,0.969396939693969
0.757662273916519,0.283630808557325,2.70400666996159e-06,2,0,1
0.751925854360016,0.298592998351321,2.75554894830777e-06,2,0,0.997699769976998
0.759345791632909,0.293735890851687,2.50218844282646e-06,2,0,1
0.754357683890867,0.292894615202435,2.62531512227922e-06,2,0,1
0.754727360044577,0.319618009239118,2.5721005317254e-06,2,0,1
0.752748872261015,0.318884295421147,2.75983910694483e-06,2,0,0.997799779977998
0.689278073062576,1.4197468109277,1.51968002292548e-06,2,0,0.722072207220722
0.707405816244606,0.882951344041064,1.2786625629003e-06,2,0,0.823282328232823
0.690384915753858,1.2094345514156,1.22181320216147e-06,2,0,0.746174617461746
0.692705115535029,1.30932907891701,1.58387581352442e-06,2,0,0.742174217421742
0.690454180005538,1.26990538507575,2.17375953522549e-06,2,0,0.74027402740274
0.745020144774644,0.351373421463908,2.70041928996828e-06,2,0,0.974397439743974
0.756947684838563,0.207041729780349,2.56805176492545e-06,2,0,1
0.745099848915357,0.249325654158263,3.48089441543052e-06,2,0,0.984898489848985
0.742341211495565,0.272620585158433,3.74187502825788e-06,2,0,0.975397539753975
0.74339961858237,0.310456348137309,3.87262041398972e-06,2,0,0.974397439743974
0.742080851474487,0.256906082508942,3.89879123374307e-06,2,0,0.976397639763976
0.742387480401062,0.288357012204128,4.08584788280188e-06,2,0,0.973997399739974
0.742332956275314,0.227198418954902,2.6794404501167e-06,2,0,0.97999799979998
0.722418018482538,0.828003708654072,1.82243691920057e-06,2,0,0.867786778677868
0.733096142017649,0.651674208367859,1.67506777213316e-06,2,0,0.913191319131913
0.720475165122977,0.866826738736616,1.3493377905772e-06,2,0,0.858785878587859
0.741607116147066,0.246932133311016,3.63741680387334e-06,2,0,0.976097609760976
0.741965868519006,0.228184852409084,3.99617924151426e-06,2,0,0.978997899789979
0.752692838837564,0.238412856506015,2.85096692061627e-06,2,0,1
0.737720117106289,0.365189605413369,3.54759549437761e-06,2,0,0.954095409540954
0.742677125622216,0.270097900168154,3.15245469215055e-06,2,0,0.976597659765977
0.744055693225056,0.386374558958567,1.0131056362712e-06,2,0,0.968396839683968
0.742746965087674,0.35810003590331,2.09695156088443e-06,2,0,0.967896789678968
0.743299490608221,0.384343275930787,2.51847255946375e-06,2,0,0.966696669666967
0.745359556660486,0.393088687231529,2.56832659791907e-06,2,0,0.971097109710971
0.748478765215876,0.306340123509188,2.50094392568673e-06,2,0,0.987998799879988
0.740547686197554,0.434278532106719,2.66687137743356e-06,2,0,0.954495449544954
0.746964423061501,0.29338928455146,3.18860688221155e-06,2,0,0.985298529852985
0.743670147014831,0.322357228468718,2.59380774864039e-06,2,0,0.973897389738974
0.736753007738991,0.519095644200111,1.51906522327818e-06,2,0,0.936093609360936
0.739533295189641,0.47477582551553,1.96524405534246e-06,2,0,0.947794779477948
0.733747576490521,0.547385746837446,1.40931062490928e-06,2,0,0.925392539253925
0.730474468218049,0.747653984204511,1.18097981734612e-06,2,0,0.896689668966897
0.737296670511565,0.651008366511326,1.41064867882773e-06,2,0,0.924192419241924
0.734755906608802,0.570596618272062,1.3737898460781e-06,2,0,0.925692569256926
0.72765218373085,0.78724516115993,1.41133006519861e-06,2,0,0.885388538853885
0.724770368290723,0.810595096769602,1.32155384988549e-06,2,0,0.875587558755876
0.739913287882795,0.494500423739143,1.28293564415186e-06,2,0,0.946794679467947
0.724798855077734,0.765171893695198,1.44851127834809e-06,2,0,0.88028802880288
0.731754443263527,0.719472956803066,1.23696686412419e-06,2,0,0.902890289028903
0.729798299323315,0.797385413634626,1.73565579113775e-06,2,0,0.88998899889989
0.742433626715009,0.228734292010183,4.06144286238191e-06,2,0,0.98009800980098
0.7395534594298,0.324403741800346,2.93176223399511e-06,2,0,0.962996299629963
0.737313738211376,0.347091174693243,2.93332807545431e-06,2,0,0.954895489548955
0.736493773046414,0.325206917178397,3.6132245967772e-06,2,0,0.954995499549955
0.737827524944207,0.329789474659228,2.80420655329085e-06,2,0,0.957995799579958
0.740278982682386,0.344572664492407,2.78087583469729e-06,2,0,0.962796279627963
0.736180802125002,0.335181642173503,2.76660699898329e-06,2,0,0.953195319531953
0.738649104193934,0.351202606661882,2.46518527138665e-06,2,0,0.957895789578958
0.738122900441605,0.321583730547433,2.33607475999115e-06,2,0,0.95959595959596
0.735116716839642,0.368800270923416,4.05972714641127e-06,2,0,0.946994699469947
0.736626834871942,0.319438608119331,1.91271996772222e-06,2,0,0.955895589558956
0.746108110457853,0.27895099976256,2.32531784769662e-06,2,0,0.984598459845985
0.746021339734686,0.270801221162501,1.93047968885348e-06,2,0,0.985198519851985
0.747532329114748,0.238454457661009,1.75804214617309e-06,2,0,0.992299229922992
0.747522677117686,0.200025478436568,3.79862087470959e-06,2,0,0.996199619961996
0.746959304388451,0.196543897357202,2.75877765422985e-06,2,0,0.995099509950995
0.732315459791836,0.332472186302508,3.55870873604921e-06,2,0,0.943394339433943
0.73552498143147,0.344970098009876,3.0847312350914e-06,2,0,0.95049504950495
0.744814551264889,0.193800867753007,3.39372471826351e-06,2,0,0.98979897989799
0.747191438281315,0.32395517505464,1.98005761340196e-06,2,0,0.982798279827983
0.734674789612915,0.603996380628555,8.39823316175107e-07,2,0,0.922092209220922
0.717118537528318,1.03393134451087,6.6910009939352e-07,2,0,0.833183318331833
0.739221838284043,0.548845748597402,1.34650356026417e-06,2,0,0.939493949394939
0.737980252608931,0.582765992729355,2.35505665845373e-06,2,0,0.932793279327933
0.744049338658169,0.33701968350924,4.64850153197965e-06,2,0,0.973397339733973
0.729163852409297,0.600180083868984,1.71333251089974e-06,2,0,0.908190819081908
0.750161120817818,0.312009047768679,2.92128074182196e-06,2,0,0.991699169916992
0.750995512912805,0.295146128835334,3.49088458671131e-06,2,0,0.995599559955996
0.752135722816231,0.302865103894001,2.93680841680398e-06,2,0,0.997799779977998
0.75247650017077,0.303900918596198,2.15860069663783e-06,2,0,0.998599859985999
0.752289579100301,0.288961541137322,2.22717524921655e-06,2,0,0.999599959996
0.745184807085082,0.305375900081089,4.07411990427016e-06,2,0,0.97949794979498
0.755510960211014,0.300178625541606,2.19732584906048e-06,2,0,1
0.75009947661687,0.304520926686245,3.16503789423952e-06,2,0,0.992299229922992
0.715514996311015,0.774650503825371,4.2999401283522e-06,2,0,0.855185518551855
0.712162067148235,0.808342143267043,3.76631444014285e-06,2,0,0.843184318431843
0.706543251361999,0.919010132447807,4.13603745878244e-06,2,0,0.817381738173817
0.72281061424814,0.635825833560251,2.46784900333483e-06,2,0,0.888188818881888
0.735722881484497,0.513053000224467,2.44621439596574e-06,2,0,0.933993399339934
0.729123003925298,0.693667779853616,2.24681281485878e-06,2,0,0.898689868986899
0.737863065666068,0.476644212164994,2.42277794963888e-06,2,0,0.943194319431943
0.736866312400252,0.505111669195214,2.25408156270064e-06,2,0,0.937793779377938
0.721852282160774,0.659014291045235,3.12216963890148e-06,2,0,0.883288328832883
0.721277745062561,0.660544175259688,2.99954185530376e-06,2,0,0.881688168816882
0.740798026646554,0.491404904219303,1.83773929946414e-06,2,0,0.949394939493949
0.735600286115594,0.535303308218198,2.68233518887452e-06,2,0,0.931493149314932
0.730835107473155,0.647653477498542,2.57488964073669e-06,2,0,0.907790779077908
0.735342232825961,0.6031824808131,1.97464462313781e-06,2,0,0.923892389238924
0.719147815130112,0.718550318299886,3.89190373088321e-06,2,0,0.87028702870287
0.723053171569201,0.609307639566188,2.14838051992798e-06,2,0,0.891489148914892
0.742215931216083,0.441746932790564,2.6082876594539e-06,2,0,0.958095809580958
0.746377040650318,0.36024504709085,2.48054711971006e-06,2,0,0.977097709770977
0.719744258989615,0.720878407078609,3.37082929232469e-06,2,0,0.871587158715872
0.724817768585991,0.649441383239308,3.24289092524727e-06,2,0,0.891989198919892
0.736001235127658,0.570138252567506,2.65871691916239e-06,2,0,0.928992899289929
0.736598742447297,0.522537099534016,2.26918681075637e-06,2,0,0.935293529352935
0.724339164228164,0.603948313601908,2.44112684624329e-06,2,0,0.895289528952895
0.726198650429698,0.655656637772135,2.60412480238394e-06,2,0,0.894889488948895
0.733323053259979,0.525686741025284,2.92139614759565e-06,2,0,0.926492649264926
0.780414635018546,1.32694637798911,1.18909853357454e-07,2,0,0.967796779677968
0.728242551201097,0.579138576574687,2.98770736706503e-06,2,0,0.907990799079908
0.724079408889134,0.648424863794419,2.86295308112458e-06,2,0,0.89018901890189
0.720680454389272,0.687090150762528,2.97071891948254e-06,2,0,0.877487748774877
0.722579358209274,0.679213271920075,3.05213824107685e-06,2,0,0.883188318831883
0.721638252978049,0.697966221406185,2.91893244483377e-06,2,0,0.878887888788879
0.753930234525193,0.294263457951844,1.35671666058989e-06,2,0,1
0.720825279265101,0.693210405757106,2.48966935227303e-06,2,0,0.877187718771877
0.72422651032168,0.683662097847913,2.60870446873903e-06,2,0,0.886988698869887
0.735699312908626,0.493919035440345,1.9304656265244e-06,2,0,0.935893589358936
0.739387045175566,0.438282792320726,2.12359867221891e-06,2,0,0.951095109510951
0.731546376637908,0.547561902462139,2.73321575047983e-06,2,0,0.91969196919692
0.746824900626944,0.30256291511588,3.58570945169459e-06,2,0,0.983998399839984
0.728832713451019,0.543554850796315,2.38224784590139e-06,2,0,0.913091309130913
0.757677112650241,0.292186555433947,3.25710275002168e-06,2,0,1
0.731514827830329,0.518178296645575,3.28481041167467e-06,2,0,0.922592259225923
0.722887265800438,0.643542512618263,3.60266644369826e-06,2,0,0.887588758875888
0.72943462855443,0.600806943767594,3.09202427005082e-06,2,0,0.908890889088909
0.725568634793313,0.642570830509183,2.82109921363492e-06,2,0,0.894589458945895
0.726942914928949,0.645962166307269,2.93348740598379e-06,2,0,0.897889788978898
0.728008076974345,0.601105168281108,2.84692422046136e-06,2,0,0.905090509050905
0.732006887299487,0.570985723880126,2.52191738238378e-06,2,0,0.918491849184918
0.738818844127865,0.505456050972082,2.79670909710928e-06,2,0,0.942794279427943
0.730519506464964,0.622453891318071,2.5126329376479e-06,2,0,0.909490949094909
0.736110165380408,0.573787341569936,2.54080255218185e-06,2,0,0.928892889288929
0.729495308034285,0.592038231109218,3.7149099166921e-06,2,0,0.90989098909891
0.760690125491091,0.244960202639569,2.69740445208704e-06,2,0,1
0.722249842517869,0.679750147438828,3.47000208960065e-06,2,0,0.882288228822882
0.749694522061414,0.384758397968614,2.42520986432445e-06,2,0,0.983198319831983
0.749792674597037,0.372989484679976,2.25378558641138e-06,2,0,0.984598459845985
0.747764636754562,0.361444342830708,2.42893730713463e-06,2,0,0.98049804980498
0.746224414275783,0.441264226120354,2.17540227725981e-06,2,0,0.968496849684969
0.750233745804761,0.359731389257865,2.524434890785e-06,2,0,0.987098709870987
0.745304186638064,0.420304739641002,2.78542686242645e-06,2,0,0.968196819681968
0.746876376824264,0.462461972290128,2.53957499935425e-06,2,0,0.967996799679968
0.736664206538499,0.52226191219775,1.82693679822255e-06,2,0,0.935493549354935
0.750870519361073,0.411288303844016,2.20117681939803e-06,2,0,0.983598359835984
0.751583472954738,0.428227966109401,1.83236258780275e-06,2,0,0.983698369836984
0.756078978762964,0.350581040081233,2.08691110743148e-06,2,0,1
0.753619028678951,0.339847493229067,2.35193260476069e-06,2,0,0.997899789978998
0.754212272122762,0.327776799184058,2.54780915551289e-06,2,0,1
0.753158806713997,0.328655238595722,2.93282437958834e-06,2,0,0.997799779977998
0.747737099762435,0.396168041209481,2.6618690902521e-06,2,0,0.976997699769977
0.747882424619957,0.358606411819388,1.87303902239265e-06,2,0,0.981098109810981
0.752500469997989,0.418258754026964,2.00043830879741e-06,2,0,0.987098709870987
0.752935668409626,0.339237286330895,2.01539748024096e-06,2,0,0.996199619961996
0.753776627258289,0.326957927348798,2.50463719149283e-06,2,0,0.999599959996
0.747916475956616,0.39771646358623,1.98015275355319e-06,2,0,0.977297729772977
0.746650295078342,0.443054203152162,2.23103447223215e-06,2,0,0.969396939693969
0.757529020979472,0.296139869905564,2.83411904295716e-06,2,0,1
0.753089284783188,0.320425736578402,2.17953120312406e-06,2,0,0.998499849984999
0.748270567890578,0.363156078749118,2.6238562898765e-06,2,0,0.981698169816982
0.749040984605449,0.353765378818577,2.56417303953504e-06,2,0,0.984598459845985
0.750203644768075,0.315818246845849,2.21555367457475e-06,2,0,0.991499149914992
0.750346658668153,0.302103484438797,2.26648192553242e-06,2,0,0.993199319931993
0.75002721715251,0.350746357203357,2.42854308129252e-06,2,0,0.987498749874988
0.751590520444827,0.334621495304144,2.40761988481274e-06,2,0,0.993199319931993
0.751767402489836,0.324752047843398,2.69687024112377e-06,2,0,0.994599459945995
0.751401755917968,0.323699709117625,2.5754459177569e-06,2,0,0.993799379937994
0.750975050250633,0.341764936477566,2.28894960278335e-06,2,0,0.990799079907991
0.749592455278556,0.343382446331524,2.43834429987759e-06,2,0,0.987098709870987
0.748740210415269,0.362479726316989,2.39541947560734e-06,2,0,0.982998299829983
0.749354646882434,0.365156337796267,2.62547269836235e-06,2,0,0.984298429842984
0.750552584158978,0.342775528987697,2.13139678124787e-06,2,0,0.98969896989699
0.743831276268859,0.40133076950646,2.31153990416414e-06,2,0,0.966296629662966
0.749219501865432,0.347237287846454,2.70596489769659e-06,2,0,0.985698569856986
0.747735067567739,0.356527008147689,2.71397694652453e-06,2,0,0.980998099809981
0.749377206588696,0.362563058753656,2.47279151160604e-06,2,0,0.984598459845985
0.749091782242298,0.369126399479052,2.47581493768465e-06,2,0,0.983198319831983
0.74946148365714,0.370693553662834,2.62410868924868e-06,2,0,0.983998399839984
0.75249044833868,0.348371733115856,2.30684923904243e-06,2,0,0.994099409940994
0.750260467857241,0.331986808600475,2.37102580334179e-06,2,0,0.98999899989999
0.762281506771174,0.362532855549016,5.20302411243518e-07,2,0,1
0.741138292628705,0.23543082214671,2.40686094683416e-06,2,0,0.976097609760976
0.737713340419602,0.430050928546265,3.13771565524468e-06,2,0,0.947594759475948
0.749403249526147,0.430086484193907,2.99081940974188e-06,2,0,0.977897789778978
0.746188046335187,0.42296063606064,1.41630278920699e-06,2,0,0.97019701970197
0.751852253527001,0.401828838526926,1.55498005714471e-06,2,0,0.987098709870987
0.747406286459318,0.382129501376257,2.30411543429394e-06,2,0,0.977497749774977
0.748394809747644,0.389556657865245,1.13902198487085e-06,2,0,0.979297929792979
0.762359553835727,0.179781423106413,2.46547091673591e-06,2,0,1
0.728614425586844,0.526780390658805,3.3110017169242e-06,2,0,0.914191419141914
0.749347917203078,0.203630768994633,1.71294252697851e-06,2,0,1
0.751778080435547,0.21573983926194,2.04246327948971e-06,2,0,1
0.764959420321622,0.227733803078929,2.17064836500174e-06,2,0,1
0.764183933872782,0.237437542579104,2.5279942647502e-06,2,0,1
0.772341889787209,0.206366821339908,2.75068761293923e-06,2,0,1
0.745874459682103,0.296889932397855,2.93504911647498e-06,2,0,0.982198219821982
0.759434747097072,0.275968924627135,2.87356607699972e-06,2,0,1
0.761467685303272,0.251216056797418,2.40515270667566e-06,2,0,1
0.752618812211652,0.275466644040015,2.66329696225472e-06,2,0,1
0.75354536040597,0.326937010483942,2.91698886594966e-06,2,0,0.998999899989999
0.767220187360043,0.240365788610866,2.10525096823689e-06,2,0,1
0.75412779409258,0.290997124614332,2.8361112801263e-06,2,0,1
0.745148933319249,0.304743954244501,2.92229205629073e-06,2,0,0.97949794979498
0.747122758576135,0.292654014065348,2.67712206914254e-06,2,0,0.985798579857986
0.760644145743675,0.230500919772204,2.27584590746451e-06,2,0,1
0.756862763319596,0.287411224734152,2.60021005951207e-06,2,0,1
0.73873494597253,0.366639033116929,3.44836612789101e-06,2,0,0.956595659565957
0.762016539168077,0.275490135712893,3.11658347353075e-06,2,0,1
0.747138466230728,0.352910059567383,3.27134628605775e-06,2,0,0.97979797979798
0.768160980732997,0.303829671101548,2.12068740830425e-06,2,0,1
0.756088225765561,0.268962945393182,2.76712295361912e-06,2,0,1
0.765552434826051,0.220256427590263,1.90139939211645e-06,2,0,1
0.767015089884685,0.222766427628932,2.12152006015109e-06,2,0,1
0.757865773828333,0.278879691678181,2.09847493040064e-06,2,0,1
0.762440721657987,0.308808026560734,2.77016391735044e-06,2,0,1
0.76113046342234,0.18909558250907,3.65439432626887e-06,2,0,1
0.771218343646393,0.204981984985261,1.65275031919088e-06,2,0,1
0.75948578108536,0.31468545627731,2.6841395274079e-06,2,0,1
0.755871837253815,0.322322413134019,2.60815207397827e-06,2,0,1
0.765666811089937,0.183778779173122,3.53504541880463e-06,2,0,1
0.763709390328088,0.252137394591819,1.85165402170595e-06,2,0,1
0.760684949232169,0.2603393441403,2.43825184176414e-06,2,0,1
0.760705727724255,0.267641122721425,2.2054936201085e-06,2,0,1
0.763044993138729,0.23085405764131,2.57954545641109e-06,2,0,1
0.767915178585278,0.268250539912729,2.98948491731372e-06,2,0,1
0.753989149027986,0.213544030173964,1.97439781549314e-06,2,0,1
0.744635978228525,0.328209454528184,3.29880547497123e-06,2,0,0.975797579757976
0.743660119835211,0.352428828392371,2.93968180166106e-06,2,0,0.970797079707971
0.761101060863939,0.204466063857366,1.6736170497849e-06,2,0,1
0.761916066108512,0.260276480906024,2.59360246010504e-06,2,0,1
0.756231043648198,0.274090725669113,2.0422812591929e-06,2,0,1
0.748259663375705,0.280665704305943,2.39047136466251e-06,2,0,0.98999899989999
0.764297847291048,0.228652160020132,2.54909153171197e-06,2,0,1
0.759742027521272,0.236652775091759,2.75082677934898e-06,2,0,1
0.761876280736853,0.311260586216361,2.04684898673638e-06,2,0,1
0.760247501746848,0.222542729777274,2.6130064467707e-06,2,0,1
0.761677217198469,0.217751082150607,2.83410541731727e-06,2,0,1
0.760962395837106,0.221129501612695,2.94815218321146e-06,2,0,1
0.762182035384648,0.234841174065875,2.52188664109753e-06,2,0,1
0.762224882790974,0.219869066490515,2.67500694180827e-06,2,0,1
0.766384422587056,0.218362924702975,2.65238208673289e-06,2,0,1
0.762422665843786,0.228013686923342,2.54870697416537e-06,2,0,1
0.762778756752058,0.224468370713882,2.60667050260012e-06,2,0,1
0.76339361852434,0.223485449057132,2.6863625196673e-06,2,0,1
0.763789513465769,0.22720096512026,2.11820886552466e-06,2,0,1
0.762071337905726,0.261931785057112,2.39544491293246e-06,2,0,1
0.758142523115384,0.279654157405239,2.40443709199523e-06,2,0,1
0.764264528008599,0.267333769860665,2.48232284001675e-06,2,0,1
0.759262021505649,0.28032146182842,2.44572663049282e-06,2,0,1
0.745742836370839,0.284379074142772,2.23284452917539e-06,2,0,0.983098309830983
0.754690812936441,0.235574438165075,2.15734162967315e-06,2,0,1
0.767653287659125,0.225899993089125,2.18285025760989e-06,2,0,1
0.759138419386615,0.244212212763278,2.49194873629657e-06,2,0,1
0.775182733861604,0.208711983038492,2.34763235903277e-06,2,0,1
0.750216946157634,0.255711898702854,3.34384076863447e-06,2,0,0.997599759975998
0.750407483690402,0.247751922875625,2.96853978297004e-06,2,0,0.998899889988999
0.74832749362514,0.268161603417119,3.11104026003736e-06,2,0,0.991399139913991
0.748024722672713,0.272885186127585,2.93643195405361e-06,2,0,0.99009900990099
0.74569805364207,0.294715755017085,3.1486027750286e-06,2,0,0.981898189818982
0.750254534338938,0.253119584704577,2.87904640761889e-06,2,0,0.997899789978998
0.749969269139334,0.250173942599651,2.79372662095286e-06,2,0,0.997499749974997
0.756829735706402,0.231427283350655,3.67816054667524e-06,2,0,1
0.750016741754782,0.239854650098044,2.17838684700508e-06,2,0,0.998599859985999
0.754199996537016,0.239377211772835,2.75088193864099e-06,2,0,1
0.753140729767006,0.259032948414711,2.52625009445884e-06,2,0,1
0.747205363552048,0.313152331520317,2.96341270666271e-06,2,0,0.983998399839984
0.751175983515344,0.307186310961676,2.43734877817404e-06,2,0,0.994899489948995
0.749871611326861,0.200156343494135,2.78946107711202e-06,2,0,1
0.748692448610493,0.295355492286018,3.31234934204179e-06,2,0,0.98959895989599
0.74004867055496,0.355407131028589,3.59579572081867e-06,2,0,0.961096109610961
0.738207931804877,0.448036609293098,3.62348164378777e-06,2,0,0.946994699469947
0.742133075796985,0.384420118752564,3.21072272753756e-06,2,0,0.963596359635964
0.741560563204555,0.369670080216406,3.15187228129018e-06,2,0,0.963596359635964
0.731977550762709,0.458426309679445,3.92147538274094e-06,2,0,0.92979297929793
0.740123283407423,0.374175914682854,3.20650681229072e-06,2,0,0.959395939593959
0.733613558661226,0.461042889153224,3.84523307958489e-06,2,0,0.933793379337934
0.736919382813124,0.412522294355574,3.43602425937987e-06,2,0,0.947294729472947
0.741295631864533,0.410409294067006,3.37220561866753e-06,2,0,0.958795879587959
0.737104714770873,0.421529206292566,3.27777497220989e-06,2,0,0.946794679467947
0.750576839645816,0.196963831881504,2.21207802116379e-06,2,0,1
0.759994519094212,0.311346848326487,1.58504034348798e-06,2,0,1
0.737083440194519,0.491105061018154,3.06688515683428e-06,2,0,0.93979397939794
0.743239086283072,0.35854833555323,2.84900369226894e-06,2,0,0.969096909690969
0.738561697942688,0.432780610286005,3.14780734038807e-06,2,0,0.94949494949495
0.730616367671898,0.503917595803019,3.64502365308989e-06,2,0,0.921692169216922
0.737325334367496,0.42915534190011,3.16438830173601e-06,2,0,0.946594659465947
0.736797886717862,0.497693387976914,3.56644453505316e-06,2,0,0.938393839383938
0.733374650501807,0.498390947547038,3.77213533864622e-06,2,0,0.929392939293929
0.738771118982697,0.399748647591121,3.1953167669459e-06,2,0,0.953395339533953
0.743062866930565,0.383184720718868,3.06259638220094e-06,2,0,0.966196619661966
0.738929697849744,0.383127626917731,3.1510091580864e-06,2,0,0.955395539553955
0.742924854872646,0.383652440463924,3.46870766279889e-06,2,0,0.965796579657966
0.746916459021975,0.235528574357069,1.14737999107816e-06,2,0,0.990999099909991
0.75800607896622,0.233728116752494,1.71912671007249e-06,2,0,1
0.739620842617296,0.403318194661941,2.6952626628936e-06,2,0,0.955195519551955
0.732921484191183,0.480874753570578,2.99771187297313e-06,2,0,0.92999299929993
0.738747455267852,0.390914620852209,2.58538829714371e-06,2,0,0.954195419541954
0.727274805111236,0.546913666640745,1.94188391436912e-06,2,0,0.908690869086909
0.743280175350491,0.339755609384338,3.36743953008446e-06,2,0,0.971097109710971
0.750011662789525,0.498737952803859,1.66676850826743e-06,2,0,0.972497249724973
0.735072700815409,0.417858207611353,4.34734785087663e-06,2,0,0.941894189418942
0.737571648820171,0.47865745977367,3.4467119503138e-06,2,0,0.942294229422942
0.736490642530907,0.474222958345812,3.51303229870805e-06,2,0,0.93989398939894
0.738188386078988,0.47066390578035,3.34939390239138e-06,2,0,0.944694469446945
0.735196177460394,0.423053404676108,2.8024268765231e-06,2,0,0.941694169416942
0.738503844490631,0.471163868454915,3.62306366250257e-06,2,0,0.945494549454945
0.737928999418829,0.399513611219068,2.85327701129051e-06,2,0,0.951195119511951
0.739051021268139,0.370830378346604,2.69047511007286e-06,2,0,0.956995699569957
0.73515053209699,0.467747690343029,3.3926588934365e-06,2,0,0.937093709370937
0.732854863032681,0.421088853727567,3.09867011169558e-06,2,0,0.935893589358936
0.7335106170649,0.440126217011188,2.96229299399986e-06,2,0,0.935593559355936
0.760746511277586,0.201606289164663,2.9593447575025e-06,2,0,1
0.733106495648684,0.463936037044261,3.38777391715852e-06,2,0,0.932193219321932
0.70415900049391,0.835653871598898,4.57695935013641e-06,2,0,0.81958195819582
0.700582794240818,0.73417547026453,4.6204673697174e-06,2,0,0.820582058205821
0.698787781356902,0.935867461975717,3.70263698017567e-06,2,0,0.795579557955796
0.698752168326511,0.935037074768052,4.60405049150471e-06,2,0,0.795579557955796
0.700522625493185,0.87647419952699,1.93028135716118e-06,2,0,0.806080608060806
0.69850490731914,0.869216741648014,1.98930850170111e-06,2,0,0.801580158015802
0.699083253851681,0.944751632269448,4.72637513353513e-06,2,0,0.795479547954795
0.698687330879959,0.86978333505116,2.86569762574932e-06,2,0,0.801980198019802
0.712907104827085,0.595440774448634,1.30470778507759e-06,2,0,0.866586658665867
0.703549615390789,0.810791254821735,2.27296970155372e-06,2,0,0.820582058205821
0.702582062912079,0.780283466788287,2.20485192018192e-06,2,0,0.821082108210821
0.702219270905208,0.784041228003079,2.35814645390051e-06,2,0,0.81978197819782
0.702876666352788,0.796751731334544,2.15263626441855e-06,2,0,0.82018201820182
0.703074884804012,0.809052513135344,2.3464111958521e-06,2,0,0.819481948194819
0.702596520210224,0.798056186763412,2.4059523343873e-06,2,0,0.819381938193819
0.703382734808786,0.794409719344537,2.46708940886865e-06,2,0,0.821782178217822
0.703480237074116,0.793508637059159,2.45422708717585e-06,2,0,0.822082208220822
0.703113158276948,0.811171178754491,2.59757465764392e-06,2,0,0.819381938193819
0.703112739523594,0.802829922520596,2.68986437322456e-06,2,0,0.82018201820182
0.705341457487485,0.770907917566406,1.53423865552622e-06,2,0,0.829182918291829
0.705170988307257,0.757794618939487,3.10354605837585e-06,2,0,0.83008300830083
0.698174321538285,0.873590454054039,2.31167750909885e-06,2,0,0.8002800280028
0.701757360963305,0.853922621191379,2.37917453353809e-06,2,0,0.811581158115812
0.701031955447661,0.836398410890501,3.05936411619938e-06,2,0,0.811481148114812
0.701192171283017,0.819667363913772,2.52334910715834e-06,2,0,0.813581358135814
0.701695493477241,0.837682986030779,2.27231773664825e-06,2,0,0.813081308130813
0.69963613011037,0.804515043218437,2.39708101099487e-06,2,0,0.811081108110811
0.700616645083175,0.813197132841834,2.59821464055859e-06,2,0,0.812681268126813
0.700631215665611,0.828828735932779,2.41836663752702e-06,2,0,0.811181118111811
0.700678372255666,0.841974137036314,2.41450780756336e-06,2,0,0.80998099809981
0.7007195286959,0.832440381451955,2.41888077463965e-06,2,0,0.811081108110811
0.700775115724399,0.847519019974695,2.49321512856508e-06,2,0,0.80968096809681
0.701407873545819,0.826891210369295,2.57620038393572e-06,2,0,0.813381338133813
0.699968845332309,0.814833434264706,2.55108781230716e-06,2,0,0.810881088108811
0.700918081348462,0.825363641083519,2.61262511949878e-06,2,0,0.812281228122812
0.70264981887832,0.811649355954921,2.74862283805449e-06,2,0,0.818181818181818
0.700573427070009,0.809705897003866,2.66695451513757e-06,2,0,0.812981298129813
0.701124020783234,0.818077660849574,2.67734728155113e-06,2,0,0.813581358135814
0.701783448790005,0.816854857911119,2.69738015345259e-06,2,0,0.815381538153815
0.701542501754567,0.808830557379356,2.71295548614009e-06,2,0,0.815581558155816
0.701440480947832,0.82665998659098,2.73000605082923e-06,2,0,0.813481348134813
0.70145792835221,0.802703696253634,2.81506920552398e-06,2,0,0.815981598159816
0.703328463887453,0.7941746164184,2.90834676352289e-06,2,0,0.821682168216822
0.697728838829339,0.865253717825697,2.81722803102494e-06,2,0,0.7999799979998
0.701658121958732,0.834511733678522,3.34000182760296e-06,2,0,0.813281328132813
0.699057743874147,0.929207511101067,3.69639997796587e-06,2,0,0.796979697969797
0.696133448472631,0.92949574555321,3.71667794625216e-06,2,0,0.789378937893789
0.699892652197645,0.819794513154418,2.12139421107188e-06,2,0,0.81018101810181
0.691506713334298,0.974309701680739,2.92291416807888e-06,2,0,0.772877287728773
0.700788185775066,0.850865163228785,3.82844244906514e-06,2,0,0.809380938093809
0.70282192732312,0.859659902221299,4.97493894873858e-06,2,0,0.813781378137814
0.753237095174719,0.254430848297834,1.61908651205222e-06,2,0,1
0.756237926508975,0.203462383843466,2.21571347620827e-06,2,0,1
0.758500486690751,0.200471161483997,2.27286336867664e-06,2,0,1
0.759417936867032,0.218538234437292,2.43180250563883e-06,2,0,1
0.758869790121573,0.219040704097287,2.60766682973458e-06,2,0,1
0.763619359343006,0.190756233008764,3.96073943587107e-06,2,0,1
0.75978102528656,0.213468405281289,2.92125258564902e-06,2,0,1
0.761408063509036,0.203670316872067,1.98356641416869e-06,2,0,1
0.77555096552623,0.185144167500289,1.8926832640894e-06,2,0,1
0.76284225228103,0.212341276616522,3.26149916828379e-06,2,0,1
0.771510918238961,0.18265773619299,1.88721355868792e-06,2,0,1
0.762922905982368,0.212610593132686,3.95078030484062e-06,2,0,1
0.715649979922965,0.693939077069322,2.88757198201463e-06,2,0,0.863686368636864
0.701279357777606,0.93364918166269,4.65200406373389e-06,2,0,0.802280228022802
0.699428993843944,0.930662431922433,3.31109276945243e-06,2,0,0.797779777977798
0.690637790640541,1.0106632686167,2.40383306441617e-06,2,0,0.766876687668767
0.701243085345924,0.855078377220575,3.62584095509149e-06,2,0,0.81008100810081
0.705362727349262,0.766673603790675,3.00793386612727e-06,2,0,0.82968296829683
0.706607003924806,0.773927910469963,2.85603061690222e-06,2,0,0.832183218321832
0.712393911050993,0.661907750772055,3.6054727092482e-06,2,0,0.858485848584858
0.69493628938975,0.928674030082686,3.10734555652011e-06,2,0,0.786378637863786
0.73553028028906,0.607244787357329,1.89739957613805e-06,2,0,0.923992399239924
0.741373543932969,0.386801411943772,2.94859188230439e-06,2,0,0.961396139613961
0.746859337002048,0.379478823781932,2.55574443114009e-06,2,0,0.976397639763976
0.69751935987871,0.973368182747102,2.98786975131063e-06,2,0,0.788478847884789
0.715254335977143,0.52877434241034,4.03988755398344e-06,2,0,0.879387938793879
0.701602466549995,0.720810886371644,2.97809806527742e-06,2,0,0.824582458245825
0.715829582840104,0.496860070321736,3.87581357082394e-06,2,0,0.884088408840884
0.698272964883193,0.78637071498855,3.19330027251768e-06,2,0,0.809380938093809
0.702427004944032,0.717303501826595,3.25132246137271e-06,2,0,0.827082708270827
0.698403329616058,0.774181147713703,3.3247597661484e-06,2,0,0.810881088108811
0.699086180771133,0.793927337444576,5.0658596006962e-06,2,0,0.810681068106811
0.700562268384487,0.747394552788115,3.12466331262024e-06,2,0,0.819181918191819
0.701737364884183,0.734234101800375,2.76603152555306e-06,2,0,0.823582358235824
0.699647650319338,0.76426425315341,2.89155517622761e-06,2,0,0.815181518151815
0.698109587370119,0.798619576422914,3.96211904008235e-06,2,0,0.807680768076808
0.698229253041515,0.811436514091903,4.1137161407802e-06,2,0,0.806680668066807
0.699014360580614,0.792680866665227,3.88314868636956e-06,2,0,0.810581058105811
0.700457038971333,0.767450554871183,4.12825335020384e-06,2,0,0.816881688168817
0.700008502137626,0.776800285101811,4.00937370932181e-06,2,0,0.814781478147815
0.699213531990353,0.784707076530637,2.90472477538424e-06,2,0,0.811981198119812
0.697463209514306,0.743000343027899,2.36331633612024e-06,2,0,0.811581158115812
0.694188635254032,0.81087034342471,3.30268693437687e-06,2,0,0.796279627962796
0.696026057320166,0.799122971207757,3.18007121270014e-06,2,0,0.802180218021802
0.696182539797524,0.824948950674718,3.45400284612712e-06,2,0,0.7999799979998
0.700338679934463,0.782488523254453,3.54802528865318e-06,2,0,0.815081508150815
0.700232608761078,0.791970800137224,2.91798536102208e-06,2,0,0.813881388138814
0.70292650439446,0.761395796326345,3.6647037588515e-06,2,0,0.823882388238824
0.695646313263924,0.899879539765944,2.30915012742715e-06,2,0,0.791079107910791
0.700372897986636,0.796175015000654,2.84643459634442e-06,2,0,0.813781378137814
0.691070330616971,0.918462390176027,3.51221734853207e-06,2,0,0.777377737773777
0.694579358242605,0.895410422234968,2.19484187940213e-06,2,0,0.788778877887789
0.694959120851006,0.870917363366306,2.19103530510637e-06,2,0,0.792179217921792
0.694151154714616,0.888372900097874,2.70411631885089e-06,2,0,0.788378837883788
0.705771705577051,0.731817390560786,3.124604674703e-06,2,0,0.834283428342834
0.696802847595491,0.855071201828933,2.61265947279624e-06,2,0,0.798579857985799
0.696094110044833,0.875328125524702,2.91661699852021e-06,2,0,0.794679467946795
0.696198470816485,0.847677859876057,2.06664084394984e-06,2,0,0.797779777977798
0.696664409004438,0.84105406219987,2.65637002832148e-06,2,0,0.7996799679968
0.697119914360709,0.831648070848004,3.17234718884818e-06,2,0,0.801780178017802
0.697281379070464,0.833390697320594,3.03456802696273e-06,2,0,0.801980198019802
0.696704315542437,0.838687762655229,2.41174181927854e-06,2,0,0.7999799979998
0.696878682761568,0.837291982718605,2.82537039019694e-06,2,0,0.800580058005801
0.741701156769145,0.368236503892643,1.34074730332986e-06,2,0,0.964096409640964
0.704123000576986,0.6956594606585,2.71796101183455e-06,2,0,0.833683368336834
0.709319113426181,0.620666088815003,2.69678059010407e-06,2,0,0.854685468546855
0.696015749643315,0.855467761333763,3.33057995833787e-06,2,0,0.796479647964797
0.756400920868287,0.404442753094084,2.38980944157572e-06,2,0,0.998599859985999
0.722696298596494,0.79847381772918,1.09799704749218e-06,2,0,0.871487148714872
0.7292788893051,0.730242614083074,9.73925454701943e-07,2,0,0.895389538953895
0.712121097866259,0.806054771114857,1.24803731038888e-06,2,0,0.843284328432843
0.751965776996927,0.479353428712476,1.16581019478088e-06,2,0,0.97949794979498
0.797383889950418,0.239138007132334,6.59229271413144e-07,2,0,1
0.789558584016445,0.195928968026003,1.33184632682189e-06,2,0,1
0.781482342165766,0.242053319507915,1.2581029482626e-06,2,0,1
0.796835595144388,0.255958425377637,5.99943487141134e-07,2,0,1
0.718265143959309,0.780937976503939,1.87923407369162e-06,2,0,0.861686168616862
0.795825944708969,0.264389116231478,7.48453672662187e-07,2,0,1
0.764248771960208,0.433429778373274,1.23782400067414e-06,2,0,1
0.764488135283378,0.434497172125803,1.91565093623976e-06,2,0,1
0.724009116466567,0.668599440672705,1.79273639933052e-06,2,0,0.887988798879888
0.744646166705599,0.425263108185848,1.45209382247442e-06,2,0,0.965996599659966
0.727136370124211,0.519094227091837,1.86646003910471e-06,2,0,0.911191119111911
0.723340618453926,0.807555723050897,1.18886416554395e-06,2,0,0.872187218721872
0.713363032269694,0.791701380369088,1.64972844203851e-06,2,0,0.847884788478848
0.719606369127849,0.750013750830754,1.04759265975425e-06,2,0,0.868286828682868
0.726538607806062,0.731235140730459,1.16081074061294e-06,2,0,0.888188818881888
0.708461852113763,0.840150621598212,1.38238842484594e-06,2,0,0.83028302830283
0.722153531406513,0.73912814281589,9.58348495290313e-07,2,0,0.875987598759876
0.722812052634365,0.767163626328137,1.09799786538596e-06,2,0,0.874887488748875
0.731068111316302,0.679225927075736,8.7705876200368e-07,2,0,0.905190519051905
0.792923556603444,0.19256106332073,1.30330301798361e-06,2,0,1
0.745124381078602,0.370319820580886,1.66845939311375e-06,2,0,0.972797279727973
0.769161951334418,0.438660610316564,8.53388855563266e-07,2,0,1
0.743202790847154,0.418898253542233,1.67971097962623e-06,2,0,0.962896289628963
0.70822341266493,0.837428829999715,1.39279139200011e-06,2,0,0.82998299829983
0.712778037026432,0.790840808389229,1.32627560402204e-06,2,0,0.846484648464847
0.712359337960404,0.784388334945802,1.35641341068721e-06,2,0,0.846084608460846
0.709947750740991,0.82382661802856,1.50223138863061e-06,2,0,0.835783578357836
0.709734902897792,0.816877678803309,1.40596368746759e-06,2,0,0.835983598359836
0.708580256230639,0.819629129967557,1.37629763257091e-06,2,0,0.832683268326833
0.734845261932155,0.711588259513956,1.10492910036544e-06,2,0,0.911691169116912
0.733839828545154,0.627002749639391,1.66156661157214e-06,2,0,0.917591759175918
0.734175636472065,0.665348143549364,1.67775970471844e-06,2,0,0.914591459145915
0.729912799591586,0.660446685558668,1.09016086229453e-06,2,0,0.904090409040904
0.762651814645693,0.389355495657419,1.41383311841066e-06,2,0,1
0.763145746632411,0.329276522460681,2.00182984695044e-06,2,0,1
0.775273126338181,0.344124740801744,7.11991178081044e-07,2,0,1
0.736863297484273,0.528405856564944,2.11923412662048e-06,2,0,0.935393539353935
0.718817737775061,0.764370901329333,2.05456935011709e-06,2,0,0.864786478647865
0.71726018274421,0.773985439178226,1.28569260162657e-06,2,0,0.85978597859786
0.782612862155847,0.226822178948949,1.6367226853472e-06,2,0,1
0.757638182970495,0.383767905005614,1.28245922172234e-06,2,0,1
0.748170529056195,0.515995235940092,1.77546716324287e-06,2,0,0.965996599659966
0.714588250580116,0.758477781648969,1.58956394966222e-06,2,0,0.854485448544855
0.726642881698799,0.71821534582978,1.18429492617148e-06,2,0,0.88978897889789
0.744693538694056,0.483487892540605,8.23503167255538e-07,2,0,0.96029602960296
0.759732452708851,0.446170856723672,9.90681144609715e-07,2,0,1
0.717612449807993,0.753545469120487,1.42892038140651e-06,2,0,0.862786278627863
0.718435352269946,0.750520245797433,1.50113362706968e-06,2,0,0.865186518651865
0.730971337412751,0.740881096412743,9.10982646694059e-07,2,0,0.898689868986899
0.729984224820669,0.766675810367105,1.27209386148957e-06,2,0,0.893589358935894
0.728782895656735,0.690363697635668,1.34957338762877e-06,2,0,0.898089808980898
0.727626050996247,0.750217547689109,1.38688878056524e-06,2,0,0.889088908890889
0.757446430190777,0.196740779035646,3.07951235065405e-06,4,0,1
0.699183425741725,0.9876976181847,3.78188537132297e-06,4,0,0.791379137913791
0.698760021434285,0.958339196769426,3.47854247329276e-06,4,0,0.793279327932793
0.724133229438168,0.351532301918417,1.87882646395168e-06,4,0,0.92029202920292
0.716347969392923,0.537906356886291,3.331914640174e-06,4,0,0.881288128812881
0.718734378453726,0.487391750270812,2.75790916728357e-06,4,0,0.892589258925893
0.713881496376655,0.565302624221417,3.22733436017642e-06,4,0,0.872087208720872
0.717172375231476,0.53857605126295,3.22026211678933e-06,4,0,0.883388338833883
0.716158250063163,0.561672768042871,3.23755664173571e-06,4,0,0.878387838783878
0.715358451682071,0.554066644521796,3.10151874073502e-06,4,0,0.877087708770877
0.718076431388941,0.502554194052851,2.90792082734541e-06,4,0,0.889288928892889
0.718762333312411,0.479775508461836,3.06127943961822e-06,4,0,0.893389338933893
0.718095602078703,0.498083625562923,3.10810754923072e-06,4,0,0.88978897889789
0.71844884347773,0.486603001054422,2.6875958612339e-06,4,0,0.891889188918892
0.723410171769986,0.437739099332223,2.92522992022774e-06,4,0,0.90969096909691
0.717412684067345,0.522990538022063,3.06710385732387e-06,4,0,0.885588558855886
0.716937769811674,0.544073208613529,3.24527841253297e-06,4,0,0.882188218821882
0.719782069836052,0.489125886530928,2.92626919186038e-06,4,0,0.895089508950895
0.72719450024333,0.38358906016181,3.10431179287165e-06,4,0,0.924992499249925
0.726515204138013,0.359188453175047,2.52382826097745e-06,4,0,0.925692569256926
0.723807010398495,0.445003592607847,3.15486088828661e-06,4,0,0.90999099909991
0.723500942605248,0.44120795449707,3.06022588597704e-06,4,0,0.90959095909591
0.720529958770753,0.506650748466505,3.30440372397346e-06,4,0,0.895289528952895
0.723202322905435,0.4844124314546,2.75105221927732e-06,4,0,0.904490449044904
0.723172798280027,0.426276836605666,2.7532937852882e-06,4,0,0.91019101910191
0.719317873629703,0.488791159027674,3.24708316924837e-06,4,0,0.893889388938894
0.720257712978345,0.523134632059266,3.27563873215315e-06,4,0,0.892889288928893
0.725252508928987,0.460788958582486,3.11493247946935e-06,4,0,0.912191219121912
0.7236300391719,0.417497758883684,2.81376131540662e-06,4,0,0.912291229122912
0.722270895101106,0.464474374321132,2.88611078253652e-06,4,0,0.904090409040904
0.728592073418785,0.407098028937544,3.05927883657382e-06,4,0,0.926192619261926
0.7245062156038,0.428945518508418,2.85363339142447e-06,4,0,0.913391339133913
0.723066542989461,0.449614973707035,2.98991832360448e-06,4,0,0.907590759075908
0.726271579480155,0.438770616807021,3.00717009135918e-06,4,0,0.916991699169917
0.725722620793082,0.420850115066945,2.86566935256898e-06,4,0,0.917391739173917
0.728354862561952,0.382511233479749,2.68018582296314e-06,4,0,0.928092809280928
0.724125247791313,0.4176411007735,2.98764511394961e-06,4,0,0.913591359135914
0.724831515813264,0.371250255669092,2.70830746909049e-06,4,0,0.92009200920092
0.724449598806526,0.354895838660297,2.28126224586854e-06,4,0,0.920792079207921
0.725751784205506,0.383529727350583,3.01216536196775e-06,4,0,0.921192119211921
0.725724161510005,0.355011458851087,2.61063215557736e-06,4,0,0.923992399239924
0.724781820415405,0.393577180366311,2.7690296424942e-06,4,0,0.917691769176918
0.726095326865604,0.354596804385152,2.66738153326338e-06,4,0,0.925092509250925
0.723984369259398,0.494254599930985,3.49902639238452e-06,4,0,0.905490549054905
0.723536823472001,0.415481555666436,2.66519918699022e-06,4,0,0.912291229122912
0.724760069190111,0.448217597261719,3.4738199153356e-06,4,0,0.912091209120912
0.725903308068647,0.48489578871343,2.88054877734479e-06,4,0,0.911391139113911
0.727136442883393,0.396677917259908,2.92406431112681e-06,4,0,0.923492349234924
0.727054676506107,0.387434864585748,2.6835567114097e-06,4,0,0.924192419241924
0.746119310442014,0.294635660328412,2.03463876385575e-06,4,0,0.982998299829983
0.690368128879324,1.23648704928358,3.81737824210382e-06,4,0,0.743474347434743
0.695336995396708,1.11916310793728,4.79413558278016e-06,4,0,0.768176817681768
0.738748433100534,0.465969163378544,1.91113721632038e-06,4,0,0.946594659465947
0.752947134385621,0.304650777303819,2.2062688283896e-06,4,0,0.999699969997
0.691614576616045,1.22527916185974,4.28148300603529e-06,4,0,0.747774777477748
0.6970404673552,1.13130602659467,3.83200720206303e-06,4,0,0.771377137713771
0.688487468737432,1.26420647708204,4.93371209468726e-06,4,0,0.735773577357736
0.685867724771339,1.32566742612895,4.53174905305274e-06,4,0,0.722772277227723
0.68833591228392,1.25607257022795,5.76730001190381e-06,4,0,0.736173617361736
0.688102844893636,1.28138895605232,3.0915198202511e-06,4,0,0.732973297329733
0.689302544199757,1.23110574142929,5.63227811199666e-06,4,0,0.741174117411741
0.68778219537348,1.25708798330654,5.79609148374365e-06,4,0,0.734673467346735
0.69799397813552,1.01098815716884,6.72812017105459e-06,4,0,0.785978597859786
0.689141891487054,1.24912933842453,5.22266723841723e-06,4,0,0.738973897389739
0.68621224541959,1.30155426325136,4.86263957769359e-06,4,0,0.726072607260726
0.693700682762426,1.10746019644406,6.91108832771861e-06,4,0,0.765076507650765
0.687242890651677,1.2753507636316,5.13586940883595e-06,4,0,0.731373137313731
0.699401881481358,0.981267686812235,5.77495072633379e-06,4,0,0.792579257925793
0.695261894493674,1.13076134513049,3.65371079441381e-06,4,0,0.766776677667767
0.692820429729108,1.12472364509117,2.71077187160449e-06,4,0,0.761076107610761
0.689331226355608,1.18874786878507,2.86990736066903e-06,4,0,0.745574557455746
0.6929431598166,1.12390283322851,3.96223554578549e-06,4,0,0.761476147614761
0.693590601776758,1.11879274829576,4.33641278227405e-06,4,0,0.763676367636764
0.691015840994896,1.22935370961383,5.46435264475404e-06,4,0,0.745874587458746
0.694030247964117,1.14120999664022,2.98806355646493e-06,4,0,0.762576257625763
0.67984941671329,1.44978897448129,3.25809775766707e-06,4,0,0.694669466946695
0.689702748515466,1.21417128503361,4.26404689128521e-06,4,0,0.743974397439744
0.691725323157731,1.17383067872258,5.42037213899509e-06,4,0,0.753275327532753
0.687753819930025,1.27952781465467,4.63497372175684e-06,4,0,0.732273227322732
0.680669401017765,1.39957341081418,3.14294426082067e-06,4,0,0.701870187018702
0.688711189453044,1.23027858958231,5.22995425402674e-06,4,0,0.73977397739774
0.6870159133547,1.27848860993264,3.64387353485044e-06,4,0,0.730473047304731
0.694455692442745,1.09749154804677,5.34910697194287e-06,4,0,0.768076807680768
0.682402442092532,1.36912596029983,2.89550814070271e-06,4,0,0.709370937093709
0.696334987498629,1.05544540156236,5.56066980406174e-06,4,0,0.777177717771777
0.682336376659555,1.36913318140031,2.73560514824825e-06,4,0,0.709170917091709
0.674981486116193,1.55980375763916,3.30424501553084e-06,4,0,0.670867086708671
0.688382848166411,1.24194288566063,3.94697403536344e-06,4,0,0.737773777377738
0.688656890748006,1.25595046289392,5.66282627633017e-06,4,0,0.737073707370737
0.689685316053727,1.24722985935624,4.20020374012734e-06,4,0,0.740574057405741
0.691478854404306,1.17848332384744,4.89605267013039e-06,4,0,0.752175217521752
0.701024106213691,0.961719221811384,4.94176988156053e-06,4,0,0.798779877987799
0.704901011661514,0.829136049339754,3.17321980720524e-06,4,0,0.822182218221822
0.705372800746267,0.817244359642833,3.24273749003092e-06,4,0,0.824682468246825
0.705393307886593,0.823384013424929,3.67581362811933e-06,4,0,0.824082408240824
0.727904467072069,0.465976472847712,4.17068544557819e-06,4,0,0.918491849184918
0.764960377433114,0.269055898019697,1.8012819088092e-06,4,0,1
0.765099834949024,0.273620878790905,2.16592314855869e-06,4,0,1
0.763074444211219,0.238049987669733,3.08347875055008e-06,4,0,1
0.748871122750831,0.279827802516193,2.17632908243063e-06,4,0,0.991599159915992
0.742022432730494,0.23729533309714,2.69134161549302e-06,4,0,0.978197819781978
0.742306581231661,0.234200093943107,3.06494582018373e-06,4,0,0.979197919791979
0.741591700715828,0.2430281868878,3.47902867574752e-06,4,0,0.976497649764977
0.741305848342482,0.276918980497445,3.07986870389754e-06,4,0,0.972297229722972
0.741320308544685,0.267819157163962,3.10476911757276e-06,4,0,0.973297329732973
0.742517210216385,0.267457553759347,2.84521953736413e-06,4,0,0.976397639763976
0.741249635522898,0.245576726172922,4.13304829518565e-06,4,0,0.975297529752975
0.742866541068245,0.252987561003034,2.80506457547189e-06,4,0,0.978797879787979
0.743957470858559,0.251864445878453,2.71603474432695e-06,4,0,0.981698169816982
0.744032426129162,0.243485762328566,3.03262088210523e-06,4,0,0.982798279827983
0.743783412257382,0.252677357500788,3.41739684464969e-06,4,0,0.981198119811981
0.744322512667,0.237963611425296,2.71643261397838e-06,4,0,0.984098409840984
0.743559136729021,0.208706944264683,3.69826749055958e-06,4,0,0.984998499849985
0.739492553055726,0.292407968802074,3.05832231149465e-06,4,0,0.966096609660966
0.741055224938107,0.280766997008103,2.91626163557138e-06,4,0,0.971297129712971
0.742997748380453,0.274770640718194,3.41715657285868e-06,4,0,0.976897689768977
0.744127120104204,0.219419059582051,3.80885347115869e-06,4,0,0.985398539853985
0.742415684654138,0.251503244908681,2.86323835473241e-06,4,0,0.977797779777978
0.7423384420481,0.247606677387396,3.25289253581715e-06,4,0,0.977997799779978
0.742365543147133,0.245007943343557,3.47380161451749e-06,4,0,0.978297829782978
0.742466852908301,0.237430594671064,4.51163677037725e-06,4,0,0.979297929792979
0.746072890541636,0.24634441746753,2.7189396335464e-06,4,0,0.987798779877988
0.743435161603349,0.241547083011924,3.37156848798479e-06,4,0,0.981398139813981
0.743100050803508,0.265765510779696,2.90353955319109e-06,4,0,0.978097809780978
0.744857055569984,0.222852200101146,3.06193334717835e-06,4,0,0.986998699869987
0.74113675074091,0.261540905200329,2.54168012040208e-06,4,0,0.973397339733973
0.74456127252486,0.234319900638364,3.50768883794348e-06,4,0,0.985098509850985
0.7447531897096,0.2459764529236,3.26123744208356e-06,4,0,0.984398439843984
0.742040597861763,0.241947102608391,3.67075931695655e-06,4,0,0.977797779777978
0.743025410731332,0.241735142024219,3.96094230918331e-06,4,0,0.98029802980298
0.743667022828371,0.22797250820023,3.2385210122489e-06,4,0,0.983398339833983
0.745090336912172,0.226473361550523,3.36630971702761e-06,4,0,0.987198719871987
0.746198093593867,0.227428861030231,2.54627016607593e-06,4,0,0.98999899989999
0.744276365036471,0.236752009932544,3.10006546983443e-06,4,0,0.984098409840984
0.742934603261201,0.244762607553105,2.85070735441402e-06,4,0,0.97979797979798
0.742117266714096,0.241826321076946,3.9995375113873e-06,4,0,0.977997799779978
0.743380189670867,0.248595395824529,2.77734369502539e-06,4,0,0.980598059805981
0.744598494974943,0.233351286293289,3.10573736575701e-06,4,0,0.985298529852985
0.74418593169641,0.234872264572366,3.03567325014424e-06,4,0,0.983998399839984
0.74472064678817,0.234078407213856,3.01224601621261e-06,4,0,0.985498549854986
0.74460013588451,0.24681217625467,2.78666193832523e-06,4,0,0.983898389838984
0.74386445906112,0.243288697656168,3.37089614960513e-06,4,0,0.982298229822982
0.743512293678774,0.252613920427312,3.24625713436327e-06,4,0,0.98049804980498
0.743809940002682,0.24212861224266,3.37641701813646e-06,4,0,0.982298229822982
0.742520772243183,0.245765408735042,3.7150947941731e-06,4,0,0.978597859785979
0.742955158485951,0.251332628727126,2.84222145695429e-06,4,0,0.979197919791979
0.742722341624487,0.264907903544047,2.88928106427889e-06,4,0,0.977197719771977
0.742378436763477,0.245180290108084,3.07285417250499e-06,4,0,0.978297829782978
0.743085388412635,0.262550013099053,2.68174736303627e-06,4,0,0.978397839783978
0.741766466639545,0.232379935076789,4.21425649783312e-06,4,0,0.977997799779978
0.742671450167553,0.248562676859831,3.04502007133883e-06,4,0,0.978697869786979
0.74297639992504,0.22828595218117,4.30381003758522e-06,4,0,0.981598159815982
0.741883481349407,0.228057210860499,5.12991050973817e-06,4,0,0.978797879787979
0.744416691949007,0.219905301970471,2.98434962988881e-06,4,0,0.986098609860986
0.743082990357365,0.241740335712985,2.64153195316691e-06,4,0,0.98049804980498
0.742963289503301,0.237193436775641,2.92422924064067e-06,4,0,0.980598059805981
0.740761766897334,0.264612582559189,2.76663731493345e-06,4,0,0.972197219721972
0.743158090867886,0.236300922971783,3.27869186605657e-06,4,0,0.981198119811981
0.743728827962132,0.234156828697043,3.58004656961563e-06,4,0,0.982898289828983
0.744900718095867,0.22164064861985,3.20284753589984e-06,4,0,0.987198719871987
0.742712213334647,0.244019595888793,3.27904876835389e-06,4,0,0.979297929792979
0.743051201918897,0.235126435160599,2.71877692889159e-06,4,0,0.981098109810981
0.742710866778327,0.231197984924259,3.52092022169529e-06,4,0,0.980598059805981
0.759055344093949,0.25215848773826,2.03601191938252e-06,4,0,1
0.739200188609181,0.484265931842694,2.06063829793278e-06,4,0,0.945894589458946
0.746970694881857,0.38556501891514,2.67486000120637e-06,4,0,0.975997599759976
0.734483936062912,0.428177211228343,3.23324055681091e-06,4,0,0.939393939393939
0.728381137348546,0.497800324353045,3.74706944021695e-06,4,0,0.916491649164917
0.72561452507978,0.517363347073102,3.66995436899995e-06,4,0,0.907390739073907
0.732701018403147,0.44641521588326,2.49481263514273e-06,4,0,0.932893289328933
0.722875303615374,0.493048574414268,2.74310615402324e-06,4,0,0.902690269026903
0.742483802507781,0.362213517773098,2.51319120619696e-06,4,0,0.966796679667967
0.74173884914163,0.334096246012714,2.70250265611096e-06,4,0,0.967696769676968
0.744480134316232,0.378636284825958,2.98729770123274e-06,4,0,0.97029702970297
0.747313812076443,0.385529821171051,2.81498602714235e-06,4,0,0.976897689768977
0.744309537741284,0.387094992305656,2.94223166459534e-06,4,0,0.968996899689969
0.737114003644419,0.369079396075628,3.43424142731203e-06,4,0,0.952195219521952
0.739594980913103,0.403726045073587,3.16034590405405e-06,4,0,0.955095509550955
0.740467613747849,0.354782977181678,2.89133511353862e-06,4,0,0.962296229622962
0.736430312592074,0.429906316923524,2.88309308496194e-06,4,0,0.944194419441944
0.739529857013601,0.430924397641804,3.04983345803679e-06,4,0,0.952195219521952
0.733304368358424,0.443088076044218,3.1723879455386e-06,4,0,0.934793479347935
0.726667266763253,0.474379442426025,3.27580594751552e-06,4,0,0.914491449144915
0.722522206893173,0.537759285920243,3.35512584496895e-06,4,0,0.897289728972897
0.723865561614266,0.473360851710678,2.82034221574233e-06,4,0,0.907290729072907
0.729322080824951,0.406559849739121,2.7551543601661e-06,4,0,0.928192819281928
0.731706196924103,0.405302283780903,2.80834298408764e-06,4,0,0.934493449344935
0.742915826368429,0.362055527032378,2.5265456979286e-06,4,0,0.967896789678968
0.753808628032204,0.243773648255363,1.90355166487245e-06,4,0,1
0.753018356373214,0.258526664045062,2.02770410442897e-06,4,0,1
0.736607684523501,0.407177633922219,3.13997332042699e-06,4,0,0.946994699469947
0.748830343231983,0.392699960255989,2.91256955706833e-06,4,0,0.98009800980098
0.719147250583322,0.555726127990335,3.76653803782943e-06,4,0,0.886688668866887
0.715290654144139,0.578953485990299,3.27397267588287e-06,4,0,0.874387438743874
0.744939526478654,0.298573719674185,2.68882641698434e-06,4,0,0.97959795979598
0.741774396558829,0.342819477507107,2.61252236987049e-06,4,0,0.966896689668967
0.735246834777192,0.407009913151027,2.31836770245019e-06,4,0,0.943494349434943
0.734500979492579,0.411909576130731,2.44682580014842e-06,4,0,0.941094109410941
0.729609935516035,0.504286853070234,2.88511187781288e-06,4,0,0.919091909190919
0.729848281625707,0.513454055300334,2.8341205000847e-06,4,0,0.918791879187919
0.730223890673376,0.503256605938664,2.78896685382544e-06,4,0,0.920792079207921
0.730702121418112,0.487199848908707,2.73988034839172e-06,4,0,0.923592359235924
0.731374288817778,0.504218097295763,2.78898515279671e-06,4,0,0.923592359235924
0.729914630727054,0.505051381598411,2.80192238891486e-06,4,0,0.91979197919792
0.730781826389502,0.505412740419268,2.80461881876174e-06,4,0,0.921992199219922
0.735984413904755,0.382583136683379,2.38879999257655e-06,4,0,0.947894789478948
0.735328268974675,0.392346629632364,2.43611252396513e-06,4,0,0.945194519451945
0.741975599798629,0.334294981047563,2.14200671464513e-06,4,0,0.968296829682968
0.74541107776177,0.227652941518499,2.33598138533437e-06,4,0,0.987898789878988
0.746966121420701,0.211187427192906,2.39403384697195e-06,4,0,0.993599359935994
0.744876215181324,0.225522694087347,2.48658155705119e-06,4,0,0.986798679867987
0.741659749235785,0.252852691301762,2.55798321735812e-06,4,0,0.975697569756976
0.74105190147503,0.270671887141734,2.73365933786319e-06,4,0,0.972297229722972
0.720961667709663,0.527358407712675,2.01796098428235e-06,4,0,0.894289428942894
0.727717190137938,0.575512357060072,2.38967661555652e-06,4,0,0.906990699069907
0.729528262635161,0.570158262727462,2.56961307259616e-06,4,0,0.912191219121912
0.732888281292124,0.542816615736829,2.65254961276877e-06,4,0,0.923692369236924
0.719771888152843,0.55271718337229,2.29805663254726e-06,4,0,0.888688868886889
0.763787651833222,0.196261240702324,2.70918891428056e-06,4,0,1
0.76411496065809,0.138805260279599,2.14325319094221e-06,4,0,1
0.699720504891514,0.865468362374391,1.96825936928518e-06,4,0,0.805080508050805
0.707601739144376,0.787221114730748,2.31130962111736e-06,4,0,0.833483348334834
0.712954364727627,0.736948829692025,3.52275868663804e-06,4,0,0.852385238523852
0.695907751447727,0.89011526962472,2.47767851653015e-06,4,0,0.792779277927793
0.789845507857697,1.17809911077981,1.09394802029666e-07,4,0,1
0.709002531777287,0.748958390478897,2.98887871907045e-06,4,0,0.840984098409841
0.707861744979747,0.755536593705802,2.46222441235301e-06,4,0,0.837283728372837
0.708372532942845,0.747129106752384,2.43271834473259e-06,4,0,0.83948394839484
0.707850561436008,0.790243143833034,2.1354296124869e-06,4,0,0.833783378337834
0.755008680718612,0.430385402298662,1.78159894043456e-06,4,0,0.992399239923992
0.748801598865034,0.513206924033639,7.23876606767052e-07,4,0,0.967896789678968
0.746904279205531,0.565847603815294,7.51838347576703e-07,4,0,0.957695769576958
0.727210680304584,0.554061515049744,2.16659514386413e-06,4,0,0.907790779077908
0.706786859361533,0.779886609929344,2.95840207847109e-06,4,0,0.832083208320832
0.752963580041765,0.374574846356352,2.49821425060252e-06,4,0,0.992699269926993
0.756136744996737,0.268924271772934,1.6560055297581e-06,4,0,1
0.75539348931516,0.271855676554112,2.07201595316125e-06,4,0,1
0.753060198026951,0.36366318665501,1.87796033035721e-06,4,0,0.993999399939994
0.753480405006878,0.361698662785138,2.03832014916504e-06,4,0,0.995299529952995
0.754411170978311,0.332669334206446,2.22372731845483e-06,4,0,1
0.752451255104409,0.335141322184087,2.21827796681527e-06,4,0,0.995299529952995
0.756412051062291,0.300335873678114,2.54032994475712e-06,4,0,1
0.751604454535098,0.381273425711259,1.96664739846228e-06,4,0,0.988498849884988
0.75866185479347,0.296624468347594,2.41652878464322e-06,4,0,1
0.754240452716224,0.316584284186376,2.10894990004687e-06,4,0,1
0.757790988307111,0.265071838772187,2.01127436985531e-06,4,0,1
0.755130555025828,0.307288785185897,2.07940835755378e-06,4,0,1
0.755619243755363,0.30086711859353,2.39071069549832e-06,4,0,1
0.755688648414825,0.298359588851611,2.32208833331844e-06,4,0,1
0.753693954173612,0.350134056704818,2.23779859801504e-06,4,0,0.997099709970997
0.755344095873522,0.321416078472282,2.36144147128787e-06,4,0,1
0.755363897741699,0.326308625138646,2.1910736491477e-06,4,0,1
0.756497214742705,0.287677251269776,2.20822253353417e-06,4,0,1
0.757156397488341,0.276278356678023,2.33146263953339e-06,4,0,1
0.754406736404276,0.341517731917895,1.86750818209279e-06,4,0,0.999799979998
0.753659508757792,0.317399264040271,2.09335179553089e-06,4,0,1
0.752458002151296,0.338753450366916,2.0365191908084e-06,4,0,0.994999499949995
0.753811299532275,0.33279227294481,2.22940326340473e-06,4,0,0.999099909990999
0.758347906480026,0.292043425784086,2.50328894136247e-06,4,0,1
0.757784161487143,0.29381491443806,2.36247436057087e-06,4,0,1
0.757776473811776,0.318488174530319,2.64240682519911e-06,4,0,1
0.752887851910276,0.319420012206016,2.28616351887653e-06,4,0,0.998099809980998
0.753319309948542,0.294122347183039,2.65327483825498e-06,4,0,1
0.75225133691287,0.315987135028227,2.22662987392025e-06,4,0,0.996799679967997
0.751713308646651,0.313172838359596,2.25191655878219e-06,4,0,0.995599559955996
0.752669446298254,0.297208970441984,2.23838149038374e-06,4,0,0.999699969997
0.751227837470292,0.304232995691524,2.27151846001983e-06,4,0,0.995299529952995
0.752814157134741,0.295289978229277,2.30408000397213e-06,4,0,1
0.753661374598224,0.276755637435817,2.23716781466348e-06,4,0,1
0.755866552090258,0.328415386805103,2.46125037144779e-06,4,0,1
0.753964920462422,0.332674349587077,2.66892086280622e-06,4,0,0.999499949994999
0.750729562485189,0.364178142258677,2.19351671812951e-06,4,0,0.987998799879988
0.750175461003949,0.361985128011141,2.31697434667508e-06,4,0,0.986698669866987
0.752173709896288,0.347428337944851,2.49042459877414e-06,4,0,0.993399339933993
0.750708859181482,0.354800976754213,2.38669580384577e-06,4,0,0.988798879887989
0.749905326903284,0.368573293099833,2.54078585883057e-06,4,0,0.985398539853985
0.736300105087398,0.502980245958213,3.14585580811888e-06,4,0,0.936493649364937
0.716734187703751,0.641525772366449,1.89163128391803e-06,4,0,0.871787178717872
0.73758807983837,0.415940382053666,4.81947053595933e-06,4,0,0.948694869486949
0.732570237970273,0.47392113520867,4.42569244346959e-06,4,0,0.92979297929793
0.731388891128418,0.483905039862929,2.3798269658303e-06,4,0,0.925692569256926
0.735301274308121,0.430977613148584,4.55512137019601e-06,4,0,0.941194119411941
0.736310656440271,0.42855380553138,4.20269220602811e-06,4,0,0.944094409440944
0.737336009033759,0.42516512470215,4.91923714258501e-06,4,0,0.947094709470947
0.706511822790042,0.781216519278925,1.88185926001576e-06,4,0,0.831183118311831
0.679148583270226,1.27007387980528,3.32082082016478e-06,4,0,0.710971097109711
0.691415267920258,0.953492359736419,2.27663695985407e-06,4,0,0.774677467746775
0.683090934910828,1.15799018457095,3.35829190513031e-06,4,0,0.732473247324733
0.745203242377093,0.200387327040994,3.9770147045759e-06,4,0,0.99009900990099
0.72688963463841,0.529302606974035,2.05210636189428e-06,4,0,0.909490949094909
0.687809585930253,1.02562145315269,2.10638568915766e-06,4,0,0.758075807580758
0.750921621179165,0.18800865731076,3.02582093030534e-06,4,0,1
0.74976421566027,0.177088267712933,2.57045726618929e-06,4,0,1
0.708861656495164,0.737585004299642,1.78836565537403e-06,4,0,0.841684168416842
0.740501772153664,0.376633034030471,5.00907582962895e-06,4,0,0.96019601960196
0.723454054954946,0.662551493784343,1.76055913265219e-06,4,0,0.887088708870887
0.742116364647752,0.365342424670022,4.95764013218979e-06,4,0,0.965496549654965
0.737139359813242,0.416608215330141,2.89458013250667e-06,4,0,0.947394739473947
0.724750715101181,0.551589249013943,2.16436218080855e-06,4,0,0.901690169016902
0.70894180378061,0.785343395286231,1.76415709898473e-06,4,0,0.837083708370837
0.703522756375691,0.835110262454255,2.97908969253857e-06,4,0,0.818081808180818
0.704376683721364,0.819598148224928,2.71123000261012e-06,4,0,0.821782178217822
0.70502297312541,0.804113494307436,2.52087563364177e-06,4,0,0.825082508250825
0.705330928855642,0.811051895125715,2.37483375053998e-06,4,0,0.825182518251825
0.706258806154815,0.805826275517991,2.23010314802419e-06,4,0,0.828082808280828
0.705987797560691,0.788837515417217,2.6807159828223e-06,4,0,0.829082908290829
0.696861779544506,0.843630905892144,2.57518982041987e-06,4,0,0.7998799879988
0.706217412543214,0.823230088956321,2.61679713301253e-06,4,0,0.826182618261826
0.742668724072203,0.372248328614795,3.97654997303961e-06,4,0,0.966196619661966
0.752834324003601,0.235733147564575,1.72339938636116e-06,4,0,1
0.746907775917738,0.272754767123685,2.37050820017294e-06,4,0,0.987298729872987
0.75147993848973,0.172677395554924,3.47470299477895e-06,4,0,1
0.705754491757131,0.826940188325766,2.66157869015393e-06,4,0,0.824682468246825
0.7403975861444,0.42849458758379,2.27795145486566e-06,4,0,0.954695469546955
0.707170509231008,0.807151515663156,2.28477362928991e-06,4,0,0.83028302830283
0.706097786725654,0.836576461193479,2.19600413875777e-06,4,0,0.824582458245825
0.704727914748933,0.851272316984446,2.34319091718196e-06,4,0,0.819481948194819
0.708807055372476,0.797179697340355,2.0830821113909e-06,4,0,0.835583558355836
0.710796820605986,0.783409976723353,1.98486127180312e-06,4,0,0.842084208420842
0.715603183450492,0.720139712300987,1.77548482906323e-06,4,0,0.860986098609861
0.700957425662602,0.845717732546804,1.90294744755343e-06,4,0,0.81028102810281
0.713556736226552,0.749434416620133,1.88967421289091e-06,4,0,0.852685268526853
0.712337641946623,0.789387131150457,1.80936774455736e-06,4,0,0.845484548454845
0.720949088917611,0.676276301166827,1.70629773886462e-06,4,0,0.879287928792879
0.710051555564061,0.799767640782618,1.97853706635413e-06,4,0,0.838483848384838
0.718725021416099,0.726857839130217,1.86143733909526e-06,4,0,0.868386838683868
0.724072293954288,0.654795638031585,2.01735640809825e-06,4,0,0.889488948894889
0.755285679034075,0.345790858812081,2.06014853970638e-06,4,0,1
0.768900626929581,0.306434276277114,2.41034158276858e-06,4,0,1
0.767244635533217,0.317324977580152,2.80221487310765e-06,4,0,1
0.770100640443024,0.282830220040219,2.79066353149172e-06,4,0,1
0.768913159125061,0.291812104654438,2.73983893992762e-06,4,0,1
0.771986066648857,0.249664102888924,1.81038454400407e-06,4,0,1
0.770808486296328,0.241152510770926,2.2194262453012e-06,4,0,1
0.770808660671636,0.254233531679139,2.48641401109987e-06,4,0,1
0.763393270685733,0.354587722436418,2.85171834311127e-06,4,0,1
0.757316721109008,0.400321328653367,2.52914728910231e-06,4,0,1
0.768464674760193,0.321612228582095,3.3502051680751e-06,4,0,1
0.766409009489727,0.327491422312529,3.32091926298606e-06,4,0,1
0.763086341088481,0.347936783433342,2.19738392833547e-06,4,0,1
0.762889107948832,0.324388514751804,2.34310562553103e-06,4,0,1
0.758900448252676,0.386449506025276,2.32908957857997e-06,4,0,1
0.75967403105623,0.389535436904918,2.09324406204236e-06,4,0,1
0.768755002575379,0.298296232345189,3.09823586569532e-06,4,0,1
0.763455832886857,0.36635606398127,3.15053075729255e-06,4,0,1
0.767004996470497,0.317396267086417,3.42081397735059e-06,4,0,1
0.765529868814978,0.310836940539219,3.21818926532568e-06,4,0,1
0.772088437972196,0.264864940696474,2.649309280494e-06,4,0,1
0.76913990217605,0.30334153021485,2.97717493027726e-06,4,0,1
0.768344727437319,0.286362277410751,2.98473411603455e-06,4,0,1
0.764195657542355,0.327490832649092,3.53210095785441e-06,4,0,1
0.766034925291327,0.316108943356636,2.97587767211512e-06,4,0,1
0.766878779812352,0.294235212799007,2.70985526982574e-06,4,0,1
0.768221339110445,0.283601668629785,2.44559380720139e-06,4,0,1
0.768390120815718,0.289850584521248,2.54846464112001e-06,4,0,1
0.772266653865538,0.219353333958583,2.25661825220519e-06,4,0,1
0.773500456690153,0.234007697572165,2.29604655572775e-06,4,0,1
0.765234877098777,0.322633445407166,3.62259561329904e-06,4,0,1
0.769611501000237,0.287676759195347,2.99455363012858e-06,4,0,1
0.770037242705683,0.281387235911908,2.87511068781398e-06,4,0,1
0.7405020271319,0.403563803043193,2.96784181186697e-06,4,0,0.957495749574958
0.742386201146331,0.354196916791161,2.73895542857995e-06,4,0,0.967296729672967
0.745718208111983,0.359360817659519,2.09383882270407e-06,4,0,0.975397539753975
0.742930450897091,0.326106361394834,2.27969820044976e-06,4,0,0.971597159715972
0.748522773007469,0.357695509656228,1.56542395927648e-06,4,0,0.982898289828983
0.738687032294004,0.373305254305284,2.31939450172923e-06,4,0,0.955795579557956
0.770093976249369,0.358562114982486,9.73966302871304e-07,4,0,1
0.743331463039096,0.34868014263955,1.59538620732219e-06,4,0,0.97029702970297
0.747704009030052,0.295023194257036,3.18150243385589e-06,4,0,0.987098709870987
0.750466543212815,0.413538033027837,2.0648238270135e-06,4,0,0.982298229822982
0.748172838063708,0.447825702426509,1.12565170630297e-06,4,0,0.972897289728973
0.682589027643666,1.13052037118204,1.32380585187124e-06,4,0,0.733973397339734
0.680962796962232,1.16283313475972,1.77052505595332e-06,4,0,0.726472647264726
0.682124274342815,1.14570699509004,2.36170580494787e-06,4,0,0.731173117311731
0.680780813981761,1.1401316701199,2.55550763050695e-06,4,0,0.728272827282728
0.680955924090001,1.16349027593711,2.52756322438702e-06,4,0,0.726372637263726
0.681806450627382,1.15709018633473,1.76273389613777e-06,4,0,0.729272927292729
0.680662577549724,1.15893479727584,2.64380565112666e-06,4,0,0.726072607260726
0.680808851770435,1.17971114267904,2.26475829072413e-06,4,0,0.724372437243724
0.724634568578648,0.584461597216124,2.51961035589265e-06,4,0,0.898089808980898
0.681369405336762,1.17473763495688,1.69164699106698e-06,4,0,0.726372637263726
0.68975025543441,0.988395358112913,1.39404697853467e-06,4,0,0.766876687668767
0.699370244442238,0.934676812584267,1.44089926272413e-06,4,0,0.797179717971797
0.680024041618064,1.22475821100769,1.77071908841155e-06,4,0,0.717771777177718
0.710593610052836,0.780661354548087,1.28563277500603e-06,4,0,0.841884188418842
0.696062535738246,0.954490268535901,1.50013277808665e-06,4,0,0.786678667866787
0.699109795041381,0.930001589370208,1.44766688527e-06,4,0,0.796979697969797
0.751092786357657,0.337737392964747,1.64737559194154e-06,4,0,0.991599159915992
0.752485340334018,0.324645563333164,2.19177982871882e-06,4,0,0.996499649964997
0.755449788811279,0.408095776997261,1.58412356963498e-06,4,0,0.995799579957996
0.775007061231342,0.177136414850438,2.23871831332987e-06,4,0,1
0.709403633182981,0.778636204906115,3.05577331703166e-06,4,0,0.838983898389839
0.718611975446234,0.514326118909461,2.63528685450252e-06,4,0,0.889488948894889
0.744991943889149,0.233587963337079,1.89837187572416e-06,4,0,0.986298629862986
0.75037084542229,0.273749845383703,2.56500288744931e-06,4,0,0.996099609960996
0.733793374422354,0.526918964756017,3.73298210244654e-06,4,0,0.927592759275928
0.719680704297123,0.615264190977395,2.87025637985627e-06,4,0,0.882088208820882
0.727053782798263,0.588469344697686,2.58157588282604e-06,4,0,0.903890389038904
0.726349461215232,0.592293294859564,2.6885202109881e-06,4,0,0.901690169016902
0.72909519482865,0.578815162934868,2.54760143939832e-06,4,0,0.91019101910191
0.729538493974706,0.579896421994167,2.48409719359739e-06,4,0,0.911191119111911
0.722525493938945,0.621454555322787,3.04306175110677e-06,4,0,0.888888888888889
0.724148095497402,0.612647431882407,2.74969259849488e-06,4,0,0.893989398939894
0.72016792024716,0.634388504583166,2.92789984272341e-06,4,0,0.881488148814881
0.72604221982236,0.592381733100636,2.60178814053208e-06,4,0,0.900890089008901
0.730212755062913,0.576824582886845,2.21349625834707e-06,4,0,0.913291329132913
0.719867574791294,0.630976319212373,3.24185030417913e-06,4,0,0.880988098809881
0.720010912300607,0.619364587245384,3.15109213254226e-06,4,0,0.882588258825883
0.719667272804242,0.619729608659169,3.08885703223125e-06,4,0,0.881588158815882
0.720002108426278,0.618701827663856,3.07936152692509e-06,4,0,0.882588258825883
0.71897024578177,0.614966900575465,3.07875797830465e-06,4,0,0.88028802880288
0.719364934218519,0.612328453398111,3.02434574628762e-06,4,0,0.881588158815882
0.708708038478469,0.795298622236744,4.05419206986582e-06,4,0,0.835483548354836
0.707984922555312,0.796547825108449,3.6113347564576e-06,4,0,0.833483348334834
0.708095887490645,0.794405944110736,3.62909650616736e-06,4,0,0.833983398339834
0.708069973520556,0.795292468751472,3.66668859877895e-06,4,0,0.833883388338834
0.708046863182638,0.791215817538854,3.65003269796794e-06,4,0,0.834183418341834
0.707577404615538,0.797524721889042,3.61141265423408e-06,4,0,0.832383238323832
0.706949534911511,0.797452432635321,3.72268071254761e-06,4,0,0.830683068306831
0.707927902855157,0.799056726006201,3.684764429276e-06,4,0,0.833083308330833
0.704319567792973,0.863913046363645,3.63312245014707e-06,4,0,0.817181718171817
0.70441894230085,0.847254701464649,4.08855850987697e-06,4,0,0.819181918191819
0.704274158424371,0.844815589403416,4.27440702735541e-06,4,0,0.818981898189819
0.704203520509818,0.847999119574352,4.30953576077239e-06,4,0,0.818481848184819
0.706126713463608,0.847569498494814,3.59227686363237e-06,4,0,0.823482348234823
0.703985468070324,0.854576033545264,4.60984341707179e-06,4,0,0.817281728172817
0.703274989849525,0.858942319128773,4.64575983121077e-06,4,0,0.814981498149815
0.706662274581688,0.82203971036435,3.67777188965064e-06,4,0,0.827482748274827
0.745255961958939,0.23489679640247,3.46576931639927e-06,4,0,0.986798679867987
0.745541988109091,0.238124325655569,2.79187453719916e-06,4,0,0.987198719871987
0.745467545213632,0.228280471332843,2.67290392947994e-06,4,0,0.987998799879988
0.755015710788787,0.352354895378963,2.83282652033327e-06,4,0,1
0.765437323718157,0.238573949408348,2.69049362246431e-06,4,0,1
0.761112749753529,0.249379416654821,3.28459647012235e-06,4,0,1
0.759111794255667,0.244433788858086,2.54015629583841e-06,4,0,1
0.756389866100675,0.285388221012068,2.76529910369765e-06,4,0,1
0.757264671605037,0.291029591620481,2.5612273029484e-06,4,0,1
0.756934711543735,0.277272653515607,2.33382741924787e-06,4,0,1
0.759138149192739,0.269785155550216,2.33677029375392e-06,4,0,1
0.757038494175907,0.285631643105823,2.66322347086587e-06,4,0,1
0.756505570975695,0.281123824794944,2.62643981717356e-06,4,0,1
0.757845980354278,0.257217270372161,2.37493166603717e-06,4,0,1
0.759471320674892,0.252500549452548,2.21959570855048e-06,4,0,1
0.757828730556187,0.249296244086223,2.53102509238084e-06,4,0,1
0.759271000845426,0.244595449636431,2.437802651444e-06,4,0,1
0.757699449393589,0.267000796991353,2.34105705038572e-06,4,0,1
0.756783068168964,0.275958706056309,2.37210172416359e-06,4,0,1
0.756167211677282,0.280651774237041,2.62161462733994e-06,4,0,1
0.756873695725079,0.281447022691199,2.57927186465165e-06,4,0,1
0.757202342054827,0.271670071660949,2.4630535455386e-06,4,0,1
0.757799308410494,0.275248733229119,2.53699673192126e-06,4,0,1
0.756889590739999,0.275826410863567,2.57796530885705e-06,4,0,1
0.756720092614327,0.282812907640432,2.57361302869101e-06,4,0,1
0.754263677283891,0.309802602913727,2.67452234171876e-06,4,0,1
0.766295358062679,0.194196820583374,2.66916981097819e-06,4,0,1
0.765086158380404,0.182232690222684,2.60944907484469e-06,4,0,1
0.766116083240793,0.195848190388752,2.80808468660359e-06,4,0,1
0.750889448654486,0.315524914668687,1.36165784936701e-06,4,0,0.993299329932993
0.742121332566545,0.267408307861533,3.8850758617295e-06,4,0,0.975397539753975
0.742290467436013,0.269211109575647,4.14050611436092e-06,4,0,0.975697569756976
0.761306777831065,0.135704822726976,2.35915286108856e-06,4,0,1
0.741647029645323,0.322294602324904,3.32821599625991e-06,4,0,0.968596859685969
0.700060764782508,0.929494433003072,3.83432427246635e-06,4,0,0.7995799579958
0.696561866716574,1.00214743060854,4.60488525935669e-06,4,0,0.783178317831783
0.705819878260449,0.773581851635376,1.55390875869751e-06,4,0,0.83018301830183
0.697373060773161,0.964003794850247,2.09330262820133e-06,4,0,0.789078907890789
0.697713481455742,0.954042606512814,2.99479239965821e-06,4,0,0.790979097909791
0.69787886846064,0.947827547675723,3.49981274862644e-06,4,0,0.791979197919792
0.701285439099996,0.893631781506445,3.43482160698888e-06,4,0,0.806280628062806
0.697723203019881,0.993167553001807,5.62621596193643e-06,4,0,0.787078707870787
0.700384824735385,0.969792472922837,3.44110571179277e-06,4,0,0.796279627962796
0.702365584071499,0.922232474334775,3.67053153055014e-06,4,0,0.806280628062806
0.696765978498202,0.995456710719783,5.21128495920321e-06,4,0,0.784378437843784
0.698653614257914,0.964221247793896,4.52932661776368e-06,4,0,0.792379237923792
0.734702297557915,0.338457689758854,1.25355293158566e-06,4,0,0.948994899489949
0.743665081886313,0.243980786101749,2.9691992585098e-06,4,0,0.981798179817982
0.756111928644367,0.369205071628215,1.60381363187604e-06,4,0,1
0.755258785194416,0.349865535589042,1.88155519738943e-06,4,0,1
0.757644104855857,0.356705391905967,1.24544084705103e-06,4,0,1
0.757723960593039,0.37300571229717,1.82579056955589e-06,4,0,1
0.76009172818318,0.434676085332563,7.12386279374752e-07,4,0,1
0.756784788745866,0.345558324178771,1.36372103614123e-06,4,0,1
0.749173030283161,0.451215589033244,1.40209823269897e-06,4,0,0.975097509750975
0.74965061693021,0.216037262163385,3.17041920824034e-06,4,0,1
0.751543625700293,0.361871539664089,1.48132548215262e-06,4,0,0.99029902990299
0.752496028288531,0.375061237524842,9.06652031793838e-07,4,0,0.991399139913991
0.701062394258675,0.920134221664895,3.33384178783884e-06,4,0,0.803080308030803
0.69765170718055,0.983527221349513,5.13519629091745e-06,4,0,0.787878787878788
0.700205296830137,0.923715786183272,2.47893675708288e-06,4,0,0.8004800480048
0.715605766133101,0.627656104745387,1.95407327635119e-06,4,0,0.87028702870287
0.721703675588063,0.616512058917362,2.50576359749081e-06,4,0,0.887188718871887
0.743125742635315,0.454801997945458,2.93744579567937e-06,4,0,0.959095909590959
0.744178792243751,0.380518901389454,3.56974567652372e-06,4,0,0.969296929692969
0.738962858903065,0.41579358372568,2.31725526335075e-06,4,0,0.952195219521952
0.74694705379407,0.417545825022963,3.17755338184611e-06,4,0,0.972797279727973
0.752458061362878,0.334952368743769,2.81083439638121e-06,4,0,0.995399539953995
0.752488075692682,0.330031575410776,2.97082036890477e-06,4,0,0.995999599959996
0.751482578852239,0.358150721776077,2.78503638576025e-06,4,0,0.99049904990499
0.74077914735335,0.383561333448793,3.14417576450591e-06,4,0,0.96019601960196
0.733779395584731,0.578397618354157,1.42907560998611e-06,4,0,0.922392239223922
0.72712652638063,0.665790206478441,2.11622217167042e-06,4,0,0.896289628962896
0.730896787267143,0.615526241540699,2.21204901917047e-06,4,0,0.911191119111911
0.727877629429216,0.690809627189539,1.81314432992925e-06,4,0,0.895789578957896
0.728081995071688,0.649430441911364,2.17817871094821e-06,4,0,0.9004900490049
0.733696745717148,0.608823511572639,1.77589444947295e-06,4,0,0.919091909190919
0.747116003214608,0.442568572362927,2.10278076001574e-06,4,0,0.970697069706971
0.746470369253781,0.435047842977997,2.35375657916989e-06,4,0,0.96979697969797
0.702666438570813,0.894860597690721,4.60289782855998e-06,4,0,0.80978097809781
0.702039111947664,0.850144054560986,2.81100653406246e-06,4,0,0.812681268126813
0.701362609794234,0.941032077440398,4.34941536652125e-06,4,0,0.801780178017802
0.744000919596213,0.337263318299343,5.12190208956348e-06,4,0,0.973197319731973
0.712255545518072,0.684141842263559,4.75252345159294e-06,4,0,0.855885588558856
0.698133257550018,0.970740172936713,4.45389378803578e-06,4,0,0.79037903790379
0.70104073068318,0.794173025591527,1.80254557005886e-06,4,0,0.815681568156816
0.697434429557332,0.970831014914949,2.32264010513226e-06,4,0,0.788578857885789
0.694548723243808,0.976917908775527,3.30914915968516e-06,4,0,0.78047804780478
0.696695852064772,0.95689224081725,2.93754072079587e-06,4,0,0.788078807880788
0.698624504984521,0.915663749630998,1.88922259946776e-06,4,0,0.797179717971797
0.6949630013236,0.977139299176686,3.23336685133548e-06,4,0,0.781478147814782
0.762702805253387,0.356305277823399,1.11706546639953e-06,4,0,1
0.755633408958092,0.382913677259519,1.95938880057667e-06,4,0,0.998799879987999
0.708349442805809,0.714235749323686,1.99830483363181e-06,4,0,0.842784278427843
0.731232623919198,0.580315645536594,1.59342545144794e-06,4,0,0.915591559155916
0.763941424874567,0.322742649674089,1.67357077298468e-06,4,0,1
0.752716331316932,0.359816729158469,2.46458244008404e-06,4,0,0.993499349934993
0.761681538561072,0.301252311640876,2.15802191223691e-06,4,0,1
0.730636717305939,0.584179537191427,1.47907521974666e-06,4,0,0.913691369136914
0.727443021452203,0.620957726950199,2.47426929573956e-06,4,0,0.901690169016902
0.765718393766939,0.355068752964789,1.57303568566807e-06,4,0,1
0.756012978666411,0.427144616769011,2.15087908606597e-06,4,0,0.995299529952995
0.758490547246748,0.372550134590587,2.32189685387567e-06,4,0,1
0.75661111289644,0.358354411234404,2.34753284882173e-06,4,0,1
0.756816592390079,0.368740289765864,2.18629221542026e-06,4,0,1
0.760429931565965,0.326923620053982,2.20931658608168e-06,4,0,1
0.756946957203097,0.377364784194764,2.19156428773088e-06,4,0,1
0.760738947198535,0.376573846248097,2.16723661310766e-06,4,0,1
0.760338886944193,0.326402523980893,2.15490950231921e-06,4,0,1
0.76385019321878,0.327064249545144,2.18556681459966e-06,4,0,1
0.762696944798399,0.321333074971809,2.11683046783144e-06,4,0,1
0.765615326725811,0.317250410577413,2.01348813959611e-06,4,0,1
0.764830277921071,0.336625806535295,2.10764038264044e-06,4,0,1
0.766828487796858,0.340428611710816,2.00627453836434e-06,4,0,1
0.764071664699472,0.347550017369396,2.21229504882808e-06,4,0,1
0.781988448717041,0.963889177172584,1.67962191922888e-07,4,0,1
0.699117508273604,0.807016798372015,1.60377597900642e-06,4,0,0.80948094809481
0.744510154566491,0.542931534902208,1.92113359464715e-06,4,0,0.953795379537954
0.774736272572584,0.311637506141613,1.04095933551057e-06,4,0,1
0.771559550105002,0.158464700964477,3.15411848620803e-06,4,0,1
0.72636806214583,0.759171456060556,1.06952704697481e-06,4,0,0.884888488848885
0.72500386966402,0.766786843963599,1.16139837692911e-06,4,0,0.880588058805881
0.725821108826266,0.701666717009663,1.02854033281248e-06,4,0,0.889288928892889
0.727582259610766,0.733746748754305,1.22531359090947e-06,4,0,0.890689068906891
0.727116890691229,0.705098875532501,1.2613625620961e-06,4,0,0.892289228922892
0.727469236771743,0.755111092836426,1.12645684808468e-06,4,0,0.888188818881888
0.726792206279886,0.793601992733883,1.0535735548008e-06,4,0,0.882588258825883
0.723636155779011,0.810577285685394,1.20067955644252e-06,4,0,0.872687268726873
0.719019741098796,0.772142649908538,9.64089049291406e-07,4,0,0.864586458645865
0.719423872896103,0.760720183488421,9.72781613524321e-07,4,0,0.866786678667867
0.717312206292175,0.879161567469402,1.13943803693711e-06,4,0,0.849384938493849
0.718554365330438,0.837267185817943,1.0481179073072e-06,4,0,0.856785678567857
0.719690123630913,0.883373171440625,8.05894206240325e-07,4,0,0.855085508550855
0.719312490345564,0.888871738449096,9.20924259093517e-07,4,0,0.853585358535854
0.722515144229504,0.753960278506565,1.03507534443003e-06,4,0,0.875487548754875
0.720895670566488,0.852426753668574,1.14755987891882e-06,4,0,0.861286128612861
0.717553314861144,0.834779141565875,9.37506272603524e-07,4,0,0.854485448544855
0.718335574139169,0.899766802844919,8.68501000285536e-07,4,0,0.84988498849885
0.712182047153813,0.899092890657347,7.13701629826167e-07,4,0,0.833983398339834
0.712327869683998,0.895669525866079,8.02736442134221e-07,4,0,0.834783478347835
0.714632138350739,0.983048406466545,8.31879633915482e-07,4,0,0.831883188318832
0.710872310026483,1.01791388276318,8.55910463873374e-07,4,0,0.818681868186819
0.711577240388618,0.954171792308533,7.4045561939191e-07,4,0,0.826882688268827
0.783758743266555,0.190451222961835,1.98613359389106e-06,4,0,1
0.741528517871398,0.526598892583187,2.54904100693126e-06,4,0,0.947694769476948
0.748432898754495,0.421574210671756,1.76188602815982e-06,4,0,0.976197619761976
0.765023800653242,0.325685462450895,5.0936156816373e-06,4,0,1
0.689007773286019,1.17705622295377,3.0296228481047e-06,4,0,0.745874587458746
0.764625396215187,0.229281294606488,2.10347004742013e-06,1,0,1
0.756140716668651,0.216483490681564,3.08473619688468e-06,1,0,1
0.760628992748411,0.221333953519881,2.76684857246183e-06,1,0,1
0.73777249580027,0.361563801434866,3.56942461637401e-06,1,0,0.954595459545955
0.70006446204053,0.826963570631294,3.8642491824336e-06,1,0,0.80988098809881
0.69887859520989,0.895802152625944,3.81733021949262e-06,1,0,0.7998799879988
0.697431654462752,0.94401660949695,4.31431115668042e-06,1,0,0.791279127912791
0.699086414200286,0.666540119954271,1.74038915635534e-06,1,0,0.823582358235824
0.698568400656089,0.938891985724419,4.05861652006867e-06,1,0,0.794679467946795
0.69942621018423,0.896837326705791,3.49060831816735e-06,1,0,0.801180118011801
0.699589665280447,0.913972900754745,3.24315708912118e-06,1,0,0.7998799879988
0.702505712499436,0.461574930354923,4.8803338821916e-06,1,0,0.853085308530853
0.70051526451529,0.869334029622423,2.6661306241043e-06,1,0,0.806780678067807
0.705219630673101,0.586841413737544,1.95767322829881e-06,1,0,0.847484748474847
0.702616847866938,0.704256135929959,2.93110318779471e-06,1,0,0.828882888288829
0.698896730999361,0.914211933949603,5.42241017390505e-06,1,0,0.798079807980798
0.698577507750301,0.840107793380759,4.37504054987601e-06,1,0,0.804680468046805
0.708453196181398,0.593293104694345,2.46839296382285e-06,1,0,0.855185518551855
0.697022942134603,0.940192371861673,5.21872081441978e-06,1,0,0.790579057905791
0.700338200021764,0.545813841897685,2.02490510991523e-06,1,0,0.838983898389839
0.70712263145997,0.55013176737491,3.27396311731559e-06,1,0,0.856085608560856
0.710404072143292,0.589309447980786,4.52787431646912e-06,1,0,0.860686068606861
0.70239045135973,0.627463678514991,2.79745535119667e-06,1,0,0.836083608360836
0.719465058496806,0.561346081213142,4.79066707956007e-06,1,0,0.886988698869887
0.710678179583858,0.586854920827065,4.55104153752351e-06,1,0,0.861686168616862
0.709926864214488,0.655606037918808,4.50488580727193e-06,1,0,0.852785278527853
0.722419506938773,0.720583088329992,2.85499050071322e-06,1,0,0.878587858785879
0.700341880165744,0.730565358520517,3.35498010501478e-06,1,0,0.82038203820382
0.701675610683775,0.827967730513961,3.51598767195762e-06,1,0,0.813981398139814
0.704744959840103,0.632660293767297,3.03025636934003e-06,1,0,0.841584158415842
0.700481269430817,0.76044264648089,3.83012334535536e-06,1,0,0.817681768176818
0.702288886731814,0.774652542246812,5.11578449588606e-06,1,0,0.820982098209821
0.697466374518343,1.00892521429476,5.73667472181966e-06,1,0,0.784778477847785
0.700014541261359,0.910156915954227,3.83516162266299e-06,1,0,0.801380138013801
0.699063518536167,0.961383294024806,4.93954131059177e-06,1,0,0.793779377937794
0.698062734136302,1.00753668713767,5.92052231026153e-06,1,0,0.786478647864786
0.701030294793693,0.877595539773549,3.65904047648699e-06,1,0,0.807280728072807
0.698712011780398,0.930442275226854,4.35296274242592e-06,1,0,0.795979597959796
0.698430033041222,0.964397650831773,4.05179162330995e-06,1,0,0.791779177917792
0.696868334977314,1.01624043442144,5.27531315726002e-06,1,0,0.782478247824782
0.697176206061513,0.846104622464145,5.00369384994268e-06,1,0,0.8004800480048
0.698917531008869,0.658325944039864,2.27257392286255e-06,1,0,0.823882388238824
0.697476295676022,0.87376005702427,9.25620408464752e-06,1,0,0.798479847984798
0.698526649030889,0.875022716869351,3.7590587631243e-06,1,0,0.801080108010801
0.697059336159891,0.814049616215011,4.72811548210901e-06,1,0,0.803380338033803
0.730050314413035,0.448161255216706,1.8752821102152e-06,1,0,0.925892589258926
0.701479293770087,0.786612291022394,1.97453943159889e-06,1,0,0.817581758175818
0.698757957802249,0.84825028752405,3.92330355470849e-06,1,0,0.804380438043804
0.699028184440679,0.84704129821949,3.84165686148091e-06,1,0,0.805180518051805
0.699239630824116,0.844497623533951,3.02063194633229e-06,1,0,0.805980598059806
0.699306205128988,0.8425058932838,4.29335306155913e-06,1,0,0.806380638063806
0.698944158387835,0.838414202169223,4.26154119804109e-06,1,0,0.805780578057806
0.699679913702062,0.836255716198247,3.92772775610038e-06,1,0,0.807980798079808
0.699685628826001,0.835113520802487,4.00918655020449e-06,1,0,0.808080808080808
0.699653109866713,0.83969357786958,3.13156992788037e-06,1,0,0.807580758075808
0.698675466087702,0.855610714706253,3.27438027156687e-06,1,0,0.803380338033803
0.698210380396666,0.861438455550808,3.26049619801832e-06,1,0,0.801580158015802
0.699027384063534,0.852091432068383,3.2958786121653e-06,1,0,0.804680468046805
0.699874114659835,0.84427502622234,2.83627748215935e-06,1,0,0.807680768076808
0.700003933991038,0.838741515007582,2.94327053364775e-06,1,0,0.808580858085809
0.699831268804914,0.831283167713493,4.36253738740319e-06,1,0,0.808880888088809
0.698866470799451,0.833379273598108,4.66230423895331e-06,1,0,0.806180618061806
0.747971385032532,0.380476361312387,2.2867176503866e-06,1,0,0.979197919791979
0.705803123053553,0.783892938167642,2.81524103942843e-06,1,0,0.829082908290829
0.703095732137807,0.828536022474694,2.71093149550703e-06,1,0,0.817581758175818
0.701914757287968,0.787849815410291,3.42243186758696e-06,1,0,0.818681868186819
0.69987015201488,0.780778994998629,1.82784736575279e-06,1,0,0.814081408140814
0.702061959656271,0.748155476584253,2.5749102004667e-06,1,0,0.822982298229823
0.706098720473212,0.716601908780956,2.5085275154509e-06,1,0,0.836683668366837
0.700222013023747,0.782212432065954,3.09142282416529e-06,1,0,0.814781478147815
0.699326663675003,0.786395159843741,2.29568707498615e-06,1,0,0.812081208120812
0.698770010190165,0.820976362556908,3.92982490870705e-06,1,0,0.807180718071807
0.701349450312931,0.852179339890051,2.39451103862824e-06,1,0,0.810681068106811
0.696929643017246,0.953157265587551,4.14770661721511e-06,1,0,0.788978897889789
0.698698574089407,0.921312920909425,3.46370724938596e-06,1,0,0.796779677967797
0.72455332489499,0.59702718051583,1.64510681918122e-06,1,0,0.896589658965897
0.741606516446748,0.424388340625066,1.65133418184859e-06,1,0,0.958195819581958
0.724582158696165,0.595407059893185,2.14840798961801e-06,1,0,0.896789678967897
0.714707907517212,0.655603965345005,3.26174136425545e-06,1,0,0.865186518651865
0.723662900452101,0.592536115410751,2.35157553225325e-06,1,0,0.894689468946895
0.714767726668949,0.663757541798724,3.8598480685402e-06,1,0,0.864486448644864
0.739396570461215,0.406211408351626,1.88670963784603e-06,1,0,0.954295429542954
0.711830849825228,0.668994256681575,2.29708086636135e-06,1,0,0.856385638563856
0.723249919516571,0.586129029527658,2.05043207625079e-06,1,0,0.894289428942894
0.725740696456768,0.508309295190738,2.06390866549394e-06,1,0,0.908590859085909
0.715361304685871,0.608645508608926,3.02314355106203e-06,1,0,0.871587158715872
0.708244034753411,0.688128416661906,4.43171765612901e-06,1,0,0.845084508450845
0.749169762851736,0.273731726608078,1.60981841925291e-06,1,0,0.992999299929993
0.72309817896211,0.566143707168293,3.16904680618588e-06,1,0,0.895889588958896
0.714422677789355,0.657175179008263,3.4947814123961e-06,1,0,0.864286428642864
0.718081787640574,0.61110966755745,2.41410290525744e-06,1,0,0.878387838783878
0.717977722505475,0.613189998210364,2.65797397652087e-06,1,0,0.877887788778878
0.716870978859585,0.624495918975481,2.7498986016807e-06,1,0,0.873887388738874
0.716221789048195,0.633219552835188,2.82335100952501e-06,1,0,0.871287128712871
0.71839492677626,0.600691816998924,2.58056180155825e-06,1,0,0.88028802880288
0.717716859653037,0.60665541733695,2.57677436464601e-06,1,0,0.877887788778878
0.718232609999351,0.610900208351903,2.66444272881636e-06,1,0,0.878787878787879
0.710267792378293,0.737924110962297,1.53318850467186e-06,1,0,0.845284528452845
0.718711859209178,0.620132184814733,3.01128819101655e-06,1,0,0.879087908790879
0.719417565150389,0.601442935655007,2.94815298760784e-06,1,0,0.882788278827883
0.7195712852988,0.59152282098077,2.78294299866374e-06,1,0,0.884188418841884
0.718142162088258,0.601270656424749,3.3923728234063e-06,1,0,0.879487948794879
0.717962749269095,0.595071413557438,3.02879218655867e-06,1,0,0.87968796879688
0.710199208894181,0.700458458787796,1.51717541278418e-06,1,0,0.848884888488849
0.703749646775974,0.788891790966542,1.95103707575849e-06,1,0,0.823282328232823
0.706234304407541,0.765356054682763,2.0051390274607e-06,1,0,0.832083208320832
0.70651019706746,0.758977869535718,1.78789515871495e-06,1,0,0.833483348334834
0.703020762138137,0.793546793904869,1.90841085140874e-06,1,0,0.820882088208821
0.702643109395106,0.808917153774621,1.86158134478657e-06,1,0,0.818381838183818
0.70291220031146,0.810196271582498,2.11511898565315e-06,1,0,0.818981898189819
0.729595782082204,0.575942927373224,1.22900329395161e-06,1,0,0.911791179117912
0.705894826869493,0.774596799543346,2.24285925780364e-06,1,0,0.83028302830283
0.710445902449504,0.70490867483267,2.22499290970306e-06,1,0,0.849084908490849
0.704974771743879,0.789090976553639,2.33344737179565e-06,1,0,0.826482648264827
0.704701183615623,0.791262176949005,1.90210218216648e-06,1,0,0.825482548254825
0.705916193148125,0.779978720396727,1.7794696164417e-06,1,0,0.82978297829783
0.709628304873399,0.727770074573418,1.82759544902637e-06,1,0,0.844684468446845
0.709402283693189,0.725003849736565,1.67486032784036e-06,1,0,0.844384438443844
0.71316443426527,0.67340069455069,1.83652953334795e-06,1,0,0.859385938593859
0.716743344687496,0.617614371675489,1.63700125532292e-06,1,0,0.874287428742874
0.760634224116142,0.19641549806199,3.37377353379266e-06,1,0,1
0.758233780673266,0.222379802260216,2.61236397213154e-06,1,0,1
0.758557373469809,0.212866083569629,3.47522237981658e-06,1,0,1
0.758471767317852,0.201457298439599,2.34943123642203e-06,1,0,1
0.765926287157773,0.184011819963473,3.40140279991042e-06,1,0,1
0.759567481790715,0.19730974723053,3.01827298106944e-06,1,0,1
0.75663683209364,0.229699258004767,3.62943462535826e-06,1,0,1
0.699600278794143,0.895274302977257,3.31004251907582e-06,1,0,0.801780178017802
0.697624852280791,0.82580098049667,4.28507504633547e-06,1,0,0.803680368036804
0.696706811405144,0.843843137685528,3.66913849432957e-06,1,0,0.799479947994799
0.697754292479789,0.716889156684414,3.27189777456487e-06,1,0,0.814981498149815
0.698170517355941,0.915160468457385,3.73500740353914e-06,1,0,0.796079607960796
0.699520697762438,0.906992211670701,2.33503323379837e-06,1,0,0.8003800380038
0.728064954661101,0.48682365842868,2.32171103300681e-06,1,0,0.916791679167917
0.736201590811113,0.438763518407814,4.17320744428335e-06,1,0,0.942794279427943
0.735809511035928,0.416006411614722,2.20524653432854e-06,1,0,0.943994399439944
0.752471985848632,0.314141558396437,2.96871261312158e-06,1,0,0.997499749974997
0.742305226511784,0.392079903948905,2.5239325306129e-06,1,0,0.963296329632963
0.747087574964086,0.359904979897558,3.01968087047227e-06,1,0,0.978897889788979
0.717005251691337,0.672188104159072,1.74752868411312e-06,1,0,0.869386938693869
0.704170103752149,0.797403219077627,1.82368014316795e-06,1,0,0.823482348234823
0.697986649078731,0.919717975413715,2.15370084481669e-06,1,0,0.795179517951795
0.70543717535356,0.829256664951528,1.21143676285106e-06,1,0,0.823582358235824
0.739711232328615,0.407633252751638,3.56225833068235e-06,1,0,0.954995499549955
0.700661235954973,0.821427658244885,1.80046042444153e-06,1,0,0.811981198119812
0.696983891804506,0.902579916945414,2.92119361156292e-06,1,0,0.794279427942794
0.696222130230475,0.913718823293955,2.93187795493189e-06,1,0,0.791179117911791
0.688148096751304,0.959197927281641,2.45781406420543e-06,1,0,0.765676567656766
0.692032274358371,1.01508595921287,4.23362395081434e-06,1,0,0.77007700770077
0.693183429997336,0.972874140268132,3.41163124436486e-06,1,0,0.777277727772777
0.693658624611335,1.01513898645628,3.17615446631859e-06,1,0,0.774277427742774
0.693053184779093,0.989150019597697,2.85795762041357e-06,1,0,0.775377537753775
0.693847323897055,0.960863904321408,3.11707544614821e-06,1,0,0.78027802780278
0.699344734322891,0.845198942145109,3.11230451095366e-06,1,0,0.806180618061806
0.698091431667532,0.912609685296549,3.85193764960371e-06,1,0,0.796179617961796
0.697004029937189,0.906313727898989,4.23416654662111e-06,1,0,0.793979397939794
0.695969823224066,0.939368882322222,4.08099170186194e-06,1,0,0.787978797879788
0.69680885362248,0.844467305682902,3.18202883971395e-06,1,0,0.7996799679968
0.700560511204014,0.748530359352865,2.13292731553855e-06,1,0,0.819081908190819
0.700808470437234,0.730109954927189,2.44786396772402e-06,1,0,0.821582158215822
0.701107521981504,0.7341322397954,2.33708868237685e-06,1,0,0.821982198219822
0.701285461964311,0.743679608595895,2.07668654757459e-06,1,0,0.821482148214821
0.700564275525223,0.724270208477214,1.94910100090066e-06,1,0,0.821582158215822
0.700576876858497,0.734568306179863,2.3624254369721e-06,1,0,0.820582058205821
0.701223140709803,0.746984341869758,2.50091070893501e-06,1,0,0.820982098209821
0.704142400310986,0.726000811648242,1.80926498698036e-06,1,0,0.830683068306831
0.703567319360299,0.731754302680171,2.09192828477465e-06,1,0,0.828582858285829
0.702818786956321,0.72405395942218,2.02582190979958e-06,1,0,0.827382738273827
0.700317786012342,0.747731305519302,3.0499043582362e-06,1,0,0.818581858185819
0.700345634515922,0.75110474204854,2.51900774434383e-06,1,0,0.818281828182818
0.700666913531373,0.744074046516993,2.30551023506293e-06,1,0,0.81978197819782
0.695667533814205,0.829572606470505,2.87113323857586e-06,1,0,0.798179817981798
0.756284589066762,0.196631661640767,1.91445235042744e-06,1,0,1
0.706461964504787,0.539099525795851,2.25996037010495e-06,1,0,0.855485548554855
0.698756395825961,0.849361048605608,2.22551289079172e-06,1,0,0.804280428042804
0.695659287097511,0.849495734102199,1.95122376567369e-06,1,0,0.796179617961796
0.693793211687449,0.900727611201006,2.20386071457779e-06,1,0,0.786178617861786
0.695146253638876,0.796198191654558,1.47226103344569e-06,1,0,0.8002800280028
0.696399682660986,0.86076702538479,2.35555691050119e-06,1,0,0.796979697969797
0.695583709028948,0.847163349407442,3.96953673990602e-06,1,0,0.796279627962796
0.721487765608779,0.742607636563308,6.20212860026918e-07,1,0,0.873987398739874
0.742911119106993,0.43566054868658,2.25709467737054e-06,1,0,0.96049604960496
0.723908780228823,0.714320270943592,1.82161118511931e-06,1,0,0.883088308830883
0.730024810342212,0.645083226135931,1.56802041143792e-06,1,0,0.905890589058906
0.709679830363265,0.769665151243371,2.3479724202428e-06,1,0,0.840584058405841
0.712161267374133,0.773929594147033,2.13049700559988e-06,1,0,0.846584658465847
0.707698675912513,0.780061425307866,2.19804885447176e-06,1,0,0.834383438343834
0.707841603127652,0.784622009457747,2.13375027441785e-06,1,0,0.834283428342834
0.706800519692576,0.777847732179606,2.21269041923584e-06,1,0,0.832283228322832
0.707027264102485,0.779396262164675,1.90506368559717e-06,1,0,0.832783278327833
0.708865912433771,0.798451003627568,2.4699777728753e-06,1,0,0.835583558355836
0.709420978936601,0.775142893032279,2.08976908179633e-06,1,0,0.839383938393839
0.707392874253841,0.863617667831207,2.19935863612467e-06,1,0,0.825182518251825
0.707719557443822,0.867486482645339,1.95055691456531e-06,1,0,0.825682568256826
0.706830109178753,0.81107890977593,1.91990190322979e-06,1,0,0.829082908290829
0.708150034402194,0.833960485751897,1.91467479166392e-06,1,0,0.83018301830183
0.708911282812197,0.803204998338817,2.15614181904105e-06,1,0,0.835183518351835
0.708199656037107,0.766908146333842,2.36638184130593e-06,1,0,0.837083708370837
0.708942799129254,0.763783168212864,1.8835411155552e-06,1,0,0.839283928392839
0.711218131480698,0.762236251002443,2.07538775829515e-06,1,0,0.845384538453845
0.709375796022637,0.700849645733441,1.98439791475713e-06,1,0,0.846784678467847
0.711347930593765,0.801829438957125,2.1039332923125e-06,1,0,0.841684168416842
0.70795543151787,0.782223466688763,1.97996165952632e-06,1,0,0.834883488348835
0.701315074505527,0.978026971281364,1.79483737243048e-06,1,0,0.797879787978798
0.709426350491044,0.788941477991264,1.93339485689373e-06,1,0,0.837983798379838
0.707526914484415,0.787749908767847,1.79374901781591e-06,1,0,0.833183318331833
0.710001256801311,0.841298247043028,1.23062079728195e-06,1,0,0.834183418341834
0.712224044049506,0.759767745057413,2.12686956074322e-06,1,0,0.848184818481848
0.715862261891017,0.810804103032371,1.73591839982874e-06,1,0,0.852485248524853
0.714569714612121,0.81734121453498,1.76179779641638e-06,1,0,0.848484848484849
0.722564971089556,0.625737380980283,2.15411394311781e-06,1,0,0.888488848884888
0.734135399637432,0.524425488628832,1.18013043923381e-06,1,0,0.928792879287929
0.71805816496341,0.679729290656588,2.83571362976939e-06,1,0,0.871387138713871
0.716233760481867,0.697455395043058,1.76943011533419e-06,1,0,0.864886488648865
0.722658268007219,0.625703380669137,1.61662448739695e-06,1,0,0.888788878887889
0.759623523312583,0.201541358750682,3.37524459479685e-06,1,0,1
0.759011325331606,0.227119979703321,3.24829370778978e-06,1,0,1
0.758315177090496,0.213948432582448,3.13813061732483e-06,1,0,1
0.756319421122618,0.256776976091391,2.79281305199837e-06,1,0,1
0.75563801629671,0.261512096156182,1.42593213342932e-06,1,0,1
0.742549238273313,0.271712267317978,2.4693669995928e-06,1,0,0.976097609760976
0.75309990853437,0.287780015074491,3.26071398834998e-06,1,0,1
0.721717294310604,0.590346531927184,3.26815336157823e-06,1,0,0.88988898889889
0.72446145712032,0.562431013606548,3.07720532787422e-06,1,0,0.8997899789979
0.732366893787913,0.524533883276862,2.64228822366699e-06,1,0,0.924192419241924
0.700252858235157,0.821729673195615,5.15092345967182e-06,1,0,0.810881088108811
0.701192967500263,0.83693296920675,4.2925583018189e-06,1,0,0.811781178117812
0.701089735794664,0.724111276256119,5.48878431133807e-06,1,0,0.822882288228823
0.700252725100192,0.773824928925005,2.06690878184903e-06,1,0,0.815781578157816
0.704785717789432,0.798906115229405,6.0315065430633e-06,1,0,0.824982498249825
0.700895972945448,0.790841533054687,4.78372426693686e-06,1,0,0.815681568156816
0.702138638691658,0.507652666531381,3.24279553730349e-06,1,0,0.847484748474847
0.699013624588211,0.677446656115324,4.79928119527616e-06,1,0,0.822282228222822
0.70430702870788,0.474904798806051,4.91930124812018e-06,1,0,0.856385638563856
0.700621461660339,0.42769120128315,3.31994780579225e-06,1,0,0.851585158515852
0.701111118488483,0.554494050526006,2.70707411450661e-06,1,0,0.84008400840084
0.703229306021766,0.71092174441256,5.4001607119812e-06,1,0,0.82978297829783
0.69985002630581,0.782093546227294,3.9253351273414e-06,1,0,0.813881388138814
0.703145029922905,0.788703022398457,4.5736888604682e-06,1,0,0.821782178217822
0.710206846992541,0.78277569756416,5.2631407683969e-06,1,0,0.840684068406841
0.710312718336168,0.831330926224282,2.55267449707213e-06,1,0,0.835983598359836
0.695726849101511,0.959649355502242,2.78833382277237e-06,1,0,0.785278527852785
0.697086578858668,0.952526636284576,2.88773625377473e-06,1,0,0.789478947894789
0.697252597649302,0.97320827927699,2.55752343054693e-06,1,0,0.787878787878788
0.699007056418045,0.812044706970033,2.28282040101324e-06,1,0,0.808680868086809
0.702834008754689,0.747077822432436,3.7718136301465e-06,1,0,0.825082508250825
0.699154181857607,0.809370337988015,2.69245794126541e-06,1,0,0.809280928092809
0.701681322429368,0.840969753595484,4.27838500545868e-06,1,0,0.812681268126813
0.714522610032266,0.784971353000102,2.61586408569077e-06,1,0,0.851585158515852
0.705231605885887,0.764221399542419,3.89139065528531e-06,1,0,0.82958295829583
0.701444088778029,0.805695065335604,2.90408013132924e-06,1,0,0.815581558155816
0.702378761337441,0.76000257872418,4.41488247789913e-06,1,0,0.822682268226823
0.740195622193056,0.465612673291743,3.55594638172996e-06,1,0,0.95039503950395
0.722324687531733,0.596049992872077,3.03989756308414e-06,1,0,0.890889088908891
0.733380751955691,0.517824206131188,2.64325225800831e-06,1,0,0.927492749274928
0.697711442085715,0.854668335179291,3.34222878526436e-06,1,0,0.800980098009801
0.724708717568739,0.577167689356394,1.90049028625915e-06,1,0,0.898989898989899
0.720273247062149,0.611635374807932,2.17901350933271e-06,1,0,0.883988398839884
0.727960830399649,0.576932207016773,2.2880331379704e-06,1,0,0.907490749074907
0.719210273937105,0.639903199477192,2.05704486598411e-06,1,0,0.878387838783878
0.718172408413874,0.673319330251115,2.36638748575785e-06,1,0,0.872387238723872
0.719345886412174,0.649702485411726,2.14540456126795e-06,1,0,0.877787778777878
0.720589883483157,0.600351971127483,2.37236973338287e-06,1,0,0.885988598859886
0.712858950449427,0.66340419210524,3.17241481872346e-06,1,0,0.85958595859586
0.727173029743922,0.514937268255745,2.84320381174634e-06,1,0,0.911691169116912
0.726910603606438,0.592505584596543,2.56966369266061e-06,1,0,0.903190319031903
0.724519915499407,0.59317874092479,2.94124520343849e-06,1,0,0.896889688968897
0.761349847561083,0.192618320435171,2.56367744024239e-06,1,0,1
0.71878185442916,0.576087906038376,3.97386344795786e-06,1,0,0.883688368836884
0.700131139477051,0.661033128133082,3.08544960288141e-06,1,0,0.826782678267827
0.698595217274691,0.719583422883024,2.51897053202781e-06,1,0,0.816881688168817
0.698252140325642,0.682069321971047,3.51786580320424e-06,1,0,0.81978197819782
0.698899364796297,0.752827047388064,3.70024642824591e-06,1,0,0.814381438143814
0.699133514850401,0.872718989972225,3.43660389438347e-06,1,0,0.802880288028803
0.751427525074102,0.257578973776192,1.63303622554177e-06,1,0,1
0.715184978535846,0.608357499321568,3.95178445847421e-06,1,0,0.871187118711871
0.750149905312664,0.297335370009024,2.16991360015458e-06,1,0,0.993199319931993
0.739519935181897,0.420104008734143,2.79672526779947e-06,1,0,0.953195319531953
0.695532511168423,0.897181480697386,2.75806776667526e-06,1,0,0.791079107910791
0.691068821124025,0.95193337290749,2.44957365070767e-06,1,0,0.773977397739774
0.695841294447827,0.900999682408986,3.53411569747546e-06,1,0,0.791479147914791
0.692935597251226,0.912434725235043,3.5362373338968e-06,1,0,0.782778277827783
0.693285461010279,0.933357396401232,2.33036607428359e-06,1,0,0.781578157815782
0.693968344052172,0.934798452577032,3.20141822061593e-06,1,0,0.783178317831783
0.693241426437298,0.935576015915899,3.17967453381797e-06,1,0,0.781278127812781
0.692562880989234,0.919708205365878,2.61072672243352e-06,1,0,0.781078107810781
0.694721093226843,0.922392693481224,3.01457426010975e-06,1,0,0.786378637863786
0.692343484751695,0.958421879783229,3.02918698278427e-06,1,0,0.776577657765777
0.693036428859724,0.933577282995341,3.14365667958665e-06,1,0,0.780878087808781
0.692862355613975,0.939429884528437,2.37618095758248e-06,1,0,0.77987798779878
0.69322178890726,0.931590913255183,2.32044878824306e-06,1,0,0.781578157815782
0.695587033434887,0.949951254734419,2.91061615573546e-06,1,0,0.785878587858786
0.695146857721149,0.931615964937531,2.65235686294917e-06,1,0,0.786578657865787
0.695868272807203,0.900143184795653,3.93553793842092e-06,1,0,0.791579157915792
0.692416037413031,0.903271431191297,3.31504290252111e-06,1,0,0.782378237823782
0.693679699592511,0.935533025237712,2.60146770037731e-06,1,0,0.782378237823782
0.694907740316143,0.864339839526788,2.84409789122553e-06,1,0,0.792779277927793
0.696895665930443,0.910152311545041,3.55086486915685e-06,1,0,0.793279327932793
0.695957370159274,0.916912486026501,3.80701153137425e-06,1,0,0.79017901790179
0.695222996170949,0.909216268202084,3.1084505212887e-06,1,0,0.789078907890789
0.693718451350539,0.92112994805516,3.77208123065982e-06,1,0,0.783978397839784
0.694248419864118,0.928628451842454,4.49818239710277e-06,1,0,0.784578457845785
0.693742693716355,0.941130842229446,3.91061187390004e-06,1,0,0.781978197819782
0.692986637563164,0.937234455567926,3.68889556762071e-06,1,0,0.78037803780378
0.691032276609611,0.973810460718845,3.55631337477863e-06,1,0,0.771677167716772
0.688866495862496,1.02765604853562,2.51927672221956e-06,1,0,0.760576057605761
0.693193298817729,0.949852387970117,3.53597495223692e-06,1,0,0.77967796779678
0.765707695832826,0.164400693029225,2.70607549316162e-06,1,0,1
0.760945775712383,0.179416703372128,1.8141930598529e-06,1,0,1
0.703930937774286,0.821667457065009,2.9578560714109e-06,1,0,0.820482048204821
0.704683537044074,0.532782232766473,3.29176003549786e-06,1,0,0.851585158515852
0.698692797630717,0.898149887621952,4.02342591413941e-06,1,0,0.799179917991799
0.70080983579343,0.838634578090672,3.25312618944479e-06,1,0,0.810681068106811
0.701162357472911,0.663845448583933,2.51140414649168e-06,1,0,0.829182918291829
0.703765644807368,0.69026412920872,2.49201452480198e-06,1,0,0.833283328332833
0.700133177064173,0.912230381769822,3.8740616128849e-06,1,0,0.801480148014801
0.703156345572284,0.815280929614005,3.17106180620563e-06,1,0,0.819081908190819
0.704268442442877,0.82181530133714,3.13478989153685e-06,1,0,0.821282128212821
0.761237252496134,0.337082117503623,3.50569034353705e-06,1,0,1
0.703066458645935,0.840538502728757,1.77202339898406e-06,1,0,0.816281628162816
0.75517975105638,0.33335727169909,1.50905792547684e-06,1,0,1
0.765698663633655,0.287382911593244,2.18273410155463e-06,1,0,1
0.758695386196397,0.257083550974645,3.2617641378059e-06,1,0,1
0.76191897936441,0.238687725074856,2.42934853641533e-06,1,0,1
0.762417357287677,0.241315134844479,1.88658033713951e-06,1,0,1
0.750911876669817,0.353484241460869,2.04791658494535e-06,1,0,0.98949894989499
0.757663495584504,0.310816036093764,2.18442021282516e-06,1,0,1
0.747932268431342,0.322218314024511,2.66621919015547e-06,1,0,0.984898489848985
0.754687440508693,0.31432977577692,2.72392750526986e-06,1,0,1
0.75356802204701,0.308083157941882,2.60998697345279e-06,1,0,1
0.754272915300339,0.294816295002564,2.54993552155927e-06,1,0,1
0.751892597666459,0.293717058980626,2.30234620447329e-06,1,0,0.998099809980998
0.752679754496025,0.338869033397792,1.87527490170395e-06,1,0,0.995599559955996
0.74980498392953,0.336393421036871,1.95471477096738e-06,1,0,0.988398839883988
0.750838392510299,0.345308884179633,2.87192722060597e-06,1,0,0.99009900990099
0.748925638504075,0.356081306193461,2.08853542198096e-06,1,0,0.984098409840984
0.766550655909995,0.288456479903299,1.0456497700273e-06,1,0,1
0.758817077383857,0.389554314223251,1.33395345343408e-06,1,0,1
0.741522143046283,0.510641760982322,1.32325187286827e-06,1,0,0.949294929492949
0.751031406690529,0.406671293500643,1.31814394844988e-06,1,0,0.984398439843984
0.747733418062604,0.456279731073159,1.38223166918609e-06,1,0,0.970897089708971
0.75171769325912,0.375565596685709,1.35668680287186e-06,1,0,0.989398939893989
0.736428930935257,0.563252241108804,1.82447559930578e-06,1,0,0.930793079307931
0.734484236816699,0.570716064779185,1.7987945452471e-06,1,0,0.924992499249925
0.751919361755283,0.357382005416586,3.22611170112073e-06,1,0,0.991699169916992
0.757178317994953,0.286670701872917,3.19136603424496e-06,1,0,1
0.757800225954677,0.310190076412811,2.61755259110481e-06,1,0,1
0.755065239962445,0.322264180129142,3.18377842545683e-06,1,0,1
0.761799936606862,0.314240473891369,2.56835988208294e-06,1,0,1
0.759315946366204,0.327930810214646,2.64712683752415e-06,1,0,1
0.755859277348547,0.261638522329564,2.66404873149129e-06,1,0,1
0.750369840863245,0.301813835654312,3.48222041755259e-06,1,0,0.993299329932993
0.751786324188336,0.300817342436934,2.97773556642104e-06,1,0,0.997099709970997
0.757118465372333,0.285459512103134,2.46729973784244e-06,1,0,1
0.754862758148943,0.290362651193583,2.43254189304612e-06,1,0,1
0.754853705980743,0.284498192691261,2.64006370510284e-06,1,0,1
0.75433245918843,0.314551879876241,1.36926463319807e-06,1,0,1
0.753053730286185,0.314727406281157,2.43778914917972e-06,1,0,0.998999899989999
0.756134936642277,0.284883187945425,3.04708009100266e-06,1,0,1
0.760006520077212,0.396407599710464,9.86077820782311e-07,1,0,1
0.729023399881888,0.71605234250074,1.02264829288269e-06,1,0,0.896189618961896
0.708505101450831,0.304410641907134,4.2465529504212e-06,1,0,0.884488448844885
0.759685428656011,0.207286816596873,3.13804031884968e-06,1,0,1
0.744326620036272,0.505666960051793,1.26324083765854e-06,1,0,0.957095709570957
0.704981084413449,0.801634338833883,3.31739522105635e-06,1,0,0.825182518251825
0.699263590136261,0.843694502883905,2.03880246554935e-06,1,0,0.806080608060806
0.705171224512726,0.797734591382719,6.53575638820504e-06,1,0,0.826082608260826
0.704516454502211,0.829319791824675,4.96890231329446e-06,1,0,0.821182118211821
0.706249072713454,0.836169102382748,5.59610328058051e-06,1,0,0.824982498249825
0.706654428021423,0.771696781676722,5.3594786002338e-06,1,0,0.832583258325833
0.701952044238074,0.930530664348241,2.08180177521195e-06,1,0,0.804380438043804
0.693677308571945,0.996084763538487,2.81248215776452e-06,1,0,0.776277627762776
0.692317874402448,1.01073150695757,1.81468802860944e-06,1,0,0.771277127712771
0.700325821525572,0.861785888367467,3.30794489554544e-06,1,0,0.807080708070807
0.70409073705927,0.848377357857714,3.47988959909257e-06,1,0,0.818181818181818
0.696567865259834,0.95900375102055,2.5585101278054e-06,1,0,0.787478747874787
0.695082819403597,0.994417857475024,3.44782033164402e-06,1,0,0.78007800780078
0.696691808996432,0.893515256424688,3.31523694506497e-06,1,0,0.794479447944795
0.697646076664922,0.99024721175426,3.93539636340114e-06,1,0,0.787178717871787
0.699397756644808,0.806304489675722,3.26635564082254e-06,1,0,0.81028102810281
0.730094200032436,0.540475748259008,2.96649748940134e-06,1,0,0.916691669166917
0.749340615401351,0.337162039496706,3.03100698722604e-06,1,0,0.987098709870987
0.751593278747415,0.336350154806086,2.71391371254632e-06,1,0,0.992999299929993
0.73231148586115,0.533693025427433,3.11734552843822e-06,1,0,0.923092309230923
0.729641169643887,0.513346483004286,2.64077595056836e-06,1,0,0.918191819181918
0.7502610158953,0.284458156698949,2.46575588233629e-06,1,0,0.994799479947995
0.720509575002767,0.835265760144478,1.79893075620707e-06,1,0,0.862086208620862
0.759663835836063,0.252599014994731,3.25995818949829e-06,1,0,1
0.6956859881002,0.907098279889928,3.08140667114542e-06,1,0,0.790479047904791
0.696017500449687,0.905552253670512,2.79853682210465e-06,1,0,0.791479147914791
0.702697114138095,0.693185801385888,2.86102307930226e-06,1,0,0.83018301830183
0.696918932599753,0.915575219859819,2.92888790853142e-06,1,0,0.792779277927793
0.696822881135499,0.890239725732763,2.80563584859042e-06,1,0,0.795079507950795
0.69805801048427,0.893567723637407,2.68336369498914e-06,1,0,0.797979797979798
0.697696791944275,0.889537827607985,2.69061789438816e-06,1,0,0.797479747974797
0.698281828359677,0.892152365375615,2.55756833520126e-06,1,0,0.798679867986799
0.698254590280557,0.880220180948925,2.62954628375302e-06,1,0,0.7997799779978
0.698654430788677,0.860409954975185,2.68175646746588e-06,1,0,0.802880288028803
0.697949806158787,0.904942325376707,2.65366277548747e-06,1,0,0.796579657965797
0.698158483607121,0.851601639656496,2.61154321879848e-06,1,0,0.802480248024802
0.698024514495133,0.873752374949377,2.71488407780909e-06,1,0,0.7998799879988
0.696807763155219,0.904995413584371,2.67693842114137e-06,1,0,0.793579357935794
0.696626523425282,0.903465731987223,2.62795761069897e-06,1,0,0.793279327932793
0.696632454027239,0.904392961650156,2.56369318907554e-06,1,0,0.793179317931793
0.698018705924837,0.868198046045845,2.55520549489351e-06,1,0,0.8003800380038
0.698356200039464,0.86339585433894,2.54538364043896e-06,1,0,0.801780178017802
0.697785487904477,0.878159484962871,2.49510328780746e-06,1,0,0.798779877987799
0.698066577311007,0.868440186561179,2.54951731689462e-06,1,0,0.8004800480048
0.698516457150576,0.877505452588619,2.54774532671337e-06,1,0,0.800780078007801
0.698330297302199,0.83054280656814,2.82185829341811e-06,1,0,0.805080508050805
0.698434738173079,0.772390777753246,2.42844158345782e-06,1,0,0.811181118111811
0.698595066098348,0.782179640222013,2.53811416127198e-06,1,0,0.810581058105811
0.698484382812377,0.777526209189653,2.56956117350222e-06,1,0,0.810781078107811
0.698691667220862,0.783830991913844,2.42170334088203e-06,1,0,0.810681068106811
0.698870195264999,0.77728938459016,2.42390395327333e-06,1,0,0.811781178117812
0.69848055314031,0.768930064718736,2.50100246567703e-06,1,0,0.811681168116812
0.698887450042608,0.774648778746736,2.44521996451109e-06,1,0,0.812081208120812
0.698560861427688,0.799697492900479,2.50424184954147e-06,1,0,0.808780878087809
0.698095498431452,0.792962061924686,2.49221789520994e-06,1,0,0.808180818081808
0.698522297920025,0.81143633261045,2.45741711108207e-06,1,0,0.807480748074808
0.698025379027331,0.786175797792624,2.63059761243835e-06,1,0,0.808680868086809
0.698091499174425,0.785428762714741,2.62859060437429e-06,1,0,0.808980898089809
0.69874158250835,0.785752748375744,2.54879937225277e-06,1,0,0.810581058105811
0.697220467777526,0.810480336390581,2.58492010007847e-06,1,0,0.804180418041804
0.766027846502869,0.22638566955155,1.90543898574784e-06,1,0,1
0.759638792977637,0.16571204388053,1.70692160373606e-06,1,0,1
0.695981395955901,0.971862081113868,4.50194562320751e-06,1,0,0.784678467846785
0.700060438436709,0.644795286585325,2.96814656280101e-06,1,0,0.828282828282828
0.701034947408116,0.740277845210653,5.22848599878643e-06,1,0,0.821182118211821
0.703267450958687,0.778535192751539,4.71143317601406e-06,1,0,0.823082308230823
0.702359406934114,0.818797654625518,4.87944814212128e-06,1,0,0.816681668166817
0.692938257976886,1.06060163282064,2.50910496347978e-06,1,0,0.767876787678768
0.696146835415933,1.00141410306703,3.43105078699809e-06,1,0,0.782178217821782
0.69662840535098,0.996591972577911,3.92931410785432e-06,1,0,0.783878387838784
0.701577579283972,0.861277060765765,4.63218840808933e-06,1,0,0.81038103810381
0.703725717212639,0.752309547479232,5.13719629845904e-06,1,0,0.826882688268827
0.704309208166222,0.852177315651369,5.38720559042311e-06,1,0,0.818381838183818
0.700751659508027,0.892693124814618,5.1545743064044e-06,1,0,0.805080508050805
0.705369270358011,0.750958273993511,3.98283155049655e-06,1,0,0.831283128312831
0.708100177870878,0.695017801604281,4.33838131328509e-06,1,0,0.844084408440844
0.703726761906117,0.680699606751727,2.7499669816955e-06,1,0,0.834183418341834
0.703894844807987,0.673523506714123,2.17905333606885e-06,1,0,0.835283528352835
0.703769927983379,0.601435960982992,1.47050730646927e-06,1,0,0.842284228422842
0.698606391490713,0.490808582278932,2.56802451302469e-06,1,0,0.83998399839984
0.701341568118853,0.615812352896646,3.49756421696288e-06,1,0,0.834483448344834
0.700569380263329,0.574212916666016,4.32995886376993e-06,1,0,0.836683668366837
0.698961780372975,0.537135981994462,2.33376557474816e-06,1,0,0.836283628362836
0.70720018780799,0.548077309919378,5.05148778782254e-06,1,0,0.856485648564857
0.698052087851563,0.507310157212069,3.07820569377835e-06,1,0,0.836883688368837
0.705112949099133,0.601650996951108,4.6118986954123e-06,1,0,0.845684568456846
0.706578419412781,0.559101045875491,4.87514244948403e-06,1,0,0.853785378537854
0.717495595760139,0.511648580221221,5.11816011262722e-06,1,0,0.886888688868887
0.711831947904561,0.584441665779147,4.88987082529194e-06,1,0,0.864886488648865
0.704014598937423,0.474733086562629,2.39742790618355e-06,1,0,0.855685568556856
0.703888936438641,0.60325407282748,3.17906998263319e-06,1,0,0.842384238423842
0.703809534951126,0.524817880881144,3.4629366608242e-06,1,0,0.85008500850085
0.71032195178543,0.608743500663895,5.01881790960949e-06,1,0,0.858485848584858
0.711326971147989,0.477287183223238,3.41561677089148e-06,1,0,0.874387438743874
0.706170797076501,0.676566039471472,3.76593355387881e-06,1,0,0.840884088408841
0.715801958607417,0.602361450886318,2.593731973401e-06,1,0,0.873387338733873
0.71056037749451,0.698920071910058,5.24556504478521e-06,1,0,0.84998499849985
0.704049508113743,0.917707256634237,5.82038230960617e-06,1,0,0.811081108110811
0.70437629409733,0.72323268575912,2.92719566323433e-06,1,0,0.831583158315832
0.704799493410212,0.73677118602407,2.70773920769923e-06,1,0,0.831283128312831
0.700280083219281,0.798588132535818,4.56384550917605e-06,1,0,0.813281328132813
0.700128434135226,0.872391373331702,3.28268067171267e-06,1,0,0.805480548054806
0.703468959912241,0.760998418366696,4.30089973142848e-06,1,0,0.825382538253825
0.701218962829631,0.79040899266094,4.48816610289686e-06,1,0,0.816581658165817
0.708104521819893,0.634750526839587,3.05843567488298e-06,1,0,0.85008500850085
0.69945493907822,0.843438955547309,5.46989553394e-06,1,0,0.806680668066807
0.700322223339969,0.831646100017995,5.5569652486601e-06,1,0,0.81008100810081
0.707022605308426,0.648596557112736,3.44139174729429e-06,1,0,0.845884588458846
0.708489259717771,0.623864917573829,3.34626620107999e-06,1,0,0.852185218521852
0.708137960353958,0.625169636712846,3.0005750178662e-06,1,0,0.851185118511851
0.706679673771886,0.634104831294338,4.19769254596667e-06,1,0,0.846484648464847
0.706811346928619,0.685287425355385,3.77985308029569e-06,1,0,0.841684168416842
0.705545783165204,0.737693015106954,4.34017969445558e-06,1,0,0.833083308330833
0.701151104559255,0.871951784765451,3.92397558439138e-06,1,0,0.808180818081808
0.707037539118202,0.829290280254754,3.81325267735924e-06,1,0,0.827782778277828
0.762641004539672,0.237518709612219,2.59876530039571e-06,1,0,1
0.721094687902412,0.639609091286769,2.72758898186643e-06,1,0,0.883288328832883
0.702208364365756,0.587415887331989,3.08987729837792e-06,1,0,0.83958395839584
0.710268966518822,0.730518358369474,4.99959098378202e-06,1,0,0.846084608460846
0.706194575926169,0.777957843381963,3.24789749285553e-06,1,0,0.830683068306831
0.708055133640798,0.755661557989984,4.5256690290363e-06,1,0,0.837783778377838
0.700726608611551,0.849521891057565,2.40566222422889e-06,1,0,0.809280928092809
0.706242962297901,0.768678165420419,4.4585084045573e-06,1,0,0.831783178317832
0.704157200487178,0.723604389870963,1.81927275188251e-06,1,0,0.830883088308831
0.701832691753417,0.752315601915917,2.59508029165842e-06,1,0,0.821982198219822
0.703598840095729,0.772780948549599,2.20404657698813e-06,1,0,0.824482448244825
0.702730371525795,0.772538230414576,1.79708880671792e-06,1,0,0.822282228222822
0.704081078025732,0.778370977083244,2.11990877024436e-06,1,0,0.825182518251825
0.709077852175427,0.713616186978203,2.57361834981176e-06,1,0,0.844684468446845
0.708405450956585,0.729369876650927,1.96733404160225e-06,1,0,0.841384138413841
0.70411263588652,0.830848914609263,4.34425941217276e-06,1,0,0.81998199819982
0.708147453740586,0.695529002665503,1.33949981365581e-06,1,0,0.844084408440844
0.733661318767806,0.401373064454881,2.05563933538776e-06,1,0,0.93989398939894
0.732909891250157,0.401869438381372,3.0251412724487e-06,1,0,0.937993799379938
0.737520466696429,0.372105558270586,2.64286143542309e-06,1,0,0.952895289528953
0.734537592747606,0.382048186530917,2.64834958872965e-06,1,0,0.944194419441944
0.730841136301144,0.389721106222086,1.96440934071127e-06,1,0,0.933793379337934
0.744343085047911,0.297730697037156,3.58467987354876e-06,1,0,0.978097809780978
0.699448768618745,0.823870502609086,3.07098946219214e-06,1,0,0.808580858085809
0.702257286107935,0.876664006412217,3.53704740754527e-06,1,0,0.810581058105811
0.705047497719794,0.819049414851357,2.74105329171496e-06,1,0,0.823582358235824
0.703997728660634,0.876784600106577,3.71388511776864e-06,1,0,0.815081508150815
0.701035564586229,0.781655993308743,3.23287601627261e-06,1,0,0.816981698169817
0.697330232632326,0.823577002698102,2.1093701436522e-06,1,0,0.803180318031803
0.706638377534179,0.741641744303722,3.04421918102007e-06,1,0,0.835583558355836
0.698935631260894,0.848632751591556,3.03990004830555e-06,1,0,0.804780478047805
0.702517301786827,0.768740872648131,2.52451399674681e-06,1,0,0.822082208220822
0.699702304678074,0.883656217252378,3.389565843554e-06,1,0,0.803180318031803
0.699552575661267,0.741288194945861,2.22836886828714e-06,1,0,0.817181718171817
0.710169217868084,0.731824090376548,2.10140306637091e-06,1,0,0.845684568456846
0.710730252049905,0.775711296819032,2.28012596445917e-06,1,0,0.842684268426843
0.708955987476035,0.772612026817765,3.48463890023621e-06,1,0,0.838383838383838
0.699679895185086,0.918071764326658,2.33240188659206e-06,1,0,0.7996799679968
0.700280937289774,0.906480322706373,2.31104614902947e-06,1,0,0.802380238023802
0.698239805135545,0.945600904973751,2.24696559862449e-06,1,0,0.793179317931793
0.703667092333871,0.797454895025183,2.81003259492055e-06,1,0,0.822182218221822
0.702641934895594,0.803217487615196,2.61970245977534e-06,1,0,0.818981898189819
0.700600878640131,0.847620848527233,2.08776622074936e-06,1,0,0.809180918091809
0.70121988540352,0.864097453304186,2.1022823900196e-06,1,0,0.809180918091809
0.712250783005013,0.644632486243928,2.8178146510887e-06,1,0,0.85988598859886
0.704488655269366,0.852039542913561,2.21491216679095e-06,1,0,0.818781878187819
0.693301376407018,0.867481621817764,2.32862434693087e-06,1,0,0.788278827882788
0.711054520904855,0.664741435817582,2.47875531283627e-06,1,0,0.854785478547855
0.706455331637338,0.804776287887276,3.05555991724104e-06,1,0,0.828682868286829
0.701255631387978,0.887648969050425,2.14551498478643e-06,1,0,0.806880688068807
0.703025646028238,0.860281125720415,2.36469948278573e-06,1,0,0.814181418141814
0.703483098543324,0.863670568236462,2.37888426829918e-06,1,0,0.815081508150815
0.708279429540123,0.736718893943007,2.12915342168896e-06,1,0,0.84028402840284
0.69899691581362,0.866409312197326,2.68084835752341e-06,1,0,0.803180318031803
0.704881642075838,0.706603295048996,1.85760682131226e-06,1,0,0.834483448344834
0.711125401672992,0.792547873713053,1.76736509069713e-06,1,0,0.842084208420842
0.701200072966541,0.835673010213851,2.32577325151404e-06,1,0,0.811981198119812
0.702850597671133,0.837652027091897,3.05496333071997e-06,1,0,0.816081608160816
0.705851832399474,0.823507342774314,2.19074477422666e-06,1,0,0.825282528252825
0.707264573459821,0.750217851636436,2.57999587016471e-06,1,0,0.836283628362836
0.700006971904552,0.97929062425277,3.28196921680031e-06,1,0,0.794379437943794
0.702648364560804,0.90078808609037,2.63695956173372e-06,1,0,0.809180918091809
0.701533937695223,0.795373598534769,2.3711923669471e-06,1,0,0.816881688168817
0.70072700235409,0.887820096317838,2.26057261954269e-06,1,0,0.805480548054806
0.700256449848713,0.908563619018412,2.33356477371154e-06,1,0,0.802180218021802
0.714033045911564,0.714136974674789,3.39510865232639e-06,1,0,0.857485748574857
0.715886433340321,0.649412766431066,3.02666433790842e-06,1,0,0.868786878687869
0.710178991940036,0.712565525217505,2.902555887048e-06,1,0,0.847684768476848
0.726205177009071,0.563536844322804,2.90145040809605e-06,1,0,0.904290429042904
0.720423136351157,0.627098518074162,2.67295170838212e-06,1,0,0.882888288828883
0.718225490295181,0.607647551656185,2.37942467135119e-06,1,0,0.879087908790879
0.717637311859196,0.598447351023517,2.61849707561061e-06,1,0,0.878487848784879
0.722447874438707,0.602220988020753,2.59367659931155e-06,1,0,0.890589058905891
0.715841081639993,0.621872022662216,2.86794619115004e-06,1,0,0.871487148714872
0.716575742820009,0.620343384930115,2.56294435193429e-06,1,0,0.873587358735874
0.714091575886796,0.62990100228451,2.73497689491455e-06,1,0,0.866186618661866
0.712483482126298,0.64423409626251,2.78859145398163e-06,1,0,0.86048604860486
0.713742092747174,0.619389037428684,2.59750331861636e-06,1,0,0.866286628662866
0.714133184333026,0.622077855231396,2.59062907736925e-06,1,0,0.867086708670867
0.715527712476413,0.608354270759995,2.38156195038186e-06,1,0,0.872087208720872
0.715693534925398,0.590826113273118,2.30674287715026e-06,1,0,0.874287428742874
0.716524362992609,0.589338046046779,2.27041446815289e-06,1,0,0.876587658765877
0.715854675496066,0.610701160655892,2.38757153656118e-06,1,0,0.872687268726873
0.715116924517963,0.600424298795431,2.46507061208284e-06,1,0,0.871787178717872
0.733590550947505,0.399971145480574,3.1064426386253e-06,1,0,0.93989398939894
0.745667062175914,0.3594411981576,1.86783257555348e-06,1,0,0.975297529752975
0.715428101880831,0.638416343083479,3.743549831873e-06,1,0,0.868786878687869
0.717185155442208,0.62590031816412,3.16239779825204e-06,1,0,0.874587458745875
0.717712132718498,0.579005564811271,2.7412606278557e-06,1,0,0.880688068806881
0.718248977998618,0.579672865460923,2.52182356160329e-06,1,0,0.881988198819882
0.718760135914859,0.575683630190946,2.51560654943906e-06,1,0,0.883688368836884
0.716958554378902,0.635948026291117,2.49742260069007e-06,1,0,0.872987298729873
0.744723359777933,0.402709707089866,1.56408442669303e-06,1,0,0.968496849684969
0.719053930611405,0.607833157775527,3.17477106547208e-06,1,0,0.881188118811881
0.734635140290607,0.504191449084148,2.25774352157613e-06,1,0,0.932093209320932
0.716924483826978,0.63722313033587,3.29718723738566e-06,1,0,0.872787278727873
0.714335025618411,0.645511398934308,2.94933428284245e-06,1,0,0.865186518651865
0.724301141432373,0.599040882538547,2.41387452213643e-06,1,0,0.895689568956896
0.714891898657442,0.636517908230902,2.84985397085216e-06,1,0,0.867586758675868
0.73618993950156,0.444316726945651,2.07821757586231e-06,1,0,0.942194219421942
0.723653897993837,0.57058176953619,2.85359197459587e-06,1,0,0.896889688968897
0.732980257920975,0.403240387188294,2.11022344349053e-06,1,0,0.937993799379938
0.720172947061419,0.548481690078816,2.99672836472877e-06,1,0,0.89008900890089
0.729180097016632,0.550770606695556,2.45488800721006e-06,1,0,0.913291329132913
0.75113625460759,0.339826848863862,2.58319677448845e-06,1,0,0.991499149914992
0.721049391813528,0.552348379493858,3.26880558746535e-06,1,0,0.891989198919892
0.741415951688328,0.427092009819557,2.39964130204172e-06,1,0,0.957495749574958
0.736314500508085,0.422204379615436,3.67566625962906e-06,1,0,0.944694469446945
0.736353968921143,0.48467725421209,1.93258416082585e-06,1,0,0.938493849384939
0.742113866773538,0.422331229440436,2.70411621033078e-06,1,0,0.95969596959696
0.720282595836218,0.578673146915618,1.86933565180451e-06,1,0,0.887388738873887
0.713188024323912,0.62595065998602,2.96817006046804e-06,1,0,0.864186418641864
0.706562023129641,0.717723198518671,2.68445923754931e-06,1,0,0.837783778377838
0.707838117578584,0.713668613784815,2.12654703358293e-06,1,0,0.841484148414842
0.723045925994316,0.525624639912375,2.25641959261557e-06,1,0,0.8998899889989
0.742416016639119,0.372826910379547,2.92568820429951e-06,1,0,0.965496549654965
0.718697013486811,0.589329024199094,2.0199406322202e-06,1,0,0.882188218821882
0.698738688575472,0.611074196352427,3.49425911684986e-06,1,0,0.828282828282828
0.738470098102845,0.440399047311312,3.10423045929018e-06,1,0,0.948494849484948
0.745411268580521,0.393768877599477,2.4849099837718e-06,1,0,0.971197119711971
0.719833516670578,0.542069230812663,2.60647439555922e-06,1,0,0.88988898889889
0.720872101570606,0.511798253081987,2.52942691489791e-06,1,0,0.895689568956896
0.72146758984645,0.527916201029531,2.44457828888142e-06,1,0,0.895589558955896
0.721685528698142,0.511640262976733,2.53865645079007e-06,1,0,0.897789778977898
0.723182476322813,0.498553695552754,2.40273722386471e-06,1,0,0.902990299029903
0.727847274913564,0.484761147904783,1.85923530554855e-06,1,0,0.916491649164917
0.766106915887279,0.205839804208601,2.90547679274414e-06,1,0,1
0.737602320350929,0.441895135486423,1.79873808454456e-06,1,0,0.946094609460946
0.701715826382227,0.869807521817086,2.76776225217011e-06,1,0,0.80988098809881
0.697469988703282,0.9599115304372,3.50963886218278e-06,1,0,0.78977897789779
0.696550577800681,0.954971749912692,4.03357251831431e-06,1,0,0.787878787878788
0.696847932837841,0.963964008729271,3.64059812013456e-06,1,0,0.787678767876788
0.69636212643114,0.922970543388029,1.63994556501428e-06,1,0,0.790579057905791
0.693749636449448,0.981619655308678,2.47588304088082e-06,1,0,0.777877787778778
0.698480756592247,0.945108586470665,4.17504623356111e-06,1,0,0.793879387938794
0.735471836408058,0.411825455068891,2.19907759310166e-06,1,0,0.943594359435944
0.741431500952827,0.34359132233434,2.5997035834922e-06,1,0,0.965896589658966
0.740272297443999,0.388325997407351,2.5442174862892e-06,1,0,0.958395839583958
0.739392780896689,0.372761809745672,3.01581239008465e-06,1,0,0.957695769576958
0.740376818892403,0.352095591234751,4.19210512752123e-06,1,0,0.962296229622962
0.736712561787485,0.408421818083573,2.91566061421589e-06,1,0,0.947094709470947
0.735287516557335,0.413854484141122,2.84920077983033e-06,1,0,0.942894289428943
0.73736380981604,0.39864561167665,3.33858029580347e-06,1,0,0.94979497949795
0.73515635502148,0.410314868137034,3.49861643553823e-06,1,0,0.942894289428943
0.738980161725052,0.404427107797611,4.38361080673716e-06,1,0,0.953395339533953
0.742131942868807,0.329974047688676,2.08562828650576e-06,1,0,0.969096909690969
0.735513436427421,0.407183519975811,3.13441617341759e-06,1,0,0.944194419441944
0.735830885452033,0.423637877796291,3.62393095224864e-06,1,0,0.943294329432943
0.733867284678983,0.452253691324199,3.43297590744999e-06,1,0,0.935293529352935
0.727640353034195,0.541396413858878,3.59197482183777e-06,1,0,0.91019101910191
0.730528148132764,0.490804297557423,2.74374790346959e-06,1,0,0.922792279227923
0.725766331039979,0.636303032619216,2.70869660226806e-06,1,0,0.895789578957896
0.735723920495386,0.484309925062907,2.68091971828836e-06,1,0,0.936893689368937
0.728260619622855,0.498738442294262,3.37536530316847e-06,1,0,0.916091609160916
0.730337868682436,0.49296087813088,3.35479796514041e-06,1,0,0.922092209220922
0.729937292196193,0.480768709096398,3.36674063543981e-06,1,0,0.922292229222922
0.730677777837416,0.507538805090289,3.01103367491856e-06,1,0,0.921492149214922
0.706096220827818,0.834124147395991,1.90043689818838e-06,1,0,0.824782478247825
0.705772850860138,0.827672080830383,2.56654891921628e-06,1,0,0.824582458245825
0.705648018792934,0.828692319271687,2.38688942505284e-06,1,0,0.824182418241824
0.706974399720156,0.747587933855308,2.23909040994136e-06,1,0,0.835783578357836
0.708194806625658,0.795838940245437,2.32506111511582e-06,1,0,0.834083408340834
0.705226910893561,0.739713246423189,2.49702001884241e-06,1,0,0.832083208320832
0.706979536469073,0.825759681492914,2.26116298891358e-06,1,0,0.827982798279828
0.703797584356488,0.757561123937163,2.20704269578461e-06,1,0,0.826582658265827
0.705317986222783,0.673823437326912,2.01003183429631e-06,1,0,0.838983898389839
0.703221488213718,0.785748587338749,1.97092657966734e-06,1,0,0.822282228222822
0.701924694109572,0.799581588132831,2.35956336494689e-06,1,0,0.817481748174817
0.714821008898733,0.66636860739667,2.33472756932418e-06,1,0,0.864386438643864
0.700961980571956,0.917904444954077,2.33733525842862e-06,1,0,0.803080308030803
0.705396118260232,0.766297690807483,2.69694389259066e-06,1,0,0.82988298829883
0.701902748428999,0.956540577597197,1.67881663224339e-06,1,0,0.801580158015802
0.704543260004014,0.986708037051524,1.80172150904448e-06,1,0,0.805380538053805
0.708885543863911,0.909974808171407,2.27407017692691e-06,1,0,0.824382438243824
0.706716548607563,0.822674182321055,2.22391693743146e-06,1,0,0.827582758275828
0.707689384241191,0.768623163858893,3.01909144749251e-06,1,0,0.835583558355836
0.706585951487115,0.763536873252589,2.72531329686121e-06,1,0,0.833183318331833
0.707126395895088,0.759126839847219,2.36447016891105e-06,1,0,0.835083508350835
0.706828824522557,0.754802107390686,2.14799426552276e-06,1,0,0.834683468346835
0.706870388749197,0.747392265465288,2.20779257318485e-06,1,0,0.835583558355836
0.709107275940063,0.787490287169307,2.05155502059068e-06,1,0,0.837283728372837
0.704822081106678,0.776999966546191,2.31944555854678e-06,1,0,0.827282728272827
0.705261035339494,0.750597381919181,2.4777663705235e-06,1,0,0.831083108310831
0.708239394729825,0.736975858735849,2.25555838221185e-06,1,0,0.84018401840184
0.706224166740606,0.759051319035841,2.37516701928184e-06,1,0,0.832683268326833
0.709175876953505,0.753641663143336,2.05268164890382e-06,1,0,0.840884088408841
0.70923381653086,0.745545310932773,2.53341567832966e-06,1,0,0.841884188418842
0.711467851615212,0.723021274185811,2.79457317761384e-06,1,0,0.84998499849985
0.702868662639556,0.722118184618088,2.89936493442495e-06,1,0,0.827782778277828
0.767921662077332,0.174453236610294,2.59286886369213e-06,1,0,1
0.756699391285347,0.2268537915477,2.09635961924239e-06,1,0,1
0.706654545141371,0.78026897743234,3.14494321344312e-06,1,0,0.831683168316832
0.709804544968631,0.583287624315724,4.01044398192482e-06,1,0,0.85968596859686
0.703288891718878,0.608692825139357,2.3921430917644e-06,1,0,0.84028402840284
0.701783834995877,0.828081680308921,4.15637623132041e-06,1,0,0.814281428142814
0.705686162811765,0.696133839128393,1.94380801553438e-06,1,0,0.837683768376838
0.703994473377838,0.816098021131496,2.07211129546507e-06,1,0,0.821182118211821
0.706158895119292,0.625395886105592,2.99948554609547e-06,1,0,0.845984598459846
0.704174125499447,0.648549076308169,1.53820467250054e-06,1,0,0.838583858385839
0.703080204101462,0.749678225409457,2.33655449165072e-06,1,0,0.825482548254825
0.701628031710925,0.684486745192678,2.1780446219377e-06,1,0,0.828282828282828
0.701010633385485,0.710189725197364,2.11225513239246e-06,1,0,0.824082408240824
0.70258750954312,0.672357379384068,2.0576404216204e-06,1,0,0.831983198319832
0.706333359062858,0.71761428762265,3.18113438219611e-06,1,0,0.837183718371837
0.70180730747033,0.720035424156859,2.27445955927983e-06,1,0,0.825182518251825
0.698865098489665,0.822332633440227,3.10367453228593e-06,1,0,0.807280728072807
0.70033673066786,0.727345888569131,2.77040161545763e-06,1,0,0.820682068206821
0.699924486184893,0.758806100449498,4.05659346628251e-06,1,0,0.816381638163816
0.700124248931663,0.726334790303513,1.64886443165865e-06,1,0,0.82018201820182
0.700251503100078,0.784869151647733,2.99702523324486e-06,1,0,0.814581458145815
0.700150942453375,0.86296986007641,3.87029249903467e-06,1,0,0.806480648064806
0.701064683772086,0.662324884795726,1.75935574408944e-06,1,0,0.829082908290829
0.705041174376433,0.594808737973876,3.77905370344963e-06,1,0,0.846184618461846
0.698386625870706,0.681780690673577,1.91167753546097e-06,1,0,0.82018201820182
0.698509708694259,0.651377137412474,1.39086393618661e-06,1,0,0.823582358235824
0.701338854056635,0.774381755428502,4.0617166028067e-06,1,0,0.818481848184819
0.700382133665131,0.754750775757087,2.18177667280531e-06,1,0,0.817981798179818
0.698672571017106,0.753942372034926,3.19502024481458e-06,1,0,0.813681368136814
0.699188104935752,0.818514431569131,3.76506739110459e-06,1,0,0.808480848084808
0.700460100545143,0.826291334818514,3.21471399223606e-06,1,0,0.810981098109811
0.699724396039055,0.83364154602395,2.43083024411274e-06,1,0,0.808380838083808
0.701460969981138,0.720283676191441,1.8877678876501e-06,1,0,0.824282428242824
0.698592464805822,0.890776836256458,3.16136702592809e-06,1,0,0.7996799679968
0.700630675698998,0.627301675508661,1.96344785851914e-06,1,0,0.831483148314831
0.700108087562031,0.772713507452685,2.8725036503556e-06,1,0,0.815481548154815
0.703997247940573,0.741156567381754,1.98426508749686e-06,1,0,0.828782878287829
0.701535609607446,0.832108775728817,3.42577651455804e-06,1,0,0.813181318131813
0.741338018227123,0.330839207701667,1.61083894226631e-06,1,0,0.966996699669967
0.74513970115346,0.349875872305489,1.2645694032981e-06,1,0,0.974897489748975
0.732660060360066,0.4533984695769,2.56482262518676e-06,1,0,0.932093209320932
0.735995527375275,0.382234942108885,2.71887392733586e-06,1,0,0.947894789478948
0.74417108471561,0.350588856657229,1.56207670586463e-06,1,0,0.972297229722972
0.742530526608892,0.327971451556746,2.18276095725864e-06,1,0,0.97029702970297
0.700191139612721,0.773581674883734,3.14699613719401e-06,1,0,0.815581558155816
0.701603645515009,0.798105743027325,2.05651486800946e-06,1,0,0.816781678167817
0.700324566343101,0.817317456275076,1.80755081259384e-06,1,0,0.811581158115812
0.700947285589832,0.824976636966252,1.41689172324409e-06,1,0,0.812381238123812
0.69941665705128,0.810317321958061,1.39653382033056e-06,1,0,0.80988098809881
0.698554317773021,0.786155944543494,2.21959396067152e-06,1,0,0.81008100810081
0.703035148230733,0.750490117580741,2.23990824691478e-06,1,0,0.825282528252825
0.701580989693432,0.854690303004501,1.93969201209291e-06,1,0,0.810981098109811
0.703867096320462,0.770717653791553,2.8516456635001e-06,1,0,0.825382538253825
0.701590979400437,0.810412827925273,2.04222262314569e-06,1,0,0.815481548154815
0.702297028920953,0.804031334465134,1.86091225862853e-06,1,0,0.817981798179818
0.703459897359676,0.806535714930677,2.04382227501302e-06,1,0,0.820782078207821
0.702096157662064,0.7995872095315,1.89224302102203e-06,1,0,0.817881788178818
0.701822993187255,0.841705981727343,1.96769026626866e-06,1,0,0.812981298129813
0.706195434697793,0.778971883962441,1.85945934579933e-06,1,0,0.830583058305831
0.702550848326468,0.816218435228277,2.41261980695177e-06,1,0,0.817381738173817
0.702020102361797,0.814620406217719,1.85743989067524e-06,1,0,0.816181618161816
0.701048884421946,0.787593927716135,2.31833606256214e-06,1,0,0.816381638163816
0.699397342401648,0.772101184708521,1.79878542075204e-06,1,0,0.813681368136814
0.739249398738939,0.389634466187941,1.9324350381195e-06,1,0,0.955595559555956
0.771304220582378,0.271831692223531,1.75360826259799e-06,1,0,1
0.715294968498642,0.575787846197062,2.92880330349036e-06,1,0,0.874687468746875
0.715921833873437,0.616424776849135,2.51988262931527e-06,1,0,0.872287228722872
0.713203974836726,0.648538329759642,2.5504859714218e-06,1,0,0.861986198619862
0.718767587442414,0.602363496196953,2.48163174002191e-06,1,0,0.881088108810881
0.714092426838412,0.628115285346118,2.86149746624588e-06,1,0,0.866286628662866
0.715854303703019,0.593811519353449,2.28130021992746e-06,1,0,0.874387438743874
0.715284220209455,0.610590927781818,2.63869952013933e-06,1,0,0.871187118711871
0.712184116138808,0.646882710456897,2.68396765143394e-06,1,0,0.859485948594859
0.712489200045175,0.646320239566701,2.47407463790798e-06,1,0,0.86028602860286
0.717035142658372,0.581299185738803,2.42187300120466e-06,1,0,0.878687868786879
0.715090811967624,0.579049807270649,2.41119070574885e-06,1,0,0.873887388738874
0.773192737084956,0.327238804194687,1.10546097776988e-06,1,0,1
0.71344885002387,0.610201337861054,3.64650039412532e-06,1,0,0.866486648664866
0.712451644861075,0.634822514622168,3.53715418681836e-06,1,0,0.861386138613861
0.714807771829928,0.678258731479826,2.826412876655e-06,1,0,0.863086308630863
0.71496598175406,0.697584779632712,2.69381086546752e-06,1,0,0.861586158615862
0.711701657493857,0.716290700954927,3.21046913116188e-06,1,0,0.851185118511851
0.713444278037265,0.672859602706089,3.21156130227315e-06,1,0,0.86008600860086
0.719000141920984,0.630292480592545,2.07781457354774e-06,1,0,0.878787878787879
0.712630719444476,0.691544225930854,2.80816420914196e-06,1,0,0.856085608560856
0.714387886585472,0.695217497223245,3.0622303393855e-06,1,0,0.86028602860286
0.715804668624202,0.687697433533485,3.03300433595458e-06,1,0,0.864786478647865
0.718800791360356,0.617071726237636,2.23434080849244e-06,1,0,0.87968796879688
0.722258533232878,0.619834053060797,2.58562718945619e-06,1,0,0.888288828882888
0.724658976044043,0.552627748390782,2.44474880695019e-06,1,0,0.901290129012901
0.738540126275897,0.439587711961674,1.74965325391948e-06,1,0,0.948694869486949
0.748823232042434,0.361107801251369,1.90283425458004e-06,1,0,0.983298329832983
0.723084276186864,0.568946155928572,2.74591905186656e-06,1,0,0.895589558955896
0.726727340089987,0.521727627717357,2.32415283732471e-06,1,0,0.90979097909791
0.729459509515357,0.515464774144234,2.09727433690009e-06,1,0,0.917491749174917
0.718455206104065,0.646270694801093,3.37328831518759e-06,1,0,0.875787578757876
0.712365801250647,0.682678478895161,3.28221340449939e-06,1,0,0.856385638563856
0.713326875418537,0.730482642622044,2.45862827669856e-06,1,0,0.853985398539854
0.730120055023552,0.524443601158781,2.02817616761406e-06,1,0,0.918391839183918
0.72430301028963,0.557731770349159,2.70329902623244e-06,1,0,0.8998899889989
0.723071102994726,0.544737371673769,2.34639379571788e-06,1,0,0.897989798979898
0.715906737063647,0.632327655941537,3.23496207904371e-06,1,0,0.870587058705871
0.722144640240268,0.569092357880485,2.06206751649016e-06,1,0,0.893189318931893
0.717473505669981,0.619333770097368,2.44004247695231e-06,1,0,0.875987598759876
0.716377756013758,0.625921891902155,2.53894412269095e-06,1,0,0.872487248724872
0.718049998825588,0.598366746173495,2.30440848634057e-06,1,0,0.87958795879588
0.720581206711741,0.607275223145841,2.31054774781824e-06,1,0,0.885288528852885
0.716522787403076,0.57322084051884,2.76915261829664e-06,1,0,0.878187818781878
0.720626996436966,0.575246110094604,3.49376192429338e-06,1,0,0.888588858885889
0.719367960486413,0.549198186139626,2.801974101393e-06,1,0,0.887988798879888
0.726863991918228,0.540224881101569,1.96745755229967e-06,1,0,0.908290829082908
0.727011349142548,0.58012756743568,2.12906568957863e-06,1,0,0.904690469046905
0.725278600943545,0.544012230783171,2.22213531669591e-06,1,0,0.903790379037904
0.728551010300179,0.526334223689409,2.25721355795377e-06,1,0,0.914091409140914
0.734284993829919,0.526692850382357,1.99755549993214e-06,1,0,0.928892889288929
0.734265227662345,0.523998316278208,2.19642527522158e-06,1,0,0.929092909290929
0.732127189942747,0.521691933917277,2.1729682191039e-06,1,0,0.923792379237924
0.734360780372057,0.531344700553108,2.52440612413581e-06,1,0,0.928592859285929
0.734331795408513,0.490113289424379,2.30850259418843e-06,1,0,0.932693269326933
0.732598546055123,0.491952277264614,2.15262362411449e-06,1,0,0.928092809280928
0.733629279493631,0.53550719362568,2.20690216518391e-06,1,0,0.926292629262926
0.730579713066603,0.530155339353606,2.81079908665424e-06,1,0,0.918991899189919
0.738587744159146,0.483585567804999,2.73465010657075e-06,1,0,0.944394439443944
0.765476301186113,0.161505047904566,2.60725834546379e-06,1,0,1
0.771344524199113,0.146474623696352,2.53889854703325e-06,1,0,1
0.758365077839796,0.208670667675478,2.95480239078805e-06,1,0,1
0.763375289483655,0.169890573058662,1.88274769604386e-06,1,0,1
0.768812316833863,0.177728837059157,2.84438688707745e-06,1,0,1
0.767578770885697,0.1807596171095,2.48455615669957e-06,1,0,1
0.769472741325408,0.182771676274454,1.59756557078087e-06,1,0,1
0.755890304306703,0.220848767805173,1.90836124598755e-06,1,0,1
0.70485947984894,0.833512331855616,1.9972395401879e-06,1,0,0.821682168216822
0.705863995315547,0.789727899065381,1.92681013329854e-06,1,0,0.828682868286829
0.700382401434504,0.753095497815279,2.61528809479349e-06,1,0,0.818181818181818
0.696852833259429,0.667327107054285,2.27809213689656e-06,1,0,0.817681768176818
0.700484547186579,0.888843353254808,2.08755818542915e-06,1,0,0.804780478047805
0.699134295052828,0.858760707846322,2.79057469696557e-06,1,0,0.804280428042804
0.699378650478549,0.762557036829973,2.62959107304905e-06,1,0,0.814581458145815
0.699649995265934,0.902397123164063,2.90593390344481e-06,1,0,0.801180118011801
0.736310418028064,0.363752776855938,1.95363273971305e-06,1,0,0.950595059505951
0.745100926832621,0.361061459124422,2.77557431741001e-06,1,0,0.973697369736974
0.743645639850491,0.358552653228211,2.65489706062541e-06,1,0,0.97019701970197
0.748195081951909,0.330047961319487,1.94021694442227e-06,1,0,0.984798479847985
0.741928778454224,0.342162922567871,2.42379914603733e-06,1,0,0.967396739673967
0.742096757382656,0.352622027180317,2.44262230011292e-06,1,0,0.966696669666967
0.717680548182296,0.600156132251685,2.00848009874173e-06,1,0,0.878487848784879
0.717494921115273,0.573016628067764,2.59007117168357e-06,1,0,0.880688068806881
0.721161935568267,0.596820551224672,1.94172139776289e-06,1,0,0.887788778877888
0.720089571652602,0.597767415958857,1.92417860153714e-06,1,0,0.884888488848885
0.730516803788473,0.527430203923137,1.97214583518361e-06,1,0,0.919091909190919
0.719334953618883,0.601405768307971,1.97885097950413e-06,1,0,0.882588258825883
0.722881783449195,0.576166013973935,1.63176124425545e-06,1,0,0.894389438943894
0.722825016039191,0.547282699956805,1.47722500595566e-06,1,0,0.897089708970897
0.718292955056225,0.602934872100911,1.07410822433397e-06,1,0,0.87978797879788
0.738381804699696,0.493288139940379,1.64694683529792e-06,1,0,0.942894289428943
0.73097147131612,0.467634426000522,2.28831808423901e-06,1,0,0.926292629262926
0.731535542174707,0.495371268432206,2.24722364470108e-06,1,0,0.924992499249925
0.731088443934816,0.505996691120117,2.4603514565813e-06,1,0,0.922692269226923
0.728843257274993,0.514739608297297,2.07650820281227e-06,1,0,0.915991599159916
0.735356200615147,0.456004776134723,2.66891835861992e-06,1,0,0.938793879387939
0.716024429062902,0.660821540260072,2.68007396186497e-06,1,0,0.867986798679868
0.720407723909075,0.583609941562379,1.74308421567599e-06,1,0,0.887188718871887
0.710055363855113,0.713948077147176,2.84793006375895e-06,1,0,0.847184718471847
0.718159226502502,0.660500628172185,1.77193508498864e-06,1,0,0.873587358735874
0.71603413075899,0.619710217094586,1.85145391849044e-06,1,0,0.872187218721872
0.719347180922769,0.611186414931829,1.75075144689873e-06,1,0,0.881688168816882
0.71776875804395,0.578636810991608,1.85886522186289e-06,1,0,0.880888088808881
0.717540817267445,0.59658734378644,1.57852364635289e-06,1,0,0.878487848784879
0.739324583262204,0.375356022413344,2.66613108082314e-06,1,0,0.957295729572957
0.739701416268256,0.378659673926966,2.49387917341623e-06,1,0,0.957895789578958
0.740416789263202,0.36397486207359,2.27489839484314e-06,1,0,0.961196119611961
0.739844726963741,0.364695160509205,2.44868043985041e-06,1,0,0.95969596959696
0.739980819107861,0.359270573758577,2.33247156982711e-06,1,0,0.960596059605961
0.740037127878981,0.368437381409108,2.27605482477146e-06,1,0,0.95979597959796
0.741827893913604,0.357728903605311,2.12636130418005e-06,1,0,0.965496549654965
0.741199427028211,0.351409632399722,2.33613854345321e-06,1,0,0.964496449644965
0.741527221556216,0.362555926678202,2.21317666366461e-06,1,0,0.964296429642964
0.741319426679954,0.355010063248578,2.3056679893068e-06,1,0,0.964496449644965
0.731752767921511,0.452158061348143,4.04772389374117e-06,1,0,0.92989298929893
0.750495052178732,0.288845827772705,1.6883251048943e-06,1,0,0.994899489948995
0.706276572762077,0.680990796989219,2.65008278272261e-06,1,0,0.840684068406841
0.705624821800497,0.810038416481095,3.98970512529961e-06,1,0,0.825982598259826
0.709501086198268,0.666063529359335,1.79570256148227e-06,1,0,0.850585058505851
0.741420894663356,0.359911055655421,3.09578900015056e-06,1,0,0.964196419641964
0.733318126106711,0.458468460291864,2.53296384052226e-06,1,0,0.933293329332933
0.738813525680874,0.388448916913485,2.54290055097772e-06,1,0,0.954595459545955
0.735906966510301,0.509365647496439,2.64619078719382e-06,1,0,0.934893489348935
0.736566009931572,0.472739072039089,2.21986949908887e-06,1,0,0.94029402940294
0.736788653342522,0.39659854644316,2.39198793778319e-06,1,0,0.948494849484948
0.739555721343391,0.385082943560779,2.34190213606043e-06,1,0,0.956895689568957
0.730314295627597,0.533144638393194,2.16852976220288e-06,1,0,0.917991799179918
0.7354974350487,0.477724978450177,2.5011671653699e-06,1,0,0.936993699369937
0.734325421219413,0.494382569908258,2.43714394296737e-06,1,0,0.932293229322932
0.741873762659896,0.381864213280678,2.23753958719063e-06,1,0,0.963196319631963
0.735307691361884,0.476873235616638,2.59817447198745e-06,1,0,0.936593659365937
0.734470415069433,0.475249840261447,2.71267348631699e-06,1,0,0.934593459345935
0.735918905698543,0.367945954499452,2.50655910550271e-06,1,0,0.949194919491949
0.736988509129587,0.484693595464728,2.13713747045062e-06,1,0,0.94019401940194
0.737148481804318,0.508477030477933,2.12853809918132e-06,1,0,0.938193819381938
0.734803355252802,0.416098855502181,2.50307704959121e-06,1,0,0.941394139413941
0.737875723591773,0.50879445663349,2.16840993812478e-06,1,0,0.93999399939994
0.73670610630013,0.499995424334963,2.19439024406025e-06,1,0,0.937893789378938
0.739100136264807,0.447471298972657,2.04501299645421e-06,1,0,0.949394939493949
0.737157753132088,0.489478271591806,2.3027172976211e-06,1,0,0.94009400940094
0.736616063422057,0.485992128961698,2.43334765794879e-06,1,0,0.939093909390939
0.737170194537773,0.485035452319605,2.39914198706506e-06,1,0,0.940594059405941
0.738286787169744,0.501112535881805,2.38473327305198e-06,1,0,0.941894189418942
0.735129948706517,0.470138930615309,2.1185897598968e-06,1,0,0.936793679367937
0.738182912304774,0.483795127884582,2.70112678069441e-06,1,0,0.943394339433943
0.735000306257875,0.493439064045284,2.63972109040745e-06,1,0,0.934093409340934
0.735307822843801,0.452468063047514,2.52575636793728e-06,1,0,0.939093909390939
0.735311454285073,0.494799858996298,2.70171182446245e-06,1,0,0.934793479347935
0.731403028383337,0.499546246120502,2.5644701451391e-06,1,0,0.924192419241924
0.735233576287477,0.384622592351687,2.57225971740432e-06,1,0,0.945694569456946
0.733398590455065,0.503724159251214,2.56844816395814e-06,1,0,0.928892889288929
0.739932153643973,0.341291968062973,3.11284697472236e-06,1,0,0.962296229622962
0.739819344776119,0.354136528731718,3.00196319239411e-06,1,0,0.960696069606961
0.740460542563572,0.346934906718242,2.86468551329258e-06,1,0,0.963096309630963
0.740238507149187,0.349573080086437,2.81576259180011e-06,1,0,0.962196219621962
0.742687143473198,0.314691513440944,2.83055890594386e-06,1,0,0.972097209720972
0.73951706421753,0.36812989960681,2.35023240509852e-06,1,0,0.958495849584958
0.734345983286457,0.416248286228759,2.04563251753558e-06,1,0,0.94019401940194
0.741073023188703,0.348878643500879,2.53265964164765e-06,1,0,0.964496449644965
0.737730990431683,0.390015921404295,2.65675989317004e-06,1,0,0.951595159515952
0.735779061539259,0.428818015302565,2.55912198471642e-06,1,0,0.942694269426943
0.734928402336386,0.411242569004258,2.53459585278845e-06,1,0,0.942194219421942
0.733267132210433,0.404932179555512,2.41584808901153e-06,1,0,0.938593859385939
0.735548556001129,0.454595397072312,2.32371535080412e-06,1,0,0.939493949394939
0.736197881295268,0.41582059743254,2.39055630951578e-06,1,0,0.945094509450945
0.733969588395543,0.452721876954413,2.40932572899503e-06,1,0,0.935593559355936
0.733825868416725,0.470537057121531,2.47367227298224e-06,1,0,0.933393339333933
0.738454969686924,0.401344698489127,2.65838875867296e-06,1,0,0.952395239523952
0.734974949735565,0.36915251590305,2.45554173698032e-06,1,0,0.946594659465947
0.736288059392348,0.366408553501587,2.87769780710134e-06,1,0,0.95029502950295
0.73850319885935,0.386699391578642,2.75058096762595e-06,1,0,0.953995399539954
0.733867521078289,0.473403656117675,2.56222968444909e-06,1,0,0.933193319331933
0.731641308229789,0.495378187937525,2.64390806123146e-06,1,0,0.925192519251925
0.736541257983403,0.4901082936744,2.39940045895233e-06,1,0,0.938493849384939
0.733926119318768,0.503330574040595,2.25027086322347e-06,1,0,0.93029302930293
0.735107732185904,0.621560288690202,1.88647697337705e-06,1,0,0.921492149214922
0.740519172952882,0.371664778724205,2.92337533405557e-06,1,0,0.960696069606961
0.737390491746218,0.531939967801565,1.89491464113856e-06,1,0,0.936393639363936
0.734514696469086,0.630816181412489,1.81999023939542e-06,1,0,0.918991899189919
0.763729020654137,0.354763188777081,3.41105053860709e-06,1,0,1
0.729147052189332,0.440165524740051,4.58829089959512e-06,1,0,0.924292429242924
0.726340474348211,0.444058723585514,4.10129600948166e-06,1,0,0.916691669166917
0.725060558996689,0.455553285447323,4.11486868812669e-06,1,0,0.912191219121912
0.726937119127052,0.444449277476574,3.34261688429209e-06,1,0,0.918191819181918
0.728099405708908,0.417242134697068,3.80716662441525e-06,1,0,0.923892389238924
0.729436233694116,0.390292062851183,3.58757283531476e-06,1,0,0.93009300930093
0.711873867632485,0.677663765015327,3.52084679153749e-06,1,0,0.855585558555856
0.698394046217898,0.897854109446394,5.27136771640081e-06,1,0,0.798379837983798
0.688142151952744,0.871103377097376,2.61703918221729e-06,1,0,0.774477447744774
0.688927636486869,0.947631948381265,3.52672532524096e-06,1,0,0.768876887688769
0.752893185486821,0.308567659535528,2.32119360136946e-06,1,0,0.999199919991999
0.689929511770015,0.967398083119425,2.20278700683841e-06,1,0,0.769476947694769
0.690724007143236,0.929104636932107,2.7243468080362e-06,1,0,0.775377537753775
0.700423102452482,0.879319725653537,3.57157081531974e-06,1,0,0.805580558055806
0.701623917763258,0.873552758965573,5.0307615906745e-06,1,0,0.809280928092809
0.716269660947713,0.631513225015323,1.28187202097159e-06,1,0,0.871587158715872
0.720341184646062,0.576541399335607,1.84880358703082e-06,1,0,0.887688768876888
0.722299264282497,0.598985759164176,3.03946613338113e-06,1,0,0.890589058905891
0.707712539361027,0.886223183396419,1.75644852785653e-06,1,0,0.823782378237824
0.725543825425506,0.560510483982207,1.80769765790136e-06,1,0,0.902790279027903
0.705635814738666,0.681775363670753,3.41798469536454e-06,1,0,0.838983898389839
0.715405910215543,0.628147120346829,1.87876160302027e-06,1,0,0.86968696869687
0.716481964550936,0.626620385146639,2.05680488455714e-06,1,0,0.872687268726873
0.717109461512272,0.628923734162205,2.08940746724334e-06,1,0,0.874087408740874
0.717191738288045,0.614807891300028,1.99487238290752e-06,1,0,0.875687568756876
0.719221595609567,0.600768379565777,1.99270061182842e-06,1,0,0.882388238823882
0.71996401770623,0.592131782405157,2.01505358288313e-06,1,0,0.885188518851885
0.719669934059386,0.588501510456948,2.03606827543552e-06,1,0,0.884788478847885
0.72020447243489,0.595169264486118,2.13111241197267e-06,1,0,0.885488548854885
0.721072365046137,0.600025475306273,2.04279185593953e-06,1,0,0.887288728872887
0.721739551742462,0.5796681823783,1.9971268819468e-06,1,0,0.891089108910891
0.721834629693827,0.577003755141068,2.03331871850553e-06,1,0,0.891589158915892
0.722947500840391,0.567652072288662,1.9552074700669e-06,1,0,0.895389538953895
0.724856883866389,0.553865820160165,1.8629831097905e-06,1,0,0.901690169016902
0.694425410959726,1.18159637716497,3.40592606888521e-06,1,0,0.759475947594759
0.73455753442739,0.516766776519846,2.9479873674705e-06,1,0,0.930593059305931
0.724564232838133,0.725536741020599,1.71559098145621e-06,1,0,0.883688368836884
0.736498476941132,0.536949997932519,1.75115145706045e-06,1,0,0.933593359335934
0.742912951788694,0.422589516319637,3.52448246845415e-06,1,0,0.961796179617962
0.743808581935564,0.41687442345961,3.75325902722222e-06,1,0,0.964696469646965
0.72960952189762,0.56319363254711,2.17843888157214e-06,1,0,0.913091309130913
0.73457307169048,0.600609462058863,2.99925772729945e-06,1,0,0.922192219221922
0.734066028725647,0.498390633247523,3.89289524603746e-06,1,0,0.931193119311931
0.727708785992421,0.549181363804376,3.31407789579981e-06,1,0,0.90959095909591
0.736279313329456,0.498604564050716,2.32433388242317e-06,1,0,0.936893689368937
0.718986058111019,0.616621906214513,3.9682565993878e-06,1,0,0.88018801880188
0.73570663249489,0.478117098701961,3.12641714539763e-06,1,0,0.937493749374937
0.733105865127801,0.503641466904023,3.33623510622977e-06,1,0,0.928192819281928
0.728048643199982,0.547607668604419,1.87703083742497e-06,1,0,0.910591059105911
0.72300686332116,0.579630485130139,3.85006264004262e-06,1,0,0.894289428942894
0.721646747878834,0.66568441835624,1.53177686400995e-06,1,0,0.882088208820882
0.724384057092229,0.587944777161396,3.6919781443512e-06,1,0,0.897089708970897
0.724661158727052,0.559585570562542,4.2562467404791e-06,1,0,0.900690069006901
0.717843257795077,0.669350567503773,3.62655021577042e-06,1,0,0.871887188718872
0.717272621319543,0.64957967241551,2.72317083337653e-06,1,0,0.872387238723872
0.71821419578421,0.608385676490972,3.01075796942716e-06,1,0,0.878987898789879
0.73168775191042,0.440183930967749,3.58645758844875e-06,1,0,0.930893089308931
0.73260621214699,0.391067370184365,3.81880490673423e-06,1,0,0.938293829382938
0.727802541738764,0.414062148964456,3.34978365546889e-06,1,0,0.923492349234924
0.726882782580851,0.431695608452835,3.32856556459561e-06,1,0,0.919291929192919
0.729481938896296,0.399344155597425,3.09791126382309e-06,1,0,0.929292929292929
0.76125964070007,0.15992087586346,2.41047130029071e-06,1,0,1
0.695542416374293,0.909121328509468,3.0019521683126e-06,1,0,0.78987898789879
0.730962901911707,0.439779831048105,1.44974516028669e-06,1,0,0.929092909290929
0.720205433873275,0.442011304361558,1.48765178833648e-06,1,0,0.900990099009901
0.68915738842622,0.982591365574094,2.46050647356617e-06,1,0,0.765876587658766
0.710296534237516,0.66963458545342,2.69234613093303e-06,1,0,0.852285228522852
0.742024126066388,0.310558350368457,3.20177237167639e-06,1,0,0.970797079707971
0.718730901213008,0.599184831965291,2.38819060334028e-06,1,0,0.881288128812881
0.699623916441721,0.632642067012588,3.41210344466929e-06,1,0,0.828382838283828
0.700544644445496,0.726939928407536,3.81976265808225e-06,1,0,0.821182118211821
0.699911973597822,0.687922556349091,2.13652181293396e-06,1,0,0.823482348234823
0.697589611187113,0.764571674766689,4.63671284902657e-06,1,0,0.80978097809781
0.699318944059258,0.804556221398743,4.6499294398344e-06,1,0,0.81018101810181
0.705178459057477,0.628577440074618,2.48762890120447e-06,1,0,0.843184318431843
0.696451637331823,0.895497019212395,4.24992996088259e-06,1,0,0.793579357935794
0.743024055842426,0.30255772744075,1.6761063463221e-06,1,0,0.974197419741974
0.701918188735508,0.770606653205238,1.62044774443563e-06,1,0,0.82038203820382
0.702048365920527,0.77460510007794,1.77969444746142e-06,1,0,0.82028202820282
0.699816142480983,0.792930771815704,2.1477454049761e-06,1,0,0.812681268126813
0.701700170308547,0.789997962098835,1.96319179632399e-06,1,0,0.817881788178818
0.701094261198658,0.79580938855728,1.97369751392323e-06,1,0,0.815681568156816
0.702020788135768,0.768457693401999,1.81976162653136e-06,1,0,0.820882088208821
0.704311205102749,0.775350506551452,2.19831215368138e-06,1,0,0.826082608260826
0.704601926448895,0.7666039170648,2.13140892876878e-06,1,0,0.827782778277828
0.7044883988518,0.767500145725674,2.13461665268269e-06,1,0,0.827382738273827
0.698740107649752,0.844376576539999,1.95548029666252e-06,1,0,0.804680468046805
0.698565066577509,0.839753334582655,1.91037476922553e-06,1,0,0.804680468046805
0.699782884664979,0.821748632104249,1.84470703132159e-06,1,0,0.80968096809681
0.698905659821021,0.821679414066411,1.84115089288064e-06,1,0,0.807380738073807
0.697480010806765,0.808579790336492,2.02907517687326e-06,1,0,0.805080508050805
0.697761735192031,0.816633152258717,2.18812043179683e-06,1,0,0.804980498049805
0.697575910094863,0.812555923754514,2.19948906189142e-06,1,0,0.804880488048805
0.698059144021386,0.811064620654735,2.16198056609176e-06,1,0,0.806280628062806
0.698043692419079,0.804951822077223,2.30623493304728e-06,1,0,0.806880688068807
0.6979636480652,0.806250450392697,2.31634351859672e-06,1,0,0.806580658065807
0.698096463517018,0.803598847399097,2.37946273898779e-06,1,0,0.807180718071807
0.698469753901164,0.816216914009645,2.58655884040819e-06,1,0,0.806880688068807
0.70539047641985,0.752865670214332,2.35556976915727e-06,1,0,0.831183118311831
0.706770975095748,0.719920335893795,2.50181666694818e-06,1,0,0.838083808380838
0.70652611972883,0.726707596711696,2.17616226676197e-06,1,0,0.836783678367837
0.705109549325394,0.761863188095568,2.03026270102373e-06,1,0,0.82958295829583
0.706085342554822,0.756333730794249,1.88206597349271e-06,1,0,0.832583258325833
0.705238964583101,0.757406468610153,1.9113228011811e-06,1,0,0.83028302830283
0.705629962164133,0.762957601634847,1.84207824311912e-06,1,0,0.830783078307831
0.705870042709608,0.755030518802044,2.04686018959559e-06,1,0,0.832183218321832
0.705290752686822,0.759001188218714,1.96608670003443e-06,1,0,0.83028302830283
0.704534397910479,0.766853156559874,1.80641850666211e-06,1,0,0.827582758275828
0.706151154690627,0.735515896639275,1.57995986138915e-06,1,0,0.834883488348835
0.708410746732765,0.715496493698917,1.51433443180676e-06,1,0,0.842784278427843
0.708534080659498,0.712676721279087,1.55248597753512e-06,1,0,0.843384338433843
0.743092502791712,0.367431649526697,1.82876946161214e-06,1,0,0.967796779677968
0.692093976947375,0.872630022705949,1.80500772114574e-06,1,0,0.784578457845785
0.717346018227652,0.486196303336429,1.894768382711e-06,1,0,0.889088908890889
0.692048746800239,0.90218910637728,3.21063422074875e-06,1,0,0.781478147814782
0.69405921324686,0.837379860891955,1.68159998641298e-06,1,0,0.793279327932793
0.693950623642101,0.866633598970906,3.3685323362157e-06,1,0,0.79007900790079
0.692031200326225,0.945600108465249,4.80691003679646e-06,1,0,0.777077707770777
0.692021268864665,0.949563973783053,5.0956373509208e-06,1,0,0.776677667766777
0.691648964933088,0.960001378581285,4.74989897600949e-06,1,0,0.774677467746775
0.74177819678873,0.42950973111195,2.00332280178416e-06,1,0,0.958195819581958
0.722908874402423,0.511424877614772,3.42449937927817e-06,1,0,0.900990099009901
0.751148590711667,0.259886672790108,1.62196481179059e-06,1,0,0.999599959996
0.697927569214361,0.93027446438278,4.90217366840822e-06,1,0,0.793879387938794
0.697556557772906,0.825403596120076,4.24451547065156e-06,1,0,0.803580358035804
0.696969404928949,0.837283291098993,3.77750435354604e-06,1,0,0.800780078007801
0.698405545436767,0.792532198112813,3.13595222124614e-06,1,0,0.809080908090809
0.695823337919694,0.866347049700741,4.06027003071236e-06,1,0,0.794879487948795
0.698068115295062,0.809242495826486,2.2468086921527e-06,1,0,0.806480648064806
0.698439460090129,0.804385355285393,3.04315312770035e-06,1,0,0.807980798079808
0.697710951733263,0.814968013124251,2.91421154878636e-06,1,0,0.804980498049805
0.722397848674246,0.523035339036374,2.22587280744034e-06,1,0,0.898489848984898
0.697178029687943,0.773740202353591,2.26954007398986e-06,1,0,0.807780778077808
0.698434442490103,0.827257871589711,3.66071298707644e-06,1,0,0.805680568056806
0.699345910006336,0.780903908620012,2.58057583144949e-06,1,0,0.812681268126813
0.702172703548316,0.72418906017003,1.38841662314282e-06,1,0,0.825682568256826
0.700637004008086,0.784061243887328,3.22306885607048e-06,1,0,0.815681568156816
0.704615855621663,0.671866456808394,1.59051477957069e-06,1,0,0.837383738373837
0.704364554756612,0.660989732731009,1.41770852043415e-06,1,0,0.837783778377838
0.704103510627408,0.65752518738157,1.59505629024457e-06,1,0,0.837483748374838
0.711094933227593,0.628556140395311,1.4474880416009e-06,1,0,0.858485848584858
0.700712025266268,0.803074584698336,3.22195061778603e-06,1,0,0.813981398139814
0.704204140990487,0.674211902924855,1.69564849014774e-06,1,0,0.836083608360836
0.706092015836256,0.750353420663677,2.41323497116001e-06,1,0,0.833283328332833
0.706136831728729,0.754642189553994,2.55746492504815e-06,1,0,0.832883288328833
0.704171126933063,0.769301180777702,3.61574148618658e-06,1,0,0.826382638263826
0.705130601445076,0.767969451295815,2.76477132093929e-06,1,0,0.828982898289829
0.705657982093659,0.74688841931726,2.57106845966208e-06,1,0,0.832483248324832
0.704668246965696,0.785626524410965,3.00781208111821e-06,1,0,0.825982598259826
0.732422370226926,0.429992850287094,2.06617305470926e-06,1,0,0.933793379337934
0.702620555268145,0.775537333094624,3.04606550243791e-06,1,0,0.821682168216822
0.698983415383227,0.830837868652643,2.38291478129869e-06,1,0,0.806680668066807
0.699412397586574,0.823382837538733,2.10968262846109e-06,1,0,0.808580858085809
0.701353863772996,0.793796940411093,2.17458254610049e-06,1,0,0.816581658165817
0.701346463279522,0.797474719623311,2.41400091122535e-06,1,0,0.816181618161816
0.701453111137347,0.795382843564023,2.50600505661727e-06,1,0,0.816681668166817
0.70106106189366,0.85027900788915,2.49564037944597e-06,1,0,0.81008100810081
0.703211092900744,0.783723419505104,2.24103545589853e-06,1,0,0.822382238223822
0.701849412438159,0.802787165500068,2.5120869737859e-06,1,0,0.816981698169817
0.701168139743885,0.793674702133034,2.06947161523692e-06,1,0,0.816081608160816
0.701347867067297,0.801691499122768,2.25841560193424e-06,1,0,0.815781578157816
0.702490017396862,0.778715123173248,2.4025824848764e-06,1,0,0.821082108210821
0.701677235556616,0.800091309820823,2.40759778613874e-06,1,0,0.816781678167817
0.701781075468245,0.8038274968073,2.47716235605869e-06,1,0,0.816681668166817
0.701634539629706,0.801253622043518,2.52773580475482e-06,1,0,0.816581658165817
0.701622555035149,0.806594251260696,2.57549095085162e-06,1,0,0.815981598159816
0.701683206825132,0.808485673506172,2.57296174775994e-06,1,0,0.815981598159816
0.701485841539493,0.805667759078307,2.58709382204809e-06,1,0,0.815681568156816
0.7016545743674,0.807478497641867,2.70356090172269e-06,1,0,0.815981598159816
0.699984972729144,0.842000846383938,2.62190577795089e-06,1,0,0.808180818081808
0.701100786584111,0.831632577258629,2.78443728715958e-06,1,0,0.812081208120812
0.703009303219044,0.776925082698209,2.83112495839616e-06,1,0,0.822582258225823
0.703133845090049,0.782461711221406,2.88218653755924e-06,1,0,0.822382238223822
0.702814893513487,0.786652121501325,2.87062256254264e-06,1,0,0.821082108210821
0.702933370053111,0.784639296923448,2.85305848871713e-06,1,0,0.821582158215822
0.702974344504701,0.782972820853589,2.86866703429076e-06,1,0,0.821882188218822
0.702717310308024,0.782283269850379,2.87686685405488e-06,1,0,0.821282128212821
0.701555008856973,0.824568640269641,2.90090196437611e-06,1,0,0.813981398139814
0.702694812545567,0.792741903151631,3.0059647448699e-06,1,0,0.82018201820182
0.702747994330023,0.784590994168821,2.88853579567641e-06,1,0,0.821082108210821
0.702412421673261,0.798994113608967,2.9418077705754e-06,1,0,0.818781878187819
0.702157955954205,0.799100813666186,2.90732849880878e-06,1,0,0.818081808180818
0.730921570575641,0.358050382437198,2.89784479374505e-06,1,0,0.937193719371937
0.743255987396236,0.300892679114616,2.43797454710397e-06,1,0,0.974997499749975
0.738825987925773,0.30728686129706,2.62002656905862e-06,1,0,0.962796279627963
0.754167797373431,0.239243444522512,1.67346440864169e-06,1,0,1
0.755115568611498,0.174337581958597,2.05640938760725e-06,1,0,1
0.748740268249739,0.250757683508421,2.21011604223953e-06,1,0,0.994199419941994
0.760419167110429,0.236569431647177,1.42734761916251e-06,1,0,1
0.744077170754415,0.297466035967988,3.2282544852064e-06,1,0,0.977397739773977
0.738968962505455,0.28283238376444,3.00824951847789e-06,1,0,0.965696569656966
0.759036711747545,0.176295552672144,2.14899166827868e-06,1,0,1
0.737240390108903,0.34689539891202,2.66313143787357e-06,1,0,0.954695469546955
0.738150168020333,0.345923274528475,2.96247922392903e-06,1,0,0.957195719571957
0.731980147000746,0.337804967693773,2.63513254756038e-06,1,0,0.941994199419942
0.734463094007215,0.331978542788989,2.67163017405658e-06,1,0,0.948994899489949
0.731079181321655,0.346354896562872,2.63087718195847e-06,1,0,0.938793879387939
0.734334031947038,0.33708783962264,2.1792635525043e-06,1,0,0.948194819481948
0.742866351693062,0.281614615899428,1.64174854094777e-06,1,0,0.975897589758976
0.759800357154359,0.211628448654514,1.74275704027882e-06,1,0,1
0.755283934733336,0.180449805493746,2.52753309790533e-06,1,0,1
0.753247975465794,0.225741066556001,2.14087989124838e-06,1,0,1
0.750985609390178,0.207543885167636,2.91776584138752e-06,1,0,1
0.764313369288816,0.152191668692406,2.8708298977836e-06,1,0,1
0.756670899287802,0.16773418203008,2.0231548524862e-06,1,0,1
0.750427757924723,0.241759506665761,2.91239879039927e-06,1,0,0.999499949994999
0.739713986049473,0.316031935507023,2.28221379595859e-06,1,0,0.964296429642964
0.758925995038437,0.158315114068646,3.14254300014136e-06,1,0,1
0.754773719046028,0.186367144932691,2.57224894587809e-06,1,0,1
0.759451694548136,0.248998632927279,1.61795231998578e-06,1,0,1
0.749278986240427,0.219436140581573,2.74972473519828e-06,1,0,0.998799879987999
0.754633876565551,0.187296573105503,2.62652660891935e-06,1,0,1
0.753306927732187,0.178186241150283,2.43647957512697e-06,1,0,1
0.757419082757185,0.212255868231874,2.55372627926558e-06,1,0,1
0.752189185452014,0.18755931181779,2.59509966920147e-06,1,0,1
0.759384766029121,0.173787175086687,3.18494999464211e-06,1,0,1
0.751320068582748,0.202395045571778,2.07801464550591e-06,1,0,1
0.753977314441205,0.203276681579705,2.25066698143708e-06,1,0,1
0.74930036378179,0.242812251101764,2.97210718654831e-06,1,0,0.996499649964997
0.753983592445116,0.198118895990164,1.77974371835482e-06,1,0,1
0.753256249042692,0.200751167667431,2.24978512132816e-06,1,0,1
0.759128197264146,0.23469159340799,2.01963803148041e-06,1,0,1
0.756022755352659,0.197352390426245,2.82996998228061e-06,1,0,1
0.76052558781642,0.236096810687964,1.99770441362436e-06,1,0,1
0.754462754125992,0.285388022630178,1.43743873534032e-06,1,0,1
0.746048319740044,0.407394432833749,1.29584979691503e-06,1,0,0.971497149714971
0.746600563233694,0.336564280302656,1.663043056598e-06,1,0,0.97999799979998
0.746703747655575,0.323811014671581,1.66470547516554e-06,1,0,0.981598159815982
0.744702886001358,0.411811167823646,1.20901961258343e-06,1,0,0.967496749674967
0.745508820782319,0.378201261766419,1.27140411850226e-06,1,0,0.972997299729973
0.743459633253601,0.377990749133044,1.59426006014742e-06,1,0,0.967696769676968
0.735672462786664,0.424516964588702,1.94131977273288e-06,1,0,0.942794279427943
0.748723698571185,0.335496173614499,1.81863937676575e-06,1,0,0.985598559855986
0.747023804953045,0.376478986646773,1.51185390572355e-06,1,0,0.977097709770977
0.747332800465868,0.356359894072527,1.57811319657462e-06,1,0,0.97989798979898
0.749734985009486,0.332639481824856,1.56323967757034e-06,1,0,0.988598859885989
0.74002115478193,0.37745629874825,2.17106043816874e-06,1,0,0.958795879587959
0.744598608611664,0.375534435013,1.87409107260545e-06,1,0,0.970897089708971
0.736701481811767,0.416821338442322,2.3348227587518e-06,1,0,0.946294629462946
0.739230446057906,0.379242874961871,2.22341242280037e-06,1,0,0.956595659565957
0.74595322642166,0.339444022670685,1.57931588796796e-06,1,0,0.978097809780978
0.728271870858913,0.419694276284042,5.65218934563819e-06,1,0,0.924092409240924
0.724319511884295,0.465660290121392,4.42513854855686e-06,1,0,0.909190919091909
0.745760106662154,0.399434855671175,2.05621984176838e-06,1,0,0.971497149714971
0.723520579789065,0.466978893373759,3.79506672057503e-06,1,0,0.906990699069907
0.722713603302988,0.475908322966395,3.2084344753392e-06,1,0,0.903990399039904
0.743499747973024,0.341299445762746,2.09703565252684e-06,1,0,0.971497149714971
0.762254337600738,0.126143811354948,1.74163868914964e-06,1,0,1
0.701020466828695,0.930761784780209,3.42916144638299e-06,1,0,0.801880188018802
0.699088429083144,0.875401693888228,6.50540162358491e-06,1,0,0.802480248024802
0.696261077408064,0.977722997439845,5.81815425728298e-06,1,0,0.784778477847785
0.698078661598249,0.929485917439088,4.72817777005125e-06,1,0,0.794379437943794
0.695749225663242,0.921710927940285,3.58616729315096e-06,1,0,0.789178917891789
0.698167101304606,0.914270251928567,5.15454055940577e-06,1,0,0.796179617961796
0.704052452510186,0.77079802898527,2.7069326787303e-06,1,0,0.825882588258826
0.695236119385598,1.02155277125245,4.52789066996634e-06,1,0,0.777777777777778
0.698939180222987,0.909955882588616,4.56588153954969e-06,1,0,0.798579857985799
0.692536880180689,1.10339018672207,4.7629499391695e-06,1,0,0.762476247624763
0.69780059259414,0.919824416523882,4.10936006563163e-06,1,0,0.794679467946795
0.697394454825362,0.955597340358791,3.79285494431142e-06,1,0,0.78997899789979
0.697254446536279,0.923010157286257,2.65232574159443e-06,1,0,0.792879287928793
0.702594361687768,0.664410502334752,2.23675233170377e-06,1,0,0.832883288328833
0.699106369324112,0.885690332491338,4.53547408842882e-06,1,0,0.801480148014801
0.695614203228196,1.01415459338905,4.70562680041362e-06,1,0,0.77947794779478
0.701444010255568,0.792634404024462,3.53854627693039e-06,1,0,0.816881688168817
0.697084185057835,0.979168039856298,4.34074143003348e-06,1,0,0.786778677867787
0.69686035376261,0.947181023548518,3.77769459645474e-06,1,0,0.789478947894789
0.697740514542737,0.94515733081356,3.76820952395318e-06,1,0,0.791979197919792
0.69534395358408,0.990090615016461,5.37339238646834e-06,1,0,0.781178117811781
0.699886442827337,0.874910004497162,2.47500885399285e-06,1,0,0.804580458045805
0.701159719959614,0.880798365776601,2.16578073068373e-06,1,0,0.807280728072807
0.697070796194001,1.00463667172199,4.73826945146473e-06,1,0,0.784178417841784
0.696085591809927,0.991832001697581,5.5779233949308e-06,1,0,0.782978297829783
0.696056916732146,0.985968688872545,4.01504193926298e-06,1,0,0.783478347834783
0.696820037534089,0.976507466295006,4.07242579020804e-06,1,0,0.786378637863786
0.698327445537825,0.96597836858446,2.9637464727639e-06,1,0,0.791379137913791
0.707646217238572,0.752932262083247,1.79448157048156e-06,1,0,0.836983698369837
0.701648899867839,0.85213926335905,3.52628793424845e-06,1,0,0.811481148114812
0.702332824771725,0.841190921634305,3.47401781526066e-06,1,0,0.814381438143814
0.703776816050895,0.801828118540751,3.99365900311631e-06,1,0,0.822082208220822
0.704423313421578,0.794332718548386,3.9397927920041e-06,1,0,0.824482448244825
0.704592759520117,0.798823885207449,3.88115757662413e-06,1,0,0.824482448244825
0.704043481419803,0.803132675391023,3.76734198535718e-06,1,0,0.822582258225823
0.70335936094923,0.819052741461549,3.45783470888769e-06,1,0,0.819181918191819
0.703352486418446,0.818733793607743,3.86872043752043e-06,1,0,0.819281928192819
0.702281178228251,0.807555701047973,4.01295287863801e-06,1,0,0.817581758175818
0.703496292234714,0.81706304775014,3.72905816688689e-06,1,0,0.81978197819782
0.702901192630742,0.826711925179372,3.80948776948983e-06,1,0,0.817281728172817
0.702380146803039,0.814793210103127,3.58626073315763e-06,1,0,0.817081708170817
0.703342065338673,0.815060286547729,3.6216796723295e-06,1,0,0.81958195819582
0.702614069789409,0.829797256195108,3.76890886168975e-06,1,0,0.816181618161816
0.703812812821501,0.805032167158756,3.64524306878785e-06,1,0,0.821782178217822
0.704894786930543,0.788490586702059,3.79292891679683e-06,1,0,0.826282628262826
0.703942694723389,0.78856529684779,3.62921559079658e-06,1,0,0.823782378237824
0.702273532196848,0.81627116468375,3.28213393486154e-06,1,0,0.816681668166817
0.700551269573304,0.842122138442378,2.8383186488945e-06,1,0,0.80958095809581
0.700722609488837,0.868853724703479,2.73382215502263e-06,1,0,0.807380738073807
0.701643178027066,0.841685248999989,3.368930907511e-06,1,0,0.812481248124812
0.704134028403354,0.778953212502771,3.76295197331126e-06,1,0,0.825282528252825
0.703995869548375,0.788660526238342,3.27324263170238e-06,1,0,0.823982398239824
0.705146340503456,0.753767523859061,3.84032454945758e-06,1,0,0.83048304830483
0.704740391868609,0.762208888959243,3.78124154603387e-06,1,0,0.828582858285829
0.706818723023836,0.731945019282297,4.0609792606585e-06,1,0,0.836983698369837
0.70690496916689,0.725284071123425,4.18786354243305e-06,1,0,0.837883788378838
0.706839807920693,0.733037343589711,4.25685897028073e-06,1,0,0.836983698369837
0.730504557578326,0.509354566597384,2.72546323709112e-06,1,0,0.920892089208921
0.708743008435088,0.684086219156023,2.12413877886608e-06,1,0,0.846784678467847
0.716315755986313,0.631541447894171,2.99567807236837e-06,1,0,0.871787178717872
0.707295718096498,0.705153223650274,2.40119782697132e-06,1,0,0.840884088408841
0.70879268108078,0.680671803544876,2.13925202290625e-06,1,0,0.847284728472847
0.713940412462562,0.642145456430764,2.83135874485918e-06,1,0,0.864486448644864
0.70607846467556,0.684771960847933,1.92512559026568e-06,1,0,0.83978397839784
0.715161022920419,0.614958599872142,2.04380561194533e-06,1,0,0.87038703870387
0.713218047933235,0.627184695951535,2.44810814117392e-06,1,0,0.864186418641864
0.711431174530428,0.641680705487277,3.14647568684657e-06,1,0,0.858085808580858
0.714963071540825,0.602765959751194,2.35923714314399e-06,1,0,0.871187118711871
0.719946000931728,0.586884523601436,1.76872919755494e-06,1,0,0.885688568856886
0.708133077375458,0.659394080882909,2.05709856139645e-06,1,0,0.847684768476848
0.711281305658905,0.632108144930092,2.83038939642045e-06,1,0,0.858585858585859
0.711353896871346,0.633472934258682,3.69704109784947e-06,1,0,0.858685868586859
0.71222032941277,0.60827661709451,5.05678913466127e-06,1,0,0.863486348634864
0.70992383935438,0.625827156225558,4.20744920867663e-06,1,0,0.855785578557856
0.710752883009292,0.638437800740533,5.76383043471973e-06,1,0,0.856585658565857
0.712040252391099,0.617065884201275,3.00576626778384e-06,1,0,0.862086208620862
0.712391050514443,0.609891461118257,2.4270159640531e-06,1,0,0.863786378637864
0.711701824540482,0.606076453006413,2.68791836684906e-06,1,0,0.862386238623862
0.70973084651726,0.654619794334085,2.11960572976993e-06,1,0,0.852385238523852
0.712672682890344,0.610836094516104,3.49507243422647e-06,1,0,0.864386438643864
0.713562625999791,0.597838927894316,4.22360740491886e-06,1,0,0.867986798679868
0.710579904887244,0.644622185268799,3.91793000733743e-06,1,0,0.855585558555856
0.7050039994252,0.640939159425035,2.80209069298006e-06,1,0,0.841484148414842
0.714423107311524,0.594529500080026,3.75405902425491e-06,1,0,0.870587058705871
0.713406005621793,0.642463012755722,2.35265207576435e-06,1,0,0.863086308630863
0.711406137306096,0.613784177840485,2.45260149942011e-06,1,0,0.860786078607861
0.713179374101578,0.590080942314355,3.38602205332497e-06,1,0,0.867786778677868
0.711858832943172,0.610462788936089,2.95098869679035e-06,1,0,0.862286228622862
0.717130616659176,0.57017086183749,2.14179291091061e-06,1,0,0.88008800880088
0.713684404359529,0.593209398137138,3.09475748568514e-06,1,0,0.868786878687869
0.711793411787208,0.595571597644084,2.61776900589196e-06,1,0,0.863686368636864
0.713332657949616,0.587106136087412,2.88781346575094e-06,1,0,0.868486848684868
0.713826747728557,0.576370157051944,3.03136015479474e-06,1,0,0.870887088708871
0.713875760285162,0.57460091965712,3.11864131153586e-06,1,0,0.871187118711871
0.713537419448684,0.576694909459744,2.65550227815441e-06,1,0,0.87008700870087
0.713323239751069,0.576898113947936,2.66514437116556e-06,1,0,0.86948694869487
0.712110219076215,0.59304987193643,2.35016424199815e-06,1,0,0.864686468646865
0.711667055263947,0.609538953910025,2.55443672688794e-06,1,0,0.861886188618862
0.713881318509455,0.57902385082946,2.55907424145661e-06,1,0,0.870687068706871
0.711344063289227,0.604150068569649,2.54976901172105e-06,1,0,0.861586158615862
0.710660783291805,0.613452854443018,2.15805079704453e-06,1,0,0.858885888588859
0.709511552682472,0.644113422001119,2.13044488065446e-06,1,0,0.852785278527853
0.709366604230058,0.651219267267077,2.29679036824984e-06,1,0,0.851785178517852
0.712609650903193,0.627099824880545,2.13094140433899e-06,1,0,0.862586258625863
0.717061414199697,0.574942133438123,2.90158931433999e-06,1,0,0.879387938793879
0.711778951099971,0.629760915745739,2.62362485412213e-06,1,0,0.86018601860186
0.711940763102807,0.643508007403548,3.41729515755973e-06,1,0,0.859185918591859
0.724230281522125,0.470905109698031,3.56405978929714e-06,1,0,0.908490849084909
0.715244394691789,0.605747917461759,2.65826948374203e-06,1,0,0.871587158715872
0.714889485492335,0.596079779006791,2.80677395270624e-06,1,0,0.871587158715872
0.715156841252234,0.602718199386311,3.21705601316257e-06,1,0,0.871687168716872
0.714493871098448,0.586416606307952,3.64626491049595e-06,1,0,0.871587158715872
0.713188324670366,0.57960307522122,3.57239378378278e-06,1,0,0.868886888688869
0.706466544905596,0.613015546315323,1.97892323861723e-06,1,0,0.848084808480848
0.706897461887966,0.591692392414245,2.66023976964623e-06,1,0,0.851385138513851
0.706095460350115,0.590381963435497,3.21026773038248e-06,1,0,0.849384938493849
0.713265368506325,0.57968705992438,2.24391748093985e-06,1,0,0.869086908690869
0.708731336623227,0.684920929036259,3.41704818733976e-06,1,0,0.846684668466847
0.707712781008121,0.701731213451149,2.84069010587271e-06,1,0,0.842384238423842
0.707673939944983,0.702117939902438,2.50073552920544e-06,1,0,0.842184218421842
0.70821257869544,0.689035934852813,1.85766042356043e-06,1,0,0.844884488448845
0.708426908824492,0.696652186893799,2.15915228308944e-06,1,0,0.844684468446845
0.705565183151286,0.722749418210892,2.7964444157094e-06,1,0,0.834683468346835
0.731055186589668,0.426417520594573,2.23171166997037e-06,1,0,0.930693069306931
0.721442202606086,0.498048770120653,4.36318912663831e-06,1,0,0.898489848984898
0.724666168457977,0.428256810578284,3.82501723231743e-06,1,0,0.913891389138914
0.751538534698514,0.248457611220094,2.47786863859253e-06,1,0,1
0.759136529954278,0.273228830598909,2.73855458425185e-06,1,0,1
0.757857506367291,0.264570845343424,2.93091173282463e-06,1,0,1
0.750682187527419,0.268106360709945,2.9662036890977e-06,1,0,0.997499749974997
0.759506827848812,0.269099064084878,2.7169811072571e-06,1,0,1
0.762299055888914,0.268431805876249,2.28389367578371e-06,1,0,1
0.760537606832034,0.273247503006367,2.92115831344557e-06,1,0,1
0.757995189208934,0.237695234575712,2.70997282146804e-06,1,0,1
0.756685211244656,0.276081475654935,2.88463361612607e-06,1,0,1
0.740477304842986,0.228137592199373,1.88204612072243e-06,1,0,0.975097509750975
0.75417112067986,0.241602939589562,3.49912578694471e-06,1,0,1
0.7574789227817,0.241977302022599,3.34809760802811e-06,1,0,1
0.759570781224709,0.259360740911219,3.05469286724283e-06,1,0,1
0.75904982651322,0.262925231680755,3.01596408275716e-06,1,0,1
0.75852801223695,0.247894782695411,2.95665910719441e-06,1,0,1
0.759122528106184,0.260604896036992,2.87997293144221e-06,1,0,1
0.75805945287624,0.259037643972543,2.88830437370437e-06,1,0,1
0.759204994721933,0.281484016300067,2.75524379617298e-06,1,0,1
0.762992436748179,0.239855771699473,2.5849383859253e-06,1,0,1
0.758934343742268,0.241394833688688,2.78196174550838e-06,1,0,1
0.760951349761728,0.241888136072217,2.77867263412766e-06,1,0,1
0.728567258750999,0.685994044563014,1.13991320027689e-06,1,0,0.897989798979898
0.722407903083903,0.632488172550693,1.69497120334572e-06,1,0,0.887488748874887
0.730449926149285,0.571785881438973,1.88772593419906e-06,1,0,0.914391439143914
0.730777716086885,0.555504299231509,1.6772263731462e-06,1,0,0.916891689168917
0.731508476830921,0.611939214277668,1.86255703046737e-06,1,0,0.913091309130913
0.733686723785335,0.590644544633311,1.69689100999246e-06,1,0,0.920892089208921
0.72892363014553,0.579439743955968,1.67241954032323e-06,1,0,0.90969096909691
0.730143730377938,0.634783851830756,1.81412005885154e-06,1,0,0.907290729072907
0.733727144560616,0.632636049198832,1.74725387236997e-06,1,0,0.916791679167917
0.736334206335599,0.528338458941344,1.72905982592175e-06,1,0,0.934093409340934
0.735779292850003,0.575069112982131,1.87378019625778e-06,1,0,0.927892789278928
0.731990340424664,0.622478208637773,2.05606295459265e-06,1,0,0.913291329132913
0.740829606901434,0.524100900008233,2.50175270046245e-06,1,0,0.946094609460946
0.727854091028929,0.623200294292922,1.73220281820326e-06,1,0,0.902490249024902
0.727375012511829,0.582992289067102,1.59199618720685e-06,1,0,0.905290529052905
0.736369692769039,0.532107419819687,1.70122961583535e-06,1,0,0.933793379337934
0.730301316594055,0.631572234244516,1.59786707825044e-06,1,0,0.907990799079908
0.754148140886117,0.406329139878787,1.42573289566269e-06,1,0,0.992599259925993
0.743494594440409,0.505899933965115,1.92470426465758e-06,1,0,0.954895489548955
0.730782419317723,0.623852270333019,1.66040868301359e-06,1,0,0.90999099909991
0.744924137843234,0.530969999660428,1.68904230743015e-06,1,0,0.956095609560956
0.746568845876312,0.506755144684907,1.71424697929909e-06,1,0,0.962796279627963
0.751498178173808,0.46102992896252,1.66785744037357e-06,1,0,0.98019801980198
0.743329173301569,0.500421369209098,1.7954289624179e-06,1,0,0.954995499549955
0.74018084972661,0.482449189656473,2.05799637252855e-06,1,0,0.948694869486949
0.737713407777861,0.528063891177422,1.86634349629065e-06,1,0,0.937693769376938
0.731800727084575,0.594100461594055,1.57117402309113e-06,1,0,0.915691569156916
0.731582305098839,0.564143293878076,2.06971245993502e-06,1,0,0.918091809180918
0.745131505856249,0.49848222560424,1.76809707699724e-06,1,0,0.95989598959896
0.745366605733069,0.468700439508596,1.97679380082704e-06,1,0,0.963496349634963
0.740722061237874,0.525415790715689,1.96458131824896e-06,1,0,0.945694569456946
0.744838311587142,0.471026816567528,1.80915676191042e-06,1,0,0.961896189618962
0.744769388812597,0.501008360856513,1.65618084606646e-06,1,0,0.958695869586959
0.75454872324775,0.400108287849984,1.40659784914267e-06,1,0,0.994199419941994
0.747479887814527,0.48842818768479,1.54600879722371e-06,1,0,0.966996699669967
0.749643790372356,0.464253933462548,1.78680649200162e-06,1,0,0.974997499749975
0.747150675316173,0.428578282792574,2.04696365266306e-06,1,0,0.972197219721972
0.747724724707132,0.479326816463399,1.63442406154245e-06,1,0,0.968496849684969
0.746619466690966,0.476221735377507,1.61699588449766e-06,1,0,0.965996599659966
0.746313344605234,0.455827825168807,1.53766328255655e-06,1,0,0.967296729672967
0.747395849928637,0.475076910941979,2.17444061311185e-06,1,0,0.968096809680968
0.687513364759823,1.15369055063214,2.31737728732823e-06,1,0,0.744374437443744
0.746579824221051,0.477862897493835,1.05320320947324e-06,1,0,0.965696569656966
0.686800125213019,1.23762436451897,2.73150455104532e-06,1,0,0.734073407340734
0.687635080440579,1.20844611765817,2.74165251341861e-06,1,0,0.739173917391739
0.685654351310458,1.23120262420478,3.51772123475635e-06,1,0,0.731773177317732
0.68658786129159,1.19865125184666,3.34574544616789e-06,1,0,0.737473747374737
0.687619795294612,1.17940348716538,2.04395233062791e-06,1,0,0.742074207420742
0.687093696261226,1.20540901046846,3.47420959253818e-06,1,0,0.738073807380738
0.686528511646829,1.19777112004715,3.24296386689103e-06,1,0,0.737373737373737
0.684150659698079,1.23127008398517,3.65842164125499e-06,1,0,0.727872787278728
0.684566351520031,1.22684505305107,4.60466974844409e-06,1,0,0.729372937293729
0.68536570820592,1.2218279036333,3.29538846580452e-06,1,0,0.731973197319732
0.685615867092757,1.21859806934726,3.42334099842386e-06,1,0,0.732873287328733
0.686245174883789,1.20845298770493,3.15968781162174e-06,1,0,0.735573557355736
0.687011580608242,1.17050960064964,2.66622636891966e-06,1,0,0.741374137413741
0.683927463050908,1.23917694749827,3.71828107963164e-06,1,0,0.726472647264726
0.686346093074524,1.22659149885597,2.0493495215019e-06,1,0,0.733973397339734
0.687882107325957,1.19595351026103,2.49898257951585e-06,1,0,0.741074107410741
0.685031097635075,1.21336294103576,3.89325647085749e-06,1,0,0.731873187318732
0.685126504008458,1.20053335535018,3.7495680055738e-06,1,0,0.733473347334733
0.685068052625566,1.21103067612618,3.91908595554887e-06,1,0,0.732273227322732
0.684289718520481,1.23396160985621,3.91962582572961e-06,1,0,0.727872787278728
0.684301674879109,1.21928797416175,2.99599377125543e-06,1,0,0.729472947294729
0.686834579518371,1.17941523562103,3.02943425847434e-06,1,0,0.73997399739974
0.689832782776033,1.11393853802711,2.63702524652809e-06,1,0,0.754375437543754
0.763674366328899,0.238792302081912,1.90954715938029e-06,1,0,1
0.727490924659505,0.491239345706342,2.79852700309149e-06,1,0,0.914891489148915
0.700016644687905,0.792906727926318,5.02024617994846e-06,1,0,0.813181318131813
0.690246175904573,1.12180958849849,4.45289487669591e-06,1,0,0.754675467546755
0.692988551737072,1.02703822793974,4.54830639981415e-06,1,0,0.771377137713771
0.692656770856366,1.07510715000232,3.06434047116802e-06,1,0,0.765676567656766
0.68478821355923,1.24123034706687,5.4822062224924e-06,1,0,0.728472847284728
0.687431997988828,1.08592848323788,4.77617050849441e-06,1,0,0.750975097509751
0.689044287565223,1.07730023849215,4.58662158557664e-06,1,0,0.756075607560756
0.68827294737131,1.13499968833111,5.43531737689016e-06,1,0,0.748274827482748
0.692692641610144,0.925531379305648,3.4061426213809e-06,1,0,0.780878087808781
0.711138408178155,0.708631801254051,1.94519551128349e-06,1,0,0.850585058505851
0.711310624043859,0.726101747054113,3.07747587237193e-06,1,0,0.849184918491849
0.698413233666034,0.950434679386717,1.60583277241847e-06,1,0,0.793179317931793
0.693111284788271,0.904697178501022,2.92035962236637e-06,1,0,0.783978397839784
0.691670405653963,1.00787217049044,6.28621916523171e-06,1,0,0.76987698769877
0.711818753064514,0.406008025274708,4.22985907429102e-06,1,0,0.882888288828883
0.695934733133129,0.749972257210553,3.903584127367e-06,1,0,0.806980698069807
0.682498145953716,1.28914972241014,5.4910864650765e-06,1,0,0.717671767176718
0.687060212640323,1.16473896936355,6.5813619454027e-06,1,0,0.742074207420742
0.687892346011984,1.04068974930872,5.17969861908369e-06,1,0,0.756775677567757
0.69221923396327,0.987944022706167,5.97896845565928e-06,1,0,0.773277327732773
0.699249013893931,0.812125721797439,3.93050607463194e-06,1,0,0.809280928092809
0.692820912848804,1.03534857525987,4.52881006921865e-06,1,0,0.77007700770077
0.697753122549332,0.654471335341801,3.44143119490549e-06,1,0,0.821282128212821
0.703750682058287,0.642370400481407,2.27679675211858e-06,1,0,0.838083808380838
0.69124036441952,0.95845861123987,5.07146200863898e-06,1,0,0.773777377737774
0.688630961482427,1.08315632741559,4.62247227853119e-06,1,0,0.754375437543754
0.693259983284309,1.02620870653941,4.56157059616405e-06,1,0,0.772177217721772
0.696453975948363,0.905604022014264,3.48358131841809e-06,1,0,0.792579257925793
0.698903845086259,0.966524880243504,4.81650102359973e-06,1,0,0.792779277927793
0.697796200400557,0.872342240686992,3.7950139134062e-06,1,0,0.799379937993799
0.690770974724909,1.01557123755745,3.93565792391305e-06,1,0,0.766776677667767
0.687435778692322,1.08091126230533,2.65843021704917e-06,1,0,0.751475147514752
0.693835809898099,0.998053677610082,2.96721014324344e-06,1,0,0.776477647764776
0.684409723830941,1.25470012058036,3.91238802117612e-06,1,0,0.726172617261726
0.717570571923646,0.624849377910571,3.63043993459513e-06,1,0,0.875687568756876
0.702236656734586,0.864323205533529,2.37741075954248e-06,1,0,0.811781178117812
0.712272081912515,0.657010177442312,3.76980722596461e-06,1,0,0.858685868586859
0.748447355878329,0.37069273159835,1.6650923886797e-06,1,0,0.981398139813981
0.719535353813894,0.596016873226406,3.34077426220739e-06,1,0,0.883688368836884
0.712435779355241,0.694355770800135,2.09610172583645e-06,1,0,0.855385538553855
0.712139733266914,0.70185046347132,2.28041064822752e-06,1,0,0.853785378537854
0.717375207664367,0.584767172374004,1.93168576101502e-06,1,0,0.879187918791879
0.717327606424989,0.619826952765312,3.29699920518773e-06,1,0,0.875587558755876
0.717835106564838,0.613832504090986,3.50808830376793e-06,1,0,0.877487748774877
0.716458082036317,0.632328364143498,3.26431146610264e-06,1,0,0.871987198719872
0.715938800005817,0.634938899851344,3.34516031766714e-06,1,0,0.87038703870387
0.717433249803232,0.630375696329415,3.34917621532759e-06,1,0,0.874787478747875
0.71847949748529,0.609340791312885,2.97535588359846e-06,1,0,0.87958795879588
0.720079823716964,0.582047895504112,2.96014247442607e-06,1,0,0.886488648864887
0.718494880417133,0.576786858623253,2.95877624284316e-06,1,0,0.882888288828883
0.691153155534221,1.1096135740264,4.00957466350837e-06,1,0,0.758275827582758
0.695089499887361,1.00239557476663,5.11173615304747e-06,1,0,0.779277927792779
0.695447788630459,0.969188449222149,2.99462991845649e-06,1,0,0.783578357835784
0.69241710166631,1.04598994434831,4.041306519084e-06,1,0,0.767976797679768
0.696931251130362,0.79720352438837,3.74618555521446e-06,1,0,0.804780478047805
0.695065401584181,0.984668362368053,5.61138562213106e-06,1,0,0.780978097809781
0.699972314407983,0.959796503401987,6.54175116370966e-06,1,0,0.796279627962796
0.759274036358998,0.285960321963413,1.54455791021912e-06,1,0,1
0.750728686155018,0.347376914939172,2.90227337224969e-06,1,0,0.98959895989599
0.722514915471788,0.573178397472219,4.49510088159007e-06,1,0,0.893689368936894
0.730472282758337,0.517435508364224,3.3624981143823e-06,1,0,0.91999199919992
0.729489708957754,0.535399365170938,4.43244846094979e-06,1,0,0.915591559155916
0.728185472064062,0.535033320226256,3.45181584530016e-06,1,0,0.912291229122912
0.727585028598268,0.528578254449278,3.94243325244837e-06,1,0,0.911391139113911
0.73026518906909,0.511624416291704,3.50939806849587e-06,1,0,0.91999199919992
0.727919277947592,0.577045987880283,4.16223942824698e-06,1,0,0.907290729072907
0.723082433896748,0.550276216425888,4.67773375174428e-06,1,0,0.897489748974898
0.726501070276002,0.504481706317127,2.88567781103117e-06,1,0,0.910991099109911
0.747647433311661,0.293668614066021,2.76919728298547e-06,1,0,0.987098709870987
0.730259635326395,0.375377574437469,3.69803421678805e-06,1,0,0.933793379337934
0.746107215234353,0.442490011563524,1.69411568816026e-06,1,0,0.968096809680968
0.74772111046988,0.504981290531741,2.43768159027329e-06,1,0,0.965896589658966
0.742843889955191,0.553634199120415,2.1722372159373e-06,1,0,0.948394839483948
0.750687057688432,0.445262171301543,2.969686958868e-06,1,0,0.97969796979698
0.738311316457242,0.48536138235793,2.42098401888354e-06,1,0,0.943494349434943
0.746605223860754,0.439242303931655,2.9397099321579e-06,1,0,0.96969696969697
0.748040207613598,0.426951811321316,2.57669077070084e-06,1,0,0.974597459745975
0.740805139303236,0.477434621341938,2.91354607305888e-06,1,0,0.950795079507951
0.729025615268861,0.556613837334574,1.93853659519458e-06,1,0,0.912291229122912
0.726439572753263,0.567846153432669,1.97520268010132e-06,1,0,0.904390439043904
0.717273249144575,0.542784554019961,2.19615966081869e-06,1,0,0.883188318831883
0.722653754044338,0.477144085729683,3.30077867335253e-06,1,0,0.903790379037904
0.72197629113134,0.483024541403927,2.85032631280159e-06,1,0,0.901390139013901
0.738316956516786,0.557900681208202,2.59045121013783e-06,1,0,0.936193619361936
0.725454009351606,0.522199082879198,1.37531849840858e-06,1,0,0.906490649064907
0.724607842059128,0.456782181349544,2.06169298317154e-06,1,0,0.910891089108911
0.739963392669738,0.488176533518546,2.94875866222086e-06,1,0,0.947494749474947
0.719369331375642,0.468842110639499,1.89824850401392e-06,1,0,0.896089608960896
0.729985515464404,0.460762059221129,1.84671816018982e-06,1,0,0.924392439243924
0.730653481865813,0.450411304539745,2.17118790906724e-06,1,0,0.927192719271927
0.733308409426605,0.460136479880392,2.6762459919879e-06,1,0,0.933093309330933
0.729697187026652,0.441279788995215,2.64708479253661e-06,1,0,0.925592559255926
0.737447403016168,0.545444841777717,1.743265551747e-06,1,0,0.935193519351935
0.742382253262223,0.536919884122981,1.96720874620229e-06,1,0,0.948894889488949
0.740611255240971,0.551718607019039,2.13123534398123e-06,1,0,0.942794279427943
0.743318399328951,0.525131939620397,2.03216035206718e-06,1,0,0.952495249524952
0.742593866553635,0.519593190827435,2.17616354172912e-06,1,0,0.951195119511951
0.732483979087411,0.533618291727251,2.31932174280346e-06,1,0,0.923592359235924
0.745676787893489,0.517041839378739,2.49452811434124e-06,1,0,0.959395939593959
0.74384249288859,0.570783024590131,2.29483744998668e-06,1,0,0.949294929492949
0.751711556265441,0.502084323260025,2.64440555992046e-06,1,0,0.976597659765977
0.747659081216134,0.478023371156849,2.43697267524896e-06,1,0,0.968496849684969
0.744747621769175,0.482135241522849,3.05762547026282e-06,1,0,0.96049604960496
0.746252610774152,0.443254724737209,2.46583674214355e-06,1,0,0.968396839683968
0.745282413210954,0.475244830804925,2.30481531238473e-06,1,0,0.962596259625963
0.746596880511629,0.494965315771155,2.40870797257158e-06,1,0,0.963996399639964
0.725914366417591,0.497135332111843,1.86413493790467e-06,1,0,0.91019101910191
0.726384252850952,0.475746798780344,2.272345413079e-06,1,0,0.913591359135914
0.727583669297085,0.511245255649587,1.8011892091363e-06,1,0,0.913091309130913
0.741604849988256,0.540505117044968,2.8620902275884e-06,1,0,0.946494649464947
0.696781283770218,0.978978928431194,1.5416591184522e-06,1,0,0.786078607860786
0.699609290440511,0.935262094923152,1.66732797039152e-06,1,0,0.797779777977798
0.70032068195269,0.841607804357743,2.60309060887566e-06,1,0,0.809080908090809
0.700997074053719,0.789722559257275,3.09612085429335e-06,1,0,0.816081608160816
0.701903566230532,0.771014282356987,2.30333790103952e-06,1,0,0.82028202820282
0.70197137601321,0.779694699782156,2.14986280187936e-06,1,0,0.81958195819582
0.70382481501727,0.769365850434923,1.76791744254325e-06,1,0,0.825482548254825
0.702341037317745,0.803793540284492,2.31522591570847e-06,1,0,0.818081808180818
0.701642960767413,0.776866008354271,1.57767213784541e-06,1,0,0.819081908190819
0.70274802213979,0.806782628232675,2.32364366293943e-06,1,0,0.818881888188819
0.704065395401794,0.818413509701556,3.04690062518587e-06,1,0,0.821082108210821
0.70342045369491,0.833643690562212,3.07420627172589e-06,1,0,0.817881788178818
0.70340083870528,0.846513020708488,2.90588623932922e-06,1,0,0.816581658165817
0.699972872626627,0.7933198736375,2.13195386559294e-06,1,0,0.813081308130813
0.699088966740648,0.784856329592223,2.8889265482865e-06,1,0,0.811581158115812
0.704117524137752,0.863395429693483,2.84781998778132e-06,1,0,0.816681668166817
0.703581045962947,0.864810226673023,2.2676127337552e-06,1,0,0.815181518151815
0.70405867443227,0.886397601169009,2.15719173520035e-06,1,0,0.814281428142814
0.732467704873225,0.489192085322439,1.29402406610151e-06,1,0,0.927992799279928
0.709595248829119,0.722726871772568,2.69309898064498e-06,1,0,0.845084508450845
0.702930112800155,0.817036271573149,1.97835581659652e-06,1,0,0.818281828182818
0.703513093347897,0.840456108780546,2.06910367226098e-06,1,0,0.817481748174817
0.701898781839531,0.832313595083578,2.1059307966555e-06,1,0,0.814081408140814
0.702277014753992,0.853958625901872,1.69459206837035e-06,1,0,0.812881288128813
0.701914963143473,0.880848190502996,2.04826446562683e-06,1,0,0.809280928092809
0.701651735409704,0.918484033304423,1.84151371679892e-06,1,0,0.804780478047805
0.699698607931546,0.960577597923483,1.64662736613997e-06,1,0,0.795479547954795
0.702258562929703,0.962060005355176,1.65364234286226e-06,1,0,0.801980198019802
0.701759497918969,0.988067787738866,1.80109280868098e-06,1,0,0.797979797979798
0.701674763428698,1.00878166034473,2.0356777917645e-06,1,0,0.795679567956796
0.701008700836727,0.883990141268581,2.06310192073864e-06,1,0,0.806580658065807
0.713344969720183,0.71878903250633,1.80536676258666e-06,1,0,0.855285528552855
0.713536156333961,0.661152843475314,1.39021375887941e-06,1,0,0.861586158615862
0.716420277688613,0.619318679829413,1.65842924987619e-06,1,0,0.873287328732873
0.701401710940209,0.890414793175796,2.15681317007458e-06,1,0,0.806980698069807
0.72841938800078,0.509810786863302,1.36839667615552e-06,1,0,0.915391539153915
0.701736768934594,0.86745705245348,2.48255457872117e-06,1,0,0.81018101810181
0.701599151486447,0.897792016741221,2.44854865636645e-06,1,0,0.806680668066807
0.736851583655402,0.420417456488165,1.17723761892782e-06,1,0,0.946294629462946
0.732178567000242,0.437953826668614,2.25448393114737e-06,1,0,0.932393239323932
0.730320141404006,0.464252404288728,2.49247850541405e-06,1,0,0.924892489248925
0.732520695585081,0.489227369916182,1.7040156432757e-06,1,0,0.928092809280928
0.738384888810641,0.391999184863479,2.00053858498673e-06,1,0,0.953095309530953
0.72471743853078,0.550982383577203,2.60615508606969e-06,1,0,0.901690169016902
0.726471513963006,0.490410549178227,2.20455107159023e-06,1,0,0.912291229122912
0.741205946100523,0.390379604885314,1.73036133291409e-06,1,0,0.960596059605961
0.706854579382402,0.812906881682419,3.00241470699097e-06,1,0,0.828882888288829
0.70973128951457,0.739259194619173,3.33264050603978e-06,1,0,0.843784378437844
0.707167380741061,0.817153441462458,2.96154665496892e-06,1,0,0.829282928292829
0.702397309334643,0.81537369386337,2.75160235660133e-06,1,0,0.817081708170817
0.735302702556189,0.390268986574651,1.91578140077434e-06,1,0,0.945294529452945
0.705330729056145,0.805661894853248,2.73681497142413e-06,1,0,0.825682568256826
0.70229105406791,0.845960983271471,2.43788502708089e-06,1,0,0.813781378137814
0.700544503181353,0.834126967187276,2.35192043515746e-06,1,0,0.81038103810381
0.700473244319619,0.899524489433964,2.3732459772369e-06,1,0,0.803580358035804
0.702787155830391,0.840151713488229,2.6536663585895e-06,1,0,0.815581558155816
0.701981515627051,0.819603398622137,2.02281320981296e-06,1,0,0.815581558155816
0.703264630582906,0.833011505480661,2.68142904818811e-06,1,0,0.817581758175818
0.702159102492821,0.868927747966477,2.40873297176262e-06,1,0,0.811081108110811
0.698430781374464,0.949657976913888,2.4027371459447e-06,1,0,0.793279327932793
0.699288066986698,0.945866317794012,2.61165899794319e-06,1,0,0.795879587958796
0.695973710748055,1.00071147354952,2.68658670187077e-06,1,0,0.781778177817782
0.696358803775032,0.943378266321164,2.7238795159741e-06,1,0,0.788578857885789
0.699558247903783,0.870260458232423,3.68953654306162e-06,1,0,0.804180418041804
0.692574079405183,1.04550526543417,2.82751086729371e-06,1,0,0.768376837683768
0.692591094522588,1.0512623825624,2.471357898082e-06,1,0,0.767876787678768
0.751128515321769,0.23880645363828,3.47123134209199e-06,1,0,1
0.753603309317093,0.197169830627564,2.41427319897519e-06,1,0,1
0.756692076377905,0.281183694446879,2.66862826044066e-06,1,0,1
0.762144071595995,0.19988763281249,2.27042017249066e-06,1,0,1
0.758824447661377,0.344436094774668,9.17066732434807e-07,1,0,1
0.702961236477633,0.856483815979109,9.72091503750878e-07,1,0,0.814381438143814
0.697653351157162,0.857100025512023,3.56877951657807e-06,1,0,0.800580058005801
0.695135243231461,0.947663697833035,2.15954226872977e-06,1,0,0.784978497849785
0.695157865356317,0.877997106990413,3.92915423911456e-06,1,0,0.791979197919792
0.695400815166187,0.897891462527791,4.64230854706907e-06,1,0,0.790679067906791
0.695290493375639,0.876035061424089,4.02231586710654e-06,1,0,0.792579257925793
0.697979806892514,0.839280273165331,1.9401841927954e-06,1,0,0.803280328032803
0.695071869221274,0.802394898085854,4.44801503370772e-06,1,0,0.799379937993799
0.695454128624759,0.805227409290532,3.7582380051941e-06,1,0,0.8000800080008
0.695482370538107,0.767562507055303,2.16106360510218e-06,1,0,0.803980398039804
0.695824515176268,0.86291446698184,5.23071370131585e-06,1,0,0.795279527952795
0.695804309931064,0.732610873562427,2.8594810967541e-06,1,0,0.808380838083808
0.695248709887753,0.810779112503925,3.3446259972673e-06,1,0,0.799079907990799
0.695240927775953,0.79064123922432,2.76969526079198e-06,1,0,0.801080108010801
0.695391947793926,0.531770764901138,2.1302844923377e-06,1,0,0.827582758275828
0.698206918342867,0.698922910657276,4.1508076021144e-06,1,0,0.817981798179818
0.696824353549245,0.467345131002563,1.97859535549924e-06,1,0,0.837783778377838
0.696321209379007,0.633164760556765,3.3631501496197e-06,1,0,0.81978197819782
0.698086359739069,0.6827483414756,3.47138906310692e-06,1,0,0.819281928192819
0.697579607695059,0.760268276321324,2.3490962757464e-06,1,0,0.81018101810181
0.695075645063737,0.845026290024029,4.33715592459921e-06,1,0,0.795179517951795
0.695352971042175,0.771073080562997,1.72086486569955e-06,1,0,0.803280328032803
0.695749893982934,0.746517714034633,2.26561851297869e-06,1,0,0.806780678067807
0.695856123367103,0.745981517474809,2.49049353830345e-06,1,0,0.807180718071807
0.695369316694526,0.877059979996041,2.4757124602346e-06,1,0,0.792679267926793
0.696090142459892,0.783352753824412,3.47390437880498e-06,1,0,0.803980398039804
0.695295896155329,0.728199370392867,3.05546493891366e-06,1,0,0.807480748074808
0.695807781122242,0.600706019250624,2.83424450161579e-06,1,0,0.821682168216822
0.695206995851428,0.505534070735939,2.90148411730445e-06,1,0,0.82968296829683
0.697355797977924,0.865752865586147,3.0503519678162e-06,1,0,0.798979897989799
0.702242875025397,0.801658897555904,1.99622270864926e-06,1,0,0.818081808180818
0.702112387269507,0.810554278104962,3.3461139528203e-06,1,0,0.816881688168817
0.714394341586113,0.693161153541047,1.73237651659217e-06,1,0,0.860586058605861
0.754633341565233,0.194179085883383,3.22879131347751e-06,1,0,1
0.755329383092353,0.350257907294687,2.61604280366021e-06,1,0,1
0.761600517065782,0.227249502551299,2.80469840433946e-06,1,0,1
0.76351944152377,0.237811485664622,2.89492230856586e-06,1,0,1
0.755907146003696,0.202948904163177,3.10049988432645e-06,1,0,1
0.751547031186162,0.374600257008509,2.0945890590071e-06,1,0,0.988998899889989
0.754026777998254,0.256419816751819,1.91311462291149e-06,1,0,1
0.697480000402333,0.797396632639984,2.88951439736221e-06,1,0,0.806180618061806
0.752585245583328,0.274980217579424,1.6350897797945e-06,1,0,1
0.748966123125059,0.269430186241886,1.65492293400269e-06,1,0,0.992899289928993
0.746967251852774,0.221280305985929,3.10939986003682e-06,1,0,0.992599259925993
0.698013645612752,0.600461341619083,1.2620757503293e-06,1,0,0.827382738273827
0.743609048475511,0.48080625842614,1.74919746063794e-06,1,0,0.957695769576958
0.735586080657221,0.540784402247485,2.37756376431398e-06,1,0,0.930893089308931
0.745388178520456,0.365341520188278,3.09209999154044e-06,1,0,0.973997399739974
0.738452934342301,0.406672157555421,2.09620232302577e-06,1,0,0.951795179517952
0.740104243965558,0.43186726009395,2.36961400817708e-06,1,0,0.953595359535954
0.73639750674354,0.486301088647644,2.20104951512107e-06,1,0,0.938493849384939
0.739321895866264,0.445028854210001,2.37751077157218e-06,1,0,0.95019501950195
0.725178237029925,0.613452034184021,2.66335995775704e-06,1,0,0.896589658965897
0.742791264605592,0.320201665788004,2.92110186497933e-06,1,0,0.971797179717972
0.762733710104967,0.292061108996271,1.55426637348119e-06,1,0,1
0.753829392990702,0.221470484765181,3.11530911775166e-06,1,0,1
0.756625620304115,0.220824638781835,2.62754101753906e-06,1,0,1
0.754947362413301,0.306282715419166,2.24519887923223e-06,1,0,1
0.734545811947118,0.4099063544012,2.92468990640641e-06,1,0,0.941394139413941
0.703451149845011,0.880918903309127,3.35919570815171e-06,1,0,0.813181318131813
0.699777832161514,0.885363454678179,2.94295538897852e-06,1,0,0.803280328032803
0.698321767451089,0.938982331418428,3.41146280276632e-06,1,0,0.794079407940794
0.697112454724358,0.962084391416483,3.45355156996682e-06,1,0,0.788578857885789
0.697658781289338,0.951200528396317,3.14616554376741e-06,1,0,0.791079107910791
0.697596077628605,0.943817554293926,3.27543293267335e-06,1,0,0.791679167916792
0.697862574894057,0.968737811911831,3.55494016744627e-06,1,0,0.78987898789879
0.697431685110189,0.968580349450876,3.86224483357066e-06,1,0,0.788778877887789
0.700528401637177,0.86976763816473,2.43322308209075e-06,1,0,0.806780678067807
0.697186191134663,0.968165388220298,2.88162615557644e-06,1,0,0.788178817881788
0.702708651500082,0.851541916815214,2.22656180748639e-06,1,0,0.814281428142814
0.701606190921146,0.853595533403032,2.53374856167082e-06,1,0,0.811181118111811
0.699724292092501,0.900486510639655,2.64231402636221e-06,1,0,0.801580158015802
0.69642794930793,0.926751566455997,2.59493597280933e-06,1,0,0.79037903790379
0.695006456992192,1.0133219800978,2.60567000032386e-06,1,0,0.777977797779778
0.711306748176551,0.760719595921579,9.98139453524026e-07,1,0,0.845684568456846
0.700049345898991,0.902788611326513,3.49691684425129e-06,1,0,0.802180218021802
0.70692022863266,0.781960695218683,3.85989323814718e-06,1,0,0.832183218321832
0.710387457148811,0.700397337679422,2.46099295644469e-06,1,0,0.849384938493849
0.71055579076255,0.692544232557625,2.49576320016191e-06,1,0,0.850685068506851
0.695713462232104,0.938830565334718,3.12144080366743e-06,1,0,0.787278727872787
0.696775884734642,0.969011412299024,2.01926958543923e-06,1,0,0.787078707870787
0.695650032506816,0.996839028618355,2.3206870905325e-06,1,0,0.781278127812781
0.708600674085157,0.817972915146734,1.10815025277923e-06,1,0,0.832883288328833
0.71011966227185,0.670284432223978,2.80643961695162e-06,1,0,0.851785178517852
0.699311085394099,0.823273384953761,4.0868070020081e-06,1,0,0.808280828082808
0.70015520949933,0.817765070582339,3.47097982012551e-06,1,0,0.811081108110811
0.725901467943274,0.612592750762938,2.15505192876812e-06,1,0,0.898489848984898
0.71437100384928,0.751323931436445,3.96483870890236e-06,1,0,0.854585458545855
0.72782077253606,0.633562888860128,1.99545538154057e-06,1,0,0.901390139013901
0.706230247043694,0.74506694716423,2.3714956426275e-06,1,0,0.834183418341834
0.703575703234488,0.789378770276217,3.80961742180408e-06,1,0,0.822782278227823
0.697368896192182,0.834495349488252,3.34292708258081e-06,1,0,0.802180218021802
0.705393646870115,0.850038842397903,1.9580576920653e-06,1,0,0.821382138213821
0.709912935557798,0.938009398297651,2.12747727902978e-06,1,0,0.824182418241824
0.705037153352378,0.977640233481476,2.97874879685922e-06,1,0,0.807580758075808
0.706554217592335,0.857234551897634,2.93733662006266e-06,1,0,0.823682368236824
0.708414409653126,0.949915447923875,2.3393291673048e-06,1,0,0.819181918191819
0.704017739917943,0.861269748296025,2.68566478408379e-06,1,0,0.816681668166817
0.704136310064492,0.870910555821801,2.62751204708331e-06,1,0,0.815981598159816
0.702592273845921,0.867733729116527,2.42559668292374e-06,1,0,0.812281228122812
0.699373027752251,0.936821286372479,1.98679592775109e-06,1,0,0.796979697969797
0.699735322331046,0.939772825696315,2.30410707375927e-06,1,0,0.797679767976798
0.697880840330611,0.965078019673804,2.13309469707854e-06,1,0,0.79027902790279
0.698331217537525,0.919702392498363,2.32637702526886e-06,1,0,0.796079607960796
0.703167490727898,0.954286699437579,3.09034379766942e-06,1,0,0.805080508050805
0.709459320609367,0.794621960601374,1.71651846440189e-06,1,0,0.837483748374838
0.728977722329396,0.484351931775279,2.60845874834554e-06,1,0,0.919391939193919
0.701118795282267,0.945269738798085,2.46095127528577e-06,1,0,0.800680068006801
0.701480895087212,0.941890939579158,2.32934597988043e-06,1,0,0.801980198019802
0.701024737760396,0.933371020196045,2.20952993261203e-06,1,0,0.801680168016802
0.697066986190846,0.984869843489543,2.56905168215398e-06,1,0,0.786178617861786
0.686215237205309,1.10352847987098,2.44749928230793e-06,1,0,0.746074607460746
0.684766396245079,1.12275719930862,2.92972835700119e-06,1,0,0.74037403740374
0.686864788674987,1.09985142097297,3.0942729353119e-06,1,0,0.748174817481748
0.685965014548032,1.10236685378963,2.42989092497807e-06,1,0,0.745574557455746
0.684925258430723,1.11497605401855,2.28013066433054e-06,1,0,0.741574157415742
0.691401053145531,1.04492754626244,2.16344287084159e-06,1,0,0.765476547654765
0.687622517135147,1.09408430981865,2.10454133373106e-06,1,0,0.750675067506751
0.696054106806397,1.01028139114411,2.25434505930205e-06,1,0,0.780978097809781
0.70318632477353,0.859480822574374,2.68689172888773e-06,1,0,0.814681468146815
0.720960701397003,0.624871151227239,2.19072593311071e-06,1,0,0.884488448844885
0.721578708932475,0.582246365747108,2.314238253468e-06,1,0,0.89038903890389
0.699162150562479,0.894337075633003,2.74477175554909e-06,1,0,0.800780078007801
0.744758677051562,0.311790210817735,3.51583286509701e-06,1,0,0.977797779777978
0.745919367460532,0.254231548335516,1.70951943014338e-06,1,0,0.986598659865987
0.751527776873281,0.363133724338116,2.54544713685489e-06,1,0,0.99009900990099
0.750689834054066,0.264860615279443,2.35538568368447e-06,1,0,0.997899789978998
0.748476746898234,0.36606384386365,2.01425554026644e-06,1,0,0.981898189818982
0.74703405676154,0.410664114623145,2.08291844907341e-06,1,0,0.973697369736974
0.746641633967942,0.430455721151686,2.21758751780451e-06,1,0,0.970697069706971
0.746827595132896,0.385702916404705,2.28589596747613e-06,1,0,0.975697569756976
0.74477864510155,0.410526415970227,2.62714383904268e-06,1,0,0.967796779677968
0.744842470522764,0.452114371332274,1.9245706649764e-06,1,0,0.963796379637964
0.751528068100045,0.353926897750243,1.6663876823986e-06,1,0,0.991099109910991
0.744703008645,0.444177527684243,1.22994341748147e-06,1,0,0.964296429642964
0.742060405160927,0.453245571420645,1.31971480731866e-06,1,0,0.956495649564956
0.741549768989675,0.472108069326212,1.43777407911099e-06,1,0,0.953295329532953
0.734793844297707,0.498299341970096,1.66548452944789e-06,1,0,0.933093309330933
0.748066071307395,0.370787802000654,1.15101903008436e-06,1,0,0.98039803980398
0.755406860423552,0.265947548273517,1.68488051452158e-06,1,0,1
0.732892871699899,0.586751182185882,1.56006663859731e-06,1,0,0.919291929192919
0.744506894866602,0.279676130699427,2.86943950334489e-06,1,0,0.98029802980298
0.746664498346945,0.46839242631201,1.17889517235699e-06,1,0,0.966896689668967
0.737280336911049,0.488893412669107,1.07054869229143e-06,1,0,0.940494049404941
0.75886095297206,0.421115611003676,1.5945156497387e-06,1,0,1
0.74632409353161,0.200034300347643,2.84243510024072e-06,1,0,0.993099309930993
0.743607569777173,0.509896051396014,1.41501636660142e-06,1,0,0.954795479547955
0.745172776258119,0.45357943402932,1.29408225198147e-06,1,0,0.964496449644965
0.748838783258005,0.612823792651424,6.1931051073057e-07,1,0,0.957995799579958
0.753099541459738,0.35723034539216,1.29367551268396e-06,1,0,0.994799479947995
0.744745215381667,0.490957027992439,1.21713945902091e-06,1,0,0.95959595959596
0.757779406581437,0.390808888886951,1.31422112021829e-06,1,0,1
0.751728882340525,0.392737604311952,1.95772708530461e-06,1,0,0.987698769876988
0.747890651487577,0.427024510684567,2.07252422997538e-06,1,0,0.974197419741974
0.750668188654044,0.430728629421721,1.83101112564726e-06,1,0,0.981098109810981
0.771508526480692,0.392895315237916,1.74038221011256e-06,1,0,1
0.749596673142273,0.501084930439925,1.58780029735604e-06,1,0,0.971197119711971
0.763575847988106,0.302336418784836,1.95942962674868e-06,1,0,1
0.742717974912274,0.527213776894278,1.97045192240104e-06,1,0,0.950695069506951
0.747513800056648,0.358900170766891,1.660083039323e-06,1,0,0.98009800980098
0.744580288737432,0.838026555886335,1.71290314312873e-06,1,0,0.924192419241924
0.745004312871892,0.451999575312769,1.17415702947249e-06,1,0,0.964196419641964
0.738392483033427,0.685219861093933,8.19855433831276e-07,1,0,0.923592359235924
0.760156981583362,0.569944744635996,1.75985443420449e-06,1,0,0.991599159915992
0.738918248579316,0.361238561103083,1.8023776481941e-06,1,0,0.957595759575958
0.738299206140192,0.607078080999991,1.58212100828177e-06,1,0,0.931193119311931
0.738687364486208,0.61248328471357,1.72353232080542e-06,1,0,0.931693169316932
0.743664873572784,0.563159653746732,1.19131822621934e-06,1,0,0.94959495949595
0.736445008413882,0.619748384374784,1.61760051934414e-06,1,0,0.925092509250925
0.731982326326357,0.642244752930973,3.15424035276207e-06,1,0,0.911291129112911
0.751741474481919,0.480501700720509,1.3971926841505e-06,1,0,0.978797879787979
0.747613479163597,0.571207177284153,1.70675538509284e-06,1,0,0.958995899589959
0.729382543117185,0.717363743249264,1.59947508111062e-06,1,0,0.896989698969897
0.746977439005589,0.521645415081929,1.85428670971473e-06,1,0,0.962296229622962
0.756071334264534,0.551564292208999,1.61941143740123e-06,1,0,0.982898289828983
0.757496291149673,0.449237221941658,2.1545917774659e-06,1,0,0.996899689968997
0.755423061207005,0.395198920312252,1.48788989556722e-06,1,0,0.996999699969997
0.766149525498039,0.297016085607126,9.56060931606189e-07,1,0,1
0.749451449374077,0.239727728850846,3.34570227151508e-06,1,0,0.997199719971997
0.758135229591784,0.250254386896464,3.73839973813923e-06,1,0,1
0.756185796434707,0.345407805455261,2.33530782656292e-06,1,0,1
0.756501432889162,0.252702056709431,2.25190366411149e-06,1,0,1
0.765054815398094,0.182904501530945,2.72334402519073e-06,3,0,1
0.767247786384202,0.16548712906393,2.58485025835201e-06,3,0,1
0.744460734416199,0.344726678917924,1.73547106230327e-06,3,0,0.973697369736974
0.68270975852247,1.41216755009052,3.56977235135334e-06,3,0,0.705870587058706
0.75781597627607,0.212256945210538,3.33190511876175e-06,3,0,1
0.76401091569665,0.189248470502945,2.67698777650461e-06,3,0,1
0.75662491839777,0.193488666632735,3.46420926551646e-06,3,0,1
0.756660190154589,0.241060508359985,2.76280064944415e-06,3,0,1
0.753290010323156,0.243076340264049,2.68847449630184e-06,3,0,1
0.753989945635651,0.234396070823608,2.61445281711506e-06,3,0,1
0.752450316268106,0.257840015627778,2.60400909730181e-06,3,0,1
0.75353036745117,0.249046882250989,2.59927372954679e-06,3,0,1
0.75663438265671,0.242580052613875,2.55999958630818e-06,3,0,1
0.752377317314917,0.249653638014184,2.51173053434382e-06,3,0,1
0.752905250588091,0.248206243609394,2.54989395029056e-06,3,0,1
0.752961428006043,0.246824142148652,2.56946777138455e-06,3,0,1
0.753375582980065,0.249260178528836,2.24373175325933e-06,3,0,1
0.753033689307444,0.242550870370955,2.28180816017964e-06,3,0,1
0.768141352769465,0.216180264860333,2.04237273817905e-06,3,0,1
0.755970230283126,0.238004986196351,2.39642515155795e-06,3,0,1
0.769387844938947,0.192176354355933,1.98926523785317e-06,3,0,1
0.768304461975539,0.199209350661281,2.10376149310936e-06,3,0,1
0.761901476495727,0.193388355589617,2.09769531565909e-06,3,0,1
0.764885715800899,0.188380752071786,2.20866843432757e-06,3,0,1
0.766055467806115,0.19481833595876,2.16401521998571e-06,3,0,1
0.757023037460949,0.268114374282976,2.41513312395097e-06,3,0,1
0.767517777775912,0.177663338984517,3.2047527469182e-06,3,0,1
0.771937511217794,0.143944561500981,2.09953599223926e-06,3,0,1
0.740207328120005,0.415415904628236,3.37371980221959e-06,3,0,0.955495549554956
0.683224989759793,1.47132439293758,2.95572081834464e-06,3,0,0.701170117011701
0.701893703946671,1.07067549735177,1.3265293200193e-06,3,0,0.79007900790079
0.684359232243977,1.47681606976936,1.97423588338648e-06,3,0,0.703570357035704
0.697287503747607,1.19345835086169,1.46744742404646e-06,3,0,0.765676567656766
0.708235943557224,0.892967116275504,2.26102932371813e-06,3,0,0.824382438243824
0.707490300424778,1.00710201372191,1.85167496602479e-06,3,0,0.810981098109811
0.690471393404865,1.3565021326502,1.84935941975592e-06,3,0,0.731573157315732
0.700032617229354,1.2003337498279,1.16619932811224e-06,3,0,0.772177217721772
0.698349825862241,1.10308816781067,1.09290205781408e-06,3,0,0.777577757775778
0.701207704560338,1.03791116330859,1.06601682811013e-06,3,0,0.791579157915792
0.702266146038894,1.14243184396951,1.184442118093e-06,3,0,0.783778377837784
0.697881356176927,1.13988313676579,1.24483666273329e-06,3,0,0.772677267726773
0.713041417910759,1.14823671859335,1.53875215658545e-06,3,0,0.811081108110811
0.718476432396888,0.762499745989251,3.28539377092627e-06,3,0,0.864086408640864
0.742695120043768,0.532240457822528,3.37477176192295e-06,3,0,0.95019501950195
0.740677835117166,0.521005099239439,2.25367832810582e-06,3,0,0.946094609460946
0.76810638136265,0.217606725631556,2.14110341970591e-06,3,0,1
0.749564100863357,0.28554961923484,3.08176677641531e-06,3,0,0.992899289928993
0.769254682567075,0.131031132529095,2.12559015119156e-06,3,0,1
0.747483182218361,0.308113903157453,2.50520796018913e-06,3,0,0.985198519851985
0.747974199236902,0.27669292348267,2.00403551843563e-06,3,0,0.98959895989599
0.749601117276859,0.309328327995346,1.45530295493797e-06,3,0,0.990599059905991
0.754277891396674,0.269399587870525,2.60209712635373e-06,3,0,1
0.750071970301975,0.315279314390808,1.37133704173214e-06,3,0,0.991199119911991
0.749199488689943,0.323091598727216,2.10987976039317e-06,3,0,0.988098809880988
0.731853256773659,0.55121423623512,1.59021263015704e-06,3,0,0.92009200920092
0.723799105501207,0.550351960684619,1.67312095794893e-06,3,0,0.899289928992899
0.725402041391775,0.574600447951388,1.11518887894762e-06,3,0,0.901090109010901
0.720481571462096,0.555435290775252,1.48448935257977e-06,3,0,0.89018901890189
0.71608614040776,0.609434819076867,1.21315121478082e-06,3,0,0.873387338733873
0.721419290624222,0.577901335730944,1.34067016749002e-06,3,0,0.89038903890389
0.715506874245269,0.597658557807866,1.18569925606934e-06,3,0,0.873087308730873
0.739400184461352,0.342249504588283,2.78003827847846e-06,3,0,0.960796079607961
0.756532219012882,0.202125728939986,2.44373435439992e-06,3,0,1
0.7721145062569,0.114194776611496,2.7010639464125e-06,3,0,1
0.771486557665103,0.252255964580201,2.02441849495698e-06,3,0,1
0.760595072192753,0.414084967059729,1.70345508012593e-06,3,0,1
0.771260119665131,0.424810588653719,1.3544333099958e-06,3,0,1
0.778255901669138,0.307648264060687,1.40832295151076e-06,3,0,1
0.781035520020361,0.285010324190037,1.44787228221469e-06,3,0,1
0.773194364421898,0.250061983865806,2.40811400638736e-06,3,0,1
0.77506005143939,0.236563753156429,2.12639130160621e-06,3,0,1
0.774799442535881,0.280326079102147,1.33696898113802e-06,3,0,1
0.775259387174097,0.254023867616122,2.3580335376987e-06,3,0,1
0.763896423912,0.237532124109205,2.62176797407739e-06,3,0,1
0.77606394637311,0.381787875953129,1.20500935244348e-06,3,0,1
0.771995012848008,0.364933886626422,1.82197655025177e-06,3,0,1
0.772129840602029,0.414937524735314,1.29700363537737e-06,3,0,1
0.774751870509497,0.382155398802043,1.23979294247594e-06,3,0,1
0.779397744180099,0.350824465526854,1.32346844079673e-06,3,0,1
0.777055428169517,0.257462464169676,1.65555400090958e-06,3,0,1
0.780013584636144,0.27843278076351,1.05913575701006e-06,3,0,1
0.769002512528398,0.281566621020336,2.34412440787946e-06,3,0,1
0.761176460444374,0.438872707946955,1.98053654905951e-06,3,0,1
0.799781930387953,0.250587746355588,7.72205410753086e-07,3,0,1
0.764423670495483,0.360084314114233,1.75370838482763e-06,3,0,1
0.768762851369435,0.363140239442378,1.33575874073047e-06,3,0,1
0.761171504095169,0.371112942568651,1.42359901167709e-06,3,0,1
0.767034732122869,0.319885965811587,1.63608927659044e-06,3,0,1
0.782673147687563,0.240033760103991,1.60122360884214e-06,3,0,1
0.761282442757904,0.286616983912583,1.59648502569184e-06,3,0,1
0.768745703216483,0.275674147592637,2.62242907918173e-06,3,0,1
0.757567050052513,0.255309391242341,2.83253635863083e-06,3,0,1
0.781316745515857,0.240961229374627,1.30026851053443e-06,3,0,1
0.771223969082825,0.208174491529328,2.73559896678493e-06,3,0,1
0.770862811917242,0.262806858696483,2.61903044804941e-06,3,0,1
0.776631212985081,0.269524239148589,1.21375979332475e-06,3,0,1
0.775551310778336,0.245386862671261,2.08790229005422e-06,3,0,1
0.775231431196407,0.250395606668685,2.40998147888944e-06,3,0,1
0.782409416233049,0.228074477624259,1.74082404137832e-06,3,0,1
0.775420647237348,0.231344910124526,1.57376317404461e-06,3,0,1
0.779883490631281,0.273714687816264,1.4974618777395e-06,3,0,1
0.782951497904701,0.213797554045083,1.4281521335282e-06,3,0,1
0.780727331370734,0.246488683584451,1.67467440494538e-06,3,0,1
0.779774055526937,0.228216876797265,1.73580753537623e-06,3,0,1
0.777342401640938,0.266742554269395,1.97159787310809e-06,3,0,1
0.779838411080308,0.246761919353085,1.65714429473787e-06,3,0,1
0.779896191522868,0.239675201659922,1.81190279975472e-06,3,0,1
0.779410748536471,0.265799715926136,1.58587563803509e-06,3,0,1
0.778273661776486,0.232996728866454,1.63073838863792e-06,3,0,1
0.774422240131346,0.251825033644641,2.20157405564842e-06,3,0,1
0.777783993935797,0.342232640228155,8.1687006228543e-07,3,0,1
0.78453983117641,0.259778459130918,1.07612501802575e-06,3,0,1
0.760428030893833,0.364148931335226,1.06809511228991e-06,3,0,1
0.758415134787365,0.404198490801518,1.32147116524527e-06,3,0,1
0.767413013828925,0.167318845006382,2.35555481900829e-06,3,0,1
0.777871125566787,0.28862829254464,7.72187459304525e-07,3,0,1
0.800529254263979,0.818935146933336,1.12342474003775e-07,3,0,1
0.75932586909872,0.339608009686435,2.1133746296121e-06,3,0,1
0.760579736117901,0.317885215555891,1.62825749009909e-06,3,0,1
0.75878902295749,0.386167380547178,1.71941918944418e-06,3,0,1
0.760132141898852,0.336624073954264,1.68633655601288e-06,3,0,1
0.757560472690954,0.357404631299293,1.95290946658726e-06,3,0,1
0.759976626202771,0.344310036926311,1.66248223685753e-06,3,0,1
0.768248301225005,0.287424706304444,1.0122632372426e-06,3,0,1
0.78264094795682,0.190271727597986,1.70520399012844e-06,3,0,1
0.787420518393412,0.196893941315897,1.18836733702714e-06,3,0,1
0.787432296570686,0.189593882070277,1.20939331682643e-06,3,0,1
0.758479655554548,0.199342062232997,2.12304683404392e-06,3,0,1
0.681801672059194,1.38143255789663,5.6827483766126e-06,3,0,0.706570657065707
0.745485737561528,0.29056385641367,2.06089536445625e-06,3,0,0.981798179817982
0.719013622143043,0.730173027336875,4.42852627604719e-06,3,0,0.868786878687869
0.738097351756558,0.400107672834065,2.1670009011827e-06,3,0,0.951595159515952
0.732271010685467,0.620083907239213,2.65300067784087e-06,3,0,0.914291429142914
0.685459025343836,1.51158636982485,1.47953372124846e-06,3,0,0.702970297029703
0.694938925910739,1.09917041413842,2.11451994581064e-06,3,0,0.769176917691769
0.69894205213711,1.09471671321087,1.86674293324835e-06,3,0,0.77997799779978
0.690433064479897,1.48910386420307,2.92137160984471e-06,3,0,0.718071807180718
0.687913026685508,1.49213835686821,1.61448457079029e-06,3,0,0.711271127112711
0.723189717757111,0.646866276218439,4.06598471934702e-06,3,0,0.887988798879888
0.741592379186933,0.357245216470879,2.56734881359127e-06,3,0,0.964996499649965
0.718668528999046,0.732468200380892,4.35553505357886e-06,3,0,0.867686768676868
0.732179056608158,0.492748184773092,3.20334822864288e-06,3,0,0.926892689268927
0.740701477077867,0.399764118078899,2.429293941029e-06,3,0,0.958395839583958
0.742297381618754,0.370068280163131,2.37738628167409e-06,3,0,0.965496549654965
0.741990282179943,0.358398180465867,2.47820797384123e-06,3,0,0.965896589658966
0.741704568633633,0.36593412255016,2.59113753767264e-06,3,0,0.964396439643964
0.741006435741111,0.340124893648386,2.8807334327781e-06,3,0,0.965196519651965
0.722358013448658,0.661164564549171,4.15191470883155e-06,3,0,0.884388438843884
0.712092030520081,0.841378795795371,4.71124035037003e-06,3,0,0.83958395839584
0.749399979768407,0.242134337115101,1.8827087618055e-06,3,0,0.996799679967997
0.71699614084398,0.743197357281439,3.27358125120841e-06,3,0,0.862286228622862
0.725770754143045,0.552410617813273,3.18642581404686e-06,3,0,0.904290429042904
0.716281151123396,0.789492260326736,3.81828133622825e-06,3,0,0.855685568556856
0.722896469120258,0.783127333805503,3.24458250795433e-06,3,0,0.873487348734873
0.712992316879567,0.840425176988025,3.79101773771824e-06,3,0,0.842084208420842
0.7433469977384,0.324028174045809,2.61011997705308e-06,3,0,0.972897289728973
0.741460205257494,0.355913466287197,2.93825691622449e-06,3,0,0.964796479647965
0.742142681525089,0.342008828702907,2.78785414692034e-06,3,0,0.967896789678968
0.741752180185596,0.323171253066712,3.24304801798435e-06,3,0,0.968796879687969
0.743948580812787,0.337869760231006,2.62619426378922e-06,3,0,0.972997299729973
0.745113904722615,0.314656284173562,3.25577204520343e-06,3,0,0.978397839783978
0.744669344857209,0.302325369286583,3.10672370876152e-06,3,0,0.978497849784978
0.748808536872234,0.316064644170476,3.46262803316273e-06,3,0,0.987798779877988
0.722291798987242,0.723179811983552,3.91324863435947e-06,3,0,0.877987798779878
0.723609961759599,0.658789215359012,3.62232508290611e-06,3,0,0.887888788878888
0.718792642742396,0.719632126157139,3.78915818115159e-06,3,0,0.869286928692869
0.727790597551906,0.666742305956634,4.15564758468939e-06,3,0,0.897989798979898
0.743778083818824,0.319103692893818,2.39415844102286e-06,3,0,0.974497449744975
0.75308134473663,0.254147145994255,2.39666857734255e-06,3,0,1
0.747792690900265,0.260590875764404,2.35166704337033e-06,3,0,0.990799079907991
0.746195091128093,0.277991966772313,2.64588146313484e-06,3,0,0.984898489848985
0.732864488692763,0.506708468185062,2.6759002819455e-06,3,0,0.927292729272927
0.728405512972432,0.595482438946057,2.52854128648629e-06,3,0,0.906690669066907
0.72030425596055,0.683664624537245,3.82569246035444e-06,3,0,0.876787678767877
0.720446230782872,0.718905025022409,3.44704735431213e-06,3,0,0.873687368736874
0.725075957766569,0.667482604590879,3.18100586516333e-06,3,0,0.890789078907891
0.720439646110247,0.712050201201233,3.28552640628662e-06,3,0,0.874287428742874
0.721603007567023,0.70836895705786,3.3044303839037e-06,3,0,0.877687768776878
0.725259357412301,0.640040068278862,2.78946569129811e-06,3,0,0.894089408940894
0.725111291300146,0.663489017744346,2.981916180215e-06,3,0,0.891289128912891
0.728169894908792,0.64865173156768,3.27895956670118e-06,3,0,0.900790079007901
0.727931092537662,0.679616370234411,2.98838291225769e-06,3,0,0.896989698969897
0.72800841315259,0.669895530531304,3.0456114491835e-06,3,0,0.898189818981898
0.728320785057455,0.669225227656565,3.76931926474687e-06,3,0,0.899089908990899
0.727051296583204,0.655568622543795,3.42851149117516e-06,3,0,0.897189718971897
0.729701510708853,0.637281367454739,3.49641031477723e-06,3,0,0.905890589058906
0.733195043127434,0.545348094085006,2.2533214552783e-06,3,0,0.924192419241924
0.727671903086977,0.634332426001928,3.34251515866516e-06,3,0,0.900890089008901
0.730174617364256,0.6423604300834,4.13137977732109e-06,3,0,0.906590659065907
0.73490690602816,0.512062834193403,2.55749357800548e-06,3,0,0.931993199319932
0.732354884523027,0.5924980186754,2.95813847595753e-06,3,0,0.917291729172917
0.758036427242152,0.210475155711411,2.17593829892452e-06,3,0,1
0.729713173748362,0.425177078342083,1.12590564199606e-06,3,0,0.927292729272927
0.756562999452122,0.201638897832485,2.1463093571871e-06,3,0,1
0.735876548712385,0.400151678104737,1.24216471380411e-06,3,0,0.945794579457946
0.737072386098339,0.378021653253403,1.19368805994655e-06,3,0,0.951095109510951
0.751906406987597,0.291986357873286,2.35148577433674e-06,3,0,0.998299829982998
0.766130312432742,0.2022437259479,2.460009760098e-06,3,0,1
0.754165001851806,0.234172237644436,1.90432709159192e-06,3,0,1
0.772928535660185,0.298172821527485,9.61329619309228e-07,3,0,1
0.765509046791949,0.281942910084811,1.38599090737438e-06,3,0,1
0.749945943332201,0.336344238908796,1.49229882129877e-06,3,0,0.988698869886989
0.744462023903972,0.320719024934615,2.4417366262037e-06,3,0,0.976097609760976
0.744357400227444,0.306434412159986,3.15624133077714e-06,3,0,0.977297729772977
0.749515626410514,0.29938021935964,1.69061560048259e-06,3,0,0.991299129912991
0.749717662321803,0.327313796648414,1.89039517605922e-06,3,0,0.988998899889989
0.743970910412732,0.343967430708873,2.85632229587695e-06,3,0,0.972497249724973
0.75098273536678,0.32381110050875,3.12487777061765e-06,3,0,0.992699269926993
0.744166135092494,0.379006505331519,1.96232468724266e-06,3,0,0.969396939693969
0.733861613022115,0.527335866981343,1.45036685018585e-06,3,0,0.927792779277928
0.799383306573495,0.227234726074426,9.08935418240095e-07,3,0,1
0.780547470325188,0.335415998355435,1.7117966159634e-06,3,0,1
0.771828944441104,0.210509022513926,1.92214771833779e-06,3,0,1
0.773323672560115,0.22753202485467,1.69154381194646e-06,3,0,1
0.775068213273895,0.219484902730804,1.1182241027254e-06,3,0,1
0.781907917106488,0.247752360456464,1.64968624230998e-06,3,0,1
0.776939204476091,0.252670965399551,1.66710094709803e-06,3,0,1
0.733158065348996,0.632452353657114,1.25581389722197e-06,3,0,0.915291529152915
0.77321713764266,0.365422736479319,1.03436335383801e-06,3,0,1
0.777117981412449,0.277671730641206,1.56401692735366e-06,3,0,1
0.770252927302248,0.331164147986896,1.23929594490647e-06,3,0,1
0.77094225824962,0.305883539163026,1.48104837419008e-06,3,0,1
0.769304357627912,0.280906768216744,1.5836835882566e-06,3,0,1
0.770195379279169,0.310692863512689,1.26704868303257e-06,3,0,1
0.77117034461933,0.326017369284696,1.27699988002525e-06,3,0,1
0.770842762202669,0.307343392570732,1.20934808589231e-06,3,0,1
0.770650967385842,0.312057882711182,1.18227106207568e-06,3,0,1
0.773063806999635,0.295956012275964,1.21853302845135e-06,3,0,1
0.768748207798768,0.386983412140649,1.36253603091576e-06,3,0,1
0.77285803805326,0.315574164759809,1.4717097733224e-06,3,0,1
0.774525574796788,0.31786795148087,1.19339782697127e-06,3,0,1
0.773768723117418,0.296815957899584,1.21425083927304e-06,3,0,1
0.771718389557593,0.342805168241912,1.15701241655356e-06,3,0,1
0.776929202091214,0.293743510772929,1.24706794373297e-06,3,0,1
0.77517531930725,0.286688118983932,1.31949686164352e-06,3,0,1
0.779132611025801,0.255827159433599,1.27371930519635e-06,3,0,1
0.776648814517721,0.280986234894476,1.3809108007708e-06,3,0,1
0.773421164291719,0.264885839925798,1.69227440946881e-06,3,0,1
0.77640376311099,0.219164954659814,1.43106784166923e-06,3,0,1
0.778614593799488,0.286374198944481,9.40570310571621e-07,3,0,1
0.75674421951769,0.23434220471188,1.42230815470008e-06,3,0,1
0.751554419419536,0.263021199607261,3.23310401794731e-06,3,0,1
0.751519122326013,0.260298751456211,3.29404934521151e-06,3,0,1
0.749390617096957,0.303963650708168,3.4382373742252e-06,3,0,0.990599059905991
0.74915373516427,0.256174886884663,2.87768858670823e-06,3,0,0.994799479947995
0.753696436341524,0.286010852159986,1.58611963238122e-06,3,0,1
0.774014910793558,0.219963739517555,1.20883945483625e-06,3,0,1
0.750620940214343,0.257447325036137,2.07096577942255e-06,3,0,0.998399839983998
0.752416198492419,0.26768687889641,2.14535927352337e-06,3,0,1
0.782784587094316,0.442216341729824,3.43009174626799e-07,3,0,1
0.779257509285554,0.492522528283788,3.69540044769646e-07,3,0,1
0.784709867589338,0.423380205796607,3.3098264025256e-07,3,0,1
0.78078617481005,0.469067967876623,3.58317186054243e-07,3,0,1
0.75083722219794,0.255719235993466,2.1673945694864e-06,3,0,0.999199919991999
0.754306093662388,0.218402427636773,1.92475170567544e-06,3,0,1
0.756054979807855,0.266832798893928,2.95320534142111e-06,3,0,1
0.740493112601404,0.618663871607476,7.23415499230507e-07,3,0,0.935693569356936
0.742180987836088,0.65744495691918,6.77229717867553e-07,3,0,0.936193619361936
0.740917049318913,0.624102485704962,7.72929960200982e-07,3,0,0.936293629362936
0.744860946031781,0.571957835723711,8.74825070107242e-07,3,0,0.951795179517952
0.731034508377333,0.648351585168848,7.67166482197623e-07,3,0,0.908190819081908
0.73725683517117,0.689707761856155,5.73007095075696e-07,3,0,0.92019201920192
0.748989850867227,0.516722883411669,5.36714255425549e-07,3,0,0.967996799679968
0.749746555056612,0.483884144109279,5.31381305541521e-07,3,0,0.973297329732973
0.748236983527393,0.533916752595188,5.72780559974772e-07,3,0,0.964396439643964
0.748719323631693,0.502390304343889,5.7792571836923e-07,3,0,0.968796879687969
0.748636761549615,0.526590145988188,5.7120375190911e-07,3,0,0.966096609660966
0.748396036083209,0.526219228970735,5.78626323433484e-07,3,0,0.965596559655966
0.747246711610711,0.554917330681531,6.99802486358271e-07,3,0,0.95969596959696
0.747776090209965,0.539969805591894,5.45379535660733e-07,3,0,0.962596259625963
0.747124935827239,0.590909469679111,6.02120655886053e-07,3,0,0.955695569556956
0.749100040898694,0.353079009291182,2.57697603010484e-06,3,0,0.984798479847985
0.746545970490228,0.298715297601165,2.85400523310165e-06,3,0,0.983698369836984
0.746394574555989,0.320440330045105,2.3344298392089e-06,3,0,0.981098109810981
0.793005829704023,0.171218640329573,9.77720009553737e-07,3,0,1
0.79115156121934,0.191225595889004,1.03485608929825e-06,3,0,1
0.789304213367991,0.195947019195128,1.05329839172934e-06,3,0,1
0.749323980703523,0.467503688812604,6.95498950531136e-07,3,0,0.973897389738974
0.748180888171203,0.478757296718718,7.07588017456353e-07,3,0,0.96979697969797
0.748631372506787,0.458535354117812,6.27173220004283e-07,3,0,0.972997299729973
0.746758947155015,0.465039233925364,6.47523302694608e-07,3,0,0.967496749674967
0.747250631891115,0.512341110117422,6.94815612865195e-07,3,0,0.963996399639964
0.745803864475728,0.535711968545333,6.63443038010585e-07,3,0,0.957895789578958
0.772983927423627,0.475869539013681,2.52031179852074e-07,3,0,1
0.786644273985405,0.914720156752268,1.40765765350887e-07,3,0,1
0.788200626236031,1.02619060154813,1.17716270043528e-07,3,0,1
0.785639544798537,1.04897900834056,1.27417439794968e-07,3,0,1
0.76974866158972,0.215077782247652,1.65026476595325e-06,3,0,1
0.757133958826194,0.301885780875123,1.8684953394479e-06,3,0,1
0.74993763235838,0.261386971305881,3.5540619161946e-06,3,0,0.996299629962996
0.747365500674854,0.283005624640809,3.29007893244274e-06,3,0,0.987398739873987
0.747076639797447,0.288397909570625,3.22370711453209e-06,3,0,0.986098609860986
0.747098567315607,0.287931917146275,3.46650359847303e-06,3,0,0.986198619861986
0.74708235802684,0.299074630811579,4.56844625284864e-06,3,0,0.985098509850985
0.747617973531281,0.282059370232573,3.96671378324256e-06,3,0,0.988198819881988
0.747686057024441,0.282923308400595,3.68942056816904e-06,3,0,0.988298829882988
0.747222003993788,0.287901174272931,3.56840394968081e-06,3,0,0.986598659865987
0.748197120439487,0.28828695795864,3.46667584574245e-06,3,0,0.988998899889989
0.747316483410953,0.292462787455275,3.45838788534172e-06,3,0,0.986298629862986
0.747878892140641,0.290003290294868,3.53945000206115e-06,3,0,0.987998799879988
0.747403924893231,0.304870637523678,4.03420094813907e-06,3,0,0.985298529852985
0.747914216198819,0.278705295252003,3.07867852174162e-06,3,0,0.989298929892989
0.748528609868234,0.269713566474126,2.9562641144322e-06,3,0,0.991799179917992
0.746048281461544,0.296581779412357,2.4890869100173e-06,3,0,0.982598259825983
0.748627299277974,0.283375321803173,3.13242451054109e-06,3,0,0.990699069906991
0.748378167038645,0.290163615457218,3.07627258467565e-06,3,0,0.989298929892989
0.7473306648738,0.288443872414861,2.98042930122514e-06,3,0,0.986798679867987
0.747204193123729,0.299276018561412,2.81646330073994e-06,3,0,0.985398539853985
0.747640380542442,0.282945304626104,3.30028051822853e-06,3,0,0.988098809880988
0.748828177946064,0.281776142349035,3.29168558514091e-06,3,0,0.991299129912991
0.748064614990873,0.286058535609861,3.84877741600075e-06,3,0,0.988898889888989
0.748778463401707,0.277848476735381,3.30200943528432e-06,3,0,0.991599159915992
0.74857682486707,0.288837435726003,4.32792005229779e-06,3,0,0.98999899989999
0.748771925680326,0.294194662659584,3.85638729208192e-06,3,0,0.98989898989899
0.745514402719177,0.329976801189246,3.26308210661445e-06,3,0,0.977897789778978
0.750697007375672,0.299864614413396,4.55590656639139e-06,3,0,0.994399439943994
0.746643469327284,0.31543812247628,3.85121264509807e-06,3,0,0.982298229822982
0.748699434936692,0.284779051860822,2.81842342232191e-06,3,0,0.990699069906991
0.750330715932931,0.286406778584624,3.11220747958312e-06,3,0,0.994799479947995
0.748940734378199,0.290786520877174,3.9447059252331e-06,3,0,0.990699069906991
0.749630683155314,0.265621265709086,2.38452827154919e-06,3,0,0.994999499949995
0.749319105936207,0.292663199230894,4.20197074780387e-06,3,0,0.991499149914992
0.750383055296099,0.291490192863462,3.92704329939121e-06,3,0,0.994399439943994
0.749972820845496,0.265602195918705,2.76433364211157e-06,3,0,0.995899589958996
0.751033689471654,0.27780755696976,2.76112787041528e-06,3,0,0.997499749974997
0.750923428454275,0.274070363803877,2.90927494199538e-06,3,0,0.997499749974997
0.747699992630853,0.287626760569289,3.96573891117127e-06,3,0,0.987798779877988
0.748789052541276,0.273392360432432,3.72215514392971e-06,3,0,0.992099209920992
0.747899191040386,0.278596114846079,3.7120774543779e-06,3,0,0.989198919891989
0.750607896723184,0.277575768665953,3.52510902074953e-06,3,0,0.996399639963996
0.747972769089426,0.278888102795168,3.30164489127244e-06,3,0,0.989398939893989
0.749409900579402,0.300427476509934,4.69923475648893e-06,3,0,0.990999099909991
0.749034043788851,0.281039496894458,3.51796557724901e-06,3,0,0.991899189918992
0.746844385401698,0.288514988808355,2.72598271744463e-06,3,0,0.985498549854986
0.747952223163935,0.278638883416904,2.98622791597701e-06,3,0,0.989398939893989
0.745910089336089,0.317192528331831,3.55242409576124e-06,3,0,0.98019801980198
0.745638570234606,0.317485677900257,3.61591806594494e-06,3,0,0.97949794979498
0.745859902217155,0.314604948616584,3.4977257757344e-06,3,0,0.98029802980298
0.746399573654703,0.298278883835193,3.42894239861413e-06,3,0,0.983398339833983
0.746930430027166,0.295937698924794,3.47346950735447e-06,3,0,0.984998499849985
0.747135813873817,0.295801008513294,3.34943118740648e-06,3,0,0.985498549854986
0.745925139587321,0.308109164666557,3.09137045758958e-06,3,0,0.981198119811981
0.747495622306007,0.287128863626991,3.2669550909367e-06,3,0,0.987298729872987
0.744728419619237,0.311229254852877,3.30085737505909e-06,3,0,0.977697769776978
0.743864003451053,0.336328621487279,2.57634284547314e-06,3,0,0.972997299729973
0.753552031749867,0.226406337581607,3.2470745140801e-06,3,0,1
0.759619032279138,0.261715003634613,1.84485563158166e-06,3,0,1
0.744199090076174,0.303620873466228,3.09170263493968e-06,3,0,0.977097709770977
0.745421594710795,0.234806854383467,4.69811944982347e-06,3,0,0.987198719871987
0.743273443314817,0.250477089785292,3.16864754502588e-06,3,0,0.98009800980098
0.745389967739045,0.245879783302874,3.50483341874513e-06,3,0,0.985998599859986
0.74600921263581,0.238626871867052,3.3539034552041e-06,3,0,0.988398839883988
0.742903143896719,0.254468822519985,3.31546019531832e-06,3,0,0.978697869786979
0.742790875409012,0.256963943264518,3.36149101629764e-06,3,0,0.978197819781978
0.745757441897154,0.239761725973847,3.54865898511147e-06,3,0,0.987598759875988
0.745524546032177,0.235926404643807,3.40289276018275e-06,3,0,0.987398739873987
0.744817451000426,0.238788179192242,3.33581562396312e-06,3,0,0.985298529852985
0.746297406781835,0.236274044736714,3.36455556324303e-06,3,0,0.989398939893989
0.745265070912154,0.242077911931038,3.53828283252747e-06,3,0,0.986098609860986
0.743307938819852,0.260734283400864,3.02479314608671e-06,3,0,0.979097909790979
0.74269806581503,0.269823283944434,3.46340932282178e-06,3,0,0.976597659765977
0.742412996736419,0.269797362949538,3.22239523078271e-06,3,0,0.975897589758976
0.741474257866079,0.299846998029386,3.10336973295926e-06,3,0,0.97039703970397
0.742602466203052,0.277077674000292,3.32851350250027e-06,3,0,0.975697569756976
0.742609316045245,0.282625850992626,3.36291615410299e-06,3,0,0.975097509750975
0.742715769702595,0.268264349082327,3.60013388934706e-06,3,0,0.976897689768977
0.743678639031815,0.248162314337381,3.15025410955466e-06,3,0,0.981398139813981
0.743122996444065,0.271669209513653,3.18627133347365e-06,3,0,0.977597759775978
0.741332261933613,0.298859353363276,2.89487650890428e-06,3,0,0.97019701970197
0.74369979290799,0.276999509359508,3.32340673453363e-06,3,0,0.978497849784978
0.743025558599802,0.26924017871184,4.42006869338727e-06,3,0,0.977597759775978
0.742337117857318,0.284669384203809,3.40092577236628e-06,3,0,0.974197419741974
0.743700632516513,0.25088873935637,4.52193116683717e-06,3,0,0.981198119811981
0.741835048106556,0.291064394736515,2.8682512473392e-06,3,0,0.972297229722972
0.745272372229301,0.254802313247485,2.77271127599646e-06,3,0,0.984798479847985
0.744304179708604,0.315140262208269,2.78345404900579e-06,3,0,0.976197619761976
0.745903943020302,0.280068302134646,3.0426298373385e-06,3,0,0.983898389838984
0.745096780053801,0.314848610333814,2.77459349154368e-06,3,0,0.978297829782978
0.747204311324962,0.278788547975026,2.71211908172832e-06,3,0,0.987398739873987
0.745481226714841,0.274283936606952,3.07059153043178e-06,3,0,0.983398339833983
0.74380079457541,0.254133261817592,4.15329975576535e-06,3,0,0.981098109810981
0.745557859397005,0.258177867342383,3.50109899505298e-06,3,0,0.985198519851985
0.747159628325654,0.323630445382507,3.14843052856197e-06,3,0,0.982798279827983
0.741442617187198,0.370470132857245,3.39916274457085e-06,3,0,0.963196319631963
0.74270347061717,0.325839971984704,3.69573510804542e-06,3,0,0.970997099709971
0.743900966657454,0.312265966313404,3.38235395311295e-06,3,0,0.975497549754975
0.745664218039738,0.239387330063246,2.96371979402722e-06,3,0,0.987398739873987
0.744024665442926,0.236497766370904,3.86502169355212e-06,3,0,0.983498349834984
0.743904165111736,0.304276065268725,3.39359183713852e-06,3,0,0.976297629762976
0.743794944716906,0.32159585970839,3.10459208906942e-06,3,0,0.974297429742974
0.747685888071942,0.284141243656436,3.0171656925756e-06,3,0,0.988098809880988
0.745852976892859,0.264540923989285,3.50021193701087e-06,3,0,0.985398539853985
0.740303298045434,0.266284613390603,3.27317797033575e-06,3,0,0.970797079707971
0.74492394423895,0.302970031362669,3.12212097191271e-06,3,0,0.979097909790979
0.745532729803677,0.292691041512347,3.05469810459949e-06,3,0,0.981698169816982
0.746648280670527,0.244180292092777,3.58975656347545e-06,3,0,0.98949894989499
0.745431364089283,0.257547319519288,3.18301407471626e-06,3,0,0.984998499849985
0.742245024436315,0.278915312791935,3.36516858435456e-06,3,0,0.974597459745975
0.742321789562677,0.253694956510478,3.01391586748796e-06,3,0,0.977297729772977
0.743877699548253,0.246459435659585,3.35289885145227e-06,3,0,0.982098209820982
0.745974937234847,0.288583524584056,3.20994536614374e-06,3,0,0.983298329832983
0.745126699760792,0.322352520331107,3.1370809903533e-06,3,0,0.977597759775978
0.743565502324866,0.326436246373823,3.24083941562181e-06,3,0,0.973197319731973
0.746518636273502,0.264731768047548,3.42698208039935e-06,3,0,0.987098709870987
0.742481045032784,0.263184332849177,2.83457476489598e-06,3,0,0.976797679767977
0.745232831908792,0.244226818928861,2.66149278701835e-06,3,0,0.985798579857986
0.743310553839588,0.272701460319256,3.18848919166703e-06,3,0,0.977897789778978
0.742758590639394,0.26652088221044,3.90783806708763e-06,3,0,0.977097709770977
0.753405201148942,0.232280644218401,2.96797999192024e-06,3,0,1
0.723658927206936,0.608726903433233,1.30680817886824e-06,3,0,0.893089308930893
0.699760967707767,1.1821378841311,1.96386981881292e-06,3,0,0.773277327732773
0.710871659042148,1.03509625488383,1.07606164027122e-06,3,0,0.816881688168817
0.692647350861353,1.08005671209426,1.17043740706061e-06,3,0,0.765076507650765
0.70767147067738,0.740636146262629,2.44939019131224e-06,3,0,0.838283828382838
0.721358354078145,0.691973196997895,1.58176456536755e-06,3,0,0.878687868786879
0.703305124315185,0.93766028979709,1.86120992733261e-06,3,0,0.807080708070807
0.730658569889437,1.11037231463116,2.41973862048847e-07,3,0,0.860586058605861
0.757219104951056,0.41268204942807,1.87618738497739e-06,3,0,0.999899989999
0.757466899677834,0.421103294226041,2.19351085972563e-06,3,0,0.999699969997
0.755499188614205,0.385521871005303,1.96773395588692e-06,3,0,0.998199819981998
0.75252440578953,0.3138701138583,2.54366675472032e-06,3,0,0.997699769976998
0.752035895350073,0.312990145617692,2.63624217842577e-06,3,0,0.996499649964997
0.751554902580673,0.326531935802316,2.77147361670114e-06,3,0,0.993899389938994
0.761194037261624,0.314477468006297,1.9908378413542e-06,3,0,1
0.780197303892287,0.249064823271977,2.27634221721664e-06,3,0,1
0.752328890659482,0.379248297499804,2.00354867996847e-06,3,0,0.990599059905991
0.754600204781254,0.335505504305637,1.84760976640998e-06,3,0,1
0.755388549543461,0.314900214316224,1.97528432171524e-06,3,0,1
0.754838852935378,0.33669613841422,2.30540272877673e-06,3,0,1
0.752778321126515,0.317819041795814,2.77687686097037e-06,3,0,0.997899789978998
0.752178559214073,0.342490615539565,3.01783496639306e-06,3,0,0.993899389938994
0.75269950647471,0.314353149017596,2.75518370228739e-06,3,0,0.998099809980998
0.752861349398648,0.353785593429737,3.31031907084609e-06,3,0,0.994499449944995
0.753413484990482,0.319586022703825,2.94579572180703e-06,3,0,0.999399939993999
0.753426166644051,0.329916386946542,2.80307991966431e-06,3,0,0.998399839983998
0.754313883227992,0.329952188476348,2.5790693631383e-06,3,0,1
0.753424075826967,0.320136231783695,2.60844060486155e-06,3,0,0.999399939993999
0.754549611139203,0.324281662480396,2.41152076526875e-06,3,0,1
0.754587914295618,0.310103310818693,2.51231886920006e-06,3,0,1
0.752560612813218,0.338883645175937,2.496976598283e-06,3,0,0.995199519951995
0.75286393456468,0.333687029932432,2.57347459594978e-06,3,0,0.996599659965997
0.752333443338195,0.306601534825036,2.38723484294531e-06,3,0,0.997899789978998
0.754493726796852,0.313265967579112,2.33035936921663e-06,3,0,1
0.754057386261635,0.31062064929604,2.26041891625616e-06,3,0,1
0.753352896232629,0.320707831526048,2.4618763981542e-06,3,0,0.999099909990999
0.753501427471983,0.317011549474101,2.49780541887913e-06,3,0,0.999899989999
0.752935128240425,0.32475002623163,2.56917782592827e-06,3,0,0.997599759975998
0.753908352486157,0.327817898032592,2.47253457824182e-06,3,0,0.999899989999
0.753967611405701,0.311146832419244,2.71511549580151e-06,3,0,1
0.754161469442966,0.321133540751947,2.47500432023759e-06,3,0,1
0.753267405934351,0.302670776215211,2.92429443413932e-06,3,0,1
0.755226722515124,0.307280567561437,2.38729186857483e-06,3,0,1
0.754142496394831,0.331373340580217,2.69055053828919e-06,3,0,1
0.754365968931055,0.318851016492425,2.67707037292408e-06,3,0,1
0.753756482810639,0.328832864454125,2.56551420160816e-06,3,0,0.999399939993999
0.754613971899042,0.312276161361912,2.48764940986202e-06,3,0,1
0.753856957945281,0.320417888207648,2.49587851378594e-06,3,0,1
0.754500672246643,0.327827039011778,2.24393396090849e-06,3,0,1
0.7544298618536,0.332970006829853,2.28531191630577e-06,3,0,1
0.754572363516926,0.325658265309888,2.30582017019101e-06,3,0,1
0.751193580569954,0.449402012148985,3.06786181276713e-06,3,0,0.980598059805981
0.754488400879827,0.42288465866669,2.2405378976585e-06,3,0,0.991799179917992
0.752486024008771,0.428455149357793,2.26219126483842e-06,3,0,0.985998599859986
0.751622091995421,0.457887546174242,2.65578344389622e-06,3,0,0.980798079807981
0.752479175048773,0.442214624925541,2.34603261135824e-06,3,0,0.984598459845985
0.752577097951609,0.456724936477009,2.32561601702084e-06,3,0,0.983398339833983
0.749624276666045,0.444228470267364,2.9353160830124e-06,3,0,0.976997699769977
0.755781184878097,0.411700066961796,2.09565855427807e-06,3,0,0.996299629962996
0.757857237561645,0.37585710746908,2.30937447825844e-06,3,0,1
0.752339644284174,0.480247625689385,2.33600063676911e-06,3,0,0.98039803980398
0.746623817157089,0.290420676354682,1.5222990605063e-06,3,0,0.984698469846985
0.739438369522832,0.418273817339794,2.44053804052109e-06,3,0,0.953195319531953
0.747654862258166,0.471504361218531,1.9016454411625e-06,3,0,0.969196919691969
0.730828938851712,0.514920348010325,2.86010472877863e-06,3,0,0.921092109210921
0.722338816989329,0.62218354471667,2.28925309161741e-06,3,0,0.888288828882888
0.72754380493578,0.609581647917793,1.10112886128505e-06,3,0,0.903090309030903
0.723797722606333,0.632786354816761,1.618420116437e-06,3,0,0.890989098909891
0.720898645932468,0.636618719297722,1.37295467259591e-06,3,0,0.883088308830883
0.723086322052733,0.69363215460223,1.8067406097671e-06,3,0,0.882988298829883
0.721178007010053,0.680894464701461,1.72792208748398e-06,3,0,0.879387938793879
0.755457390762923,0.266008306168118,2.56057261102391e-06,3,0,1
0.750648028597122,0.284913987229749,3.55787738560235e-06,3,0,0.995699569956996
0.748464084124874,0.321405692520557,2.29337689141613e-06,3,0,0.986398639863986
0.753630219443523,0.255493396811512,2.45978103147064e-06,3,0,1
0.7569389832799,0.263449336795743,3.88829324275703e-06,3,0,1
0.763061793630578,0.192259333648764,2.61357544004608e-06,3,0,1
0.760065232663517,0.222658815321547,3.41453384430869e-06,3,0,1
0.752311458557761,0.305008689484061,3.54876816921205e-06,3,0,0.997999799979998
0.776693648567523,0.207861990326456,2.77925090007452e-06,3,0,1
0.721936703623164,0.578284943437316,1.02144611110347e-06,3,0,0.891689168916892
0.715442199596399,0.636673728033404,9.90757432891792e-07,3,0,0.868986898689869
0.751054276574046,0.646956080905477,2.94362493791415e-07,3,0,0.96029602960296
0.731037464462031,0.644119101227488,6.45946650018678e-07,3,0,0.908690869086909
0.72500543538121,0.61144822550245,9.81122654362899e-07,3,0,0.896289628962896
0.719442885919437,0.631057874755463,1.56020319347938e-06,3,0,0.87988798879888
0.714316292067071,0.522445720608796,1.77552328630305e-06,3,0,0.877587758775878
0.721896122858109,0.648246040655445,7.75471939284289e-07,3,0,0.884488448844885
0.736926931983934,0.728151406102026,6.53094804230346e-07,3,0,0.915391539153915
0.74390218044847,0.435119352282005,1.2478450218495e-06,3,0,0.963096309630963
0.738072479939453,0.585193646463758,5.40797664104474e-07,3,0,0.932793279327933
0.782142277158931,0.273397875278387,3.03789020509653e-06,3,0,1
0.781206462315973,0.252815331725152,2.12593359458478e-06,3,0,1
0.783550597031877,0.302975919839061,1.28246589234738e-06,3,0,1
0.772615347532584,0.263278077079238,1.64567232215525e-06,3,0,1
0.781350602298033,0.281135967603245,1.31778809662191e-06,3,0,1
0.802273434725055,0.235289026897166,9.89071693731532e-07,3,0,1
0.782893570720642,0.234968575794737,1.84340096269554e-06,3,0,1
0.789344223915733,0.338807128812718,1.27053680404882e-06,3,0,1
0.775732673801098,0.294566238917599,2.21886681869434e-06,3,0,1
0.777586018844078,0.253965472435638,2.05489101168211e-06,3,0,1
0.785586527352985,0.268592341706528,1.51793648100507e-06,3,0,1
0.780187189347095,0.344039534576579,2.37776572131823e-06,3,0,1
0.721538324208271,0.778814154314447,9.52674986851008e-07,3,0,0.87038703870387
0.748084674150125,0.362589261124033,1.98854091166091e-06,3,0,0.981298129812981
0.732129919413755,0.424801353747804,2.27553843963599e-06,3,0,0.933593359335934
0.731833889265962,0.416153306370159,2.23597505522424e-06,3,0,0.933693369336934
0.737220739870802,0.368993242703669,1.95654464811169e-06,3,0,0.952395239523952
0.740765400644149,0.349116439310144,2.31521284127914e-06,3,0,0.963596359635964
0.730810648783531,0.350997298953258,3.65305535147478e-06,3,0,0.937593759375938
0.737114600591135,0.393176298218601,1.82047157949089e-06,3,0,0.94969496949695
0.732788317713488,0.34360851986063,2.15012342236935e-06,3,0,0.943494349434943
0.739266704027318,0.31242633283967,1.4319315281414e-06,3,0,0.963496349634963
0.732550349327476,0.399499865950531,1.48054982148583e-06,3,0,0.937293729372937
0.734347034599023,0.429507077877792,1.60548477442777e-06,3,0,0.938893889388939
0.743880345390776,0.398300805104782,1.31617104460776e-06,3,0,0.966796679667967
0.743268280107533,0.430373514026262,1.48169338565973e-06,3,0,0.961896189618962
0.742168905686298,0.412358865568355,1.67852112536473e-06,3,0,0.960896089608961
0.74038344584875,0.441504328444227,1.75851909482097e-06,3,0,0.953295329532953
0.736147501482039,0.510448780226122,1.28371846601005e-06,3,0,0.935393539353935
0.742126329993496,0.446808511140956,1.2587748994633e-06,3,0,0.957295729572957
0.721214461702034,0.471082088102517,2.63109813031527e-06,3,0,0.900590059005901
0.722744043201592,0.440493245459187,3.05604330984605e-06,3,0,0.907690769076908
0.722726749514104,0.426790473853705,2.91966748615141e-06,3,0,0.908990899089909
0.722153733267748,0.419911777743241,2.76828010121071e-06,3,0,0.908190819081908
0.734553451097156,0.360283051109004,1.07367279586203e-06,3,0,0.946394639463946
0.737764710515858,0.381812562598917,2.10805493293374e-06,3,0,0.952595259525953
0.737006602354561,0.486794327350446,1.43427775718884e-06,3,0,0.93999399939994
0.740581527142272,0.435544735591181,1.61764948819683e-06,3,0,0.954395439543954
0.741797657584132,0.401635266049483,1.50560911206384e-06,3,0,0.960996099609961
0.746193773327244,0.452154488385715,1.47214223423709e-06,3,0,0.967296729672967
0.702709890584863,1.11017328978174,1.4367994780974e-06,3,0,0.788178817881788
0.715414830817765,0.662947476063382,1.07852976498278e-06,3,0,0.866286628662866
0.718322519443445,0.576356926376991,1.30000045600796e-06,3,0,0.882488248824883
0.718820083888638,0.547845322050892,1.37901632096925e-06,3,0,0.886688668866887
0.716065070200951,0.715306049548898,1.07126879204829e-06,3,0,0.862686268626863
0.702549040108703,1.12539256141946,2.3467089911722e-06,3,0,0.786178617861786
0.712720962750598,0.920112971377883,2.80634512004459e-06,3,0,0.833283328332833
0.749279165293924,0.243467505839873,3.97817302370136e-06,3,0,0.996399639963996
0.751952923591814,0.274068189420629,3.74104130476064e-06,3,0,1
0.752198450284768,0.243471968465904,3.63159113067714e-06,3,0,1
0.7479750303741,0.281894814082761,3.92529333277044e-06,3,0,0.989098909890989
0.751829642493262,0.222307762016535,4.05544221617006e-06,3,0,1
0.746640569535085,0.287409934781726,3.3905326394511e-06,3,0,0.985098509850985
0.747440056584903,0.263707764229652,3.72983195967532e-06,3,0,0.98959895989599
0.746258447699586,0.286304735603274,3.60787504618058e-06,3,0,0.984198419841984
0.747988009196419,0.252134184781343,3.1860743456308e-06,3,0,0.992099209920992
0.745474933851874,0.290788988973678,2.87863469926906e-06,3,0,0.981698169816982
0.745568340602818,0.294600054054816,3.94730849899855e-06,3,0,0.981598159815982
0.743216447753115,0.298551211384243,3.76242634754905e-06,3,0,0.975097509750975
0.745929145945399,0.281114184031329,3.36475476167249e-06,3,0,0.983898389838984
0.74621677419268,0.281859066385151,3.83114953682455e-06,3,0,0.984598459845985
0.745308314810284,0.302387136457103,3.00980974275483e-06,3,0,0.98009800980098
0.746069722105567,0.281438848908681,3.72936541711379e-06,3,0,0.984198419841984
0.746875930702121,0.289861234294408,4.0028940064399e-06,3,0,0.985498549854986
0.74405093253427,0.294208727144654,4.13227704520487e-06,3,0,0.977697769776978
0.743219972516869,0.313498769719923,3.7931169299682e-06,3,0,0.973597359735974
0.744761725964158,0.310585623462043,3.63137962468272e-06,3,0,0.977897789778978
0.743069368473683,0.32306989961964,3.88403465036959e-06,3,0,0.972197219721972
0.746155154630022,0.29495984678024,3.4997651780032e-06,3,0,0.983098309830983
0.739594778984337,0.369135605746359,1.99108988792454e-06,3,0,0.958595859585959
0.748981396262597,0.283529557004085,3.0428713205942e-06,3,0,0.991599159915992
0.744930181913184,0.303477735340592,4.00585706811383e-06,3,0,0.978997899789979
0.745452278109807,0.293680021857562,3.50787961959604e-06,3,0,0.981398139813981
0.743995609237512,0.309166299535036,3.91817280521733e-06,3,0,0.975997599759976
0.763761061947408,0.309074817722647,7.5659957540981e-07,3,0,1
0.757373557793477,0.217595971754074,4.00625816435462e-06,3,0,1
0.757832468380281,0.202116756955053,3.78187899415213e-06,3,0,1
0.756571338188593,0.20179004961622,3.68729881806839e-06,3,0,1
0.769361261996385,0.273761860952319,1.75456077759115e-06,3,0,1
0.780349012434373,0.254325107733497,2.08480981162638e-06,3,0,1
0.782785681961971,0.253108244156232,1.49515259247403e-06,3,0,1
0.750095073394001,0.377764364185395,2.38670393202838e-06,3,0,0.984898489848985
0.762927551301921,0.324716577885262,1.99355751962036e-06,3,0,1
0.763359750558205,0.334454740278938,1.9394129080761e-06,3,0,1
0.764416584400227,0.296541669561326,1.9869827922442e-06,3,0,1
0.764970912765123,0.309396507750602,1.88083131063376e-06,3,0,1
0.763650618003976,0.297183805192767,1.8459930138197e-06,3,0,1
0.763132947734821,0.301452677883129,1.83388592623477e-06,3,0,1
0.76345510986887,0.30734130658755,1.76279623461978e-06,3,0,1
0.768841043588882,0.303672041021811,2.40508163747451e-06,3,0,1
0.769547484803585,0.290409294786966,2.00441400280268e-06,3,0,1
0.771985753571232,0.308723563990418,2.00301281563052e-06,3,0,1
0.770471323009808,0.265174168455705,2.04589382335221e-06,3,0,1
0.765063978334671,0.284486016913778,2.0700504642943e-06,3,0,1
0.763300203592118,0.29009862732937,1.92808591794776e-06,3,0,1
0.777470281725493,0.341235977718797,1.85362019826949e-06,3,0,1
0.775926628475159,0.272573739280527,1.83185233881007e-06,3,0,1
0.781199707284856,0.275482813276154,2.08838375215506e-06,3,0,1
0.78474243398993,0.245868313017847,2.32295858721309e-06,3,0,1
0.78446456003299,0.264083349495862,2.51345923480388e-06,3,0,1
0.774697290780275,0.260783160747102,1.54058988452265e-06,3,0,1
0.778721864677279,0.271490931554955,1.94357372182222e-06,3,0,1
0.7755753981021,0.376015662471137,2.00164361130201e-06,3,0,1
0.77466204647228,0.385389615397517,1.82681640439436e-06,3,0,1
0.780368363689638,0.27872782543163,1.95541771271381e-06,3,0,1
0.779498527125108,0.285445755811038,1.98153183075764e-06,3,0,1
0.778565374926677,0.271376928125057,1.87119454337863e-06,3,0,1
0.782950754400035,0.249505501150604,2.47171039824077e-06,3,0,1
0.781819803593521,0.242268798671215,2.32186022397052e-06,3,0,1
0.790613123867166,0.225433504017387,1.0511711124031e-06,3,0,1
0.763752648236705,0.288941119718016,2.1839705767442e-06,3,0,1
0.779196323054646,0.369267490765824,1.61198597447463e-06,3,0,1
0.673749725710511,1.58406177478842,3.41916440145705e-06,3,0,0.665266526652665
0.675281355798176,1.53691824277371,2.80191112980019e-06,3,0,0.673967396739674
0.675141191745428,1.51943744036156,3.46016046814504e-06,3,0,0.675367536753675
0.673651090912604,1.56985542017908,3.89586610450485e-06,3,0,0.666466646664666
0.673758681020662,1.56090591356224,3.55655560604021e-06,3,0,0.667666766676668
0.674776791719545,1.53232922344918,3.69437276706196e-06,3,0,0.673167316731673
0.693450652811494,1.21967608760119,1.7091067886626e-06,3,0,0.753075307530753
0.693344360228928,1.18399498598632,1.85204960035322e-06,3,0,0.756475647564756
0.714149815570267,0.734293566536494,1.71539736769227e-06,3,0,0.855785578557856
0.681058296265962,1.36292289784445,2.0218928233127e-06,3,0,0.706570657065707
0.733046687330633,0.271901733784254,2.08430065668606e-06,3,0,0.951395139513951
0.725543245980564,0.277648343439764,2.76846152983592e-06,3,0,0.931393139313931
0.749704089514751,0.219899122600693,3.01667343283158e-06,3,0,0.999799979998
0.748565371425342,0.244555227650443,2.85344872818445e-06,3,0,0.994399439943994
0.749230842081765,0.264319420789613,2.38008574789926e-06,3,0,0.994099409940994
0.754986234627527,0.257906284353238,2.94556626547028e-06,3,0,1
0.766742075381062,0.362172144940496,1.55056858538061e-06,3,0,1
0.74986302825688,0.270801530569839,2.31819903709181e-06,3,0,0.995099509950995
0.745961781699328,0.327853049238977,2.95989218603544e-06,3,0,0.979297929792979
0.75607100067593,0.223994606465283,2.21571808325775e-06,3,0,1
0.751378301651842,0.327440320049919,2.94293374093443e-06,3,0,0.993299329932993
0.759909432990119,0.415384248163264,1.21450938122201e-06,3,0,1
0.749054947911939,0.443029303405131,2.09097934595996e-06,3,0,0.975697569756976
0.761843864841146,0.339289855312607,1.65629465142288e-06,3,0,1
0.761668188146973,0.206027233024409,2.56324115208229e-06,3,0,1
0.754817613022892,0.389244379916804,1.40486437163217e-06,3,0,0.995999599959996
0.735240590653369,0.560643715428408,2.37379732612161e-06,3,0,0.927992799279928
0.760904778194101,0.19531245670285,1.5445877625265e-06,3,0,1
0.750917229808285,0.311590443600832,2.58330485841666e-06,3,0,0.993699369936994
0.762497872811483,0.218465842382181,1.99992671498927e-06,3,0,1
0.750829437105249,0.27870428140854,2.55650610080227e-06,3,0,0.996799679967997
0.758422385764395,0.200655510280635,1.75808881713443e-06,3,0,1
0.760608829493719,0.189690945138915,2.88333213040022e-06,3,0,1
0.760702676834368,0.209750984061873,3.05455467482963e-06,3,0,1
0.76179102172915,0.222303365031296,2.08136563144069e-06,3,0,1
0.761785859514715,0.183852789551059,2.84366460138664e-06,3,0,1
0.75892009547785,0.201457258876747,4.21509738608463e-06,3,0,1
0.762118858337776,0.203749090791001,2.55995976777652e-06,3,0,1
0.762166513190125,0.201843594558511,2.52373118745289e-06,3,0,1
0.770453828205415,0.17981212331084,1.92498375612147e-06,3,0,1
0.758896030513236,0.195229430751561,3.03529770592234e-06,3,0,1
0.758972497573088,0.191227472339784,2.93197076130584e-06,3,0,1
0.75949925890423,0.19021237865558,3.67849412988411e-06,3,0,1
0.750944717509436,0.282483444074256,3.38503759445165e-06,3,0,0.996799679967997
0.763930289920673,0.182367311175779,2.75771571827574e-06,3,0,1
0.761203223098728,0.17749384239774,1.76468881421573e-06,3,0,1
0.761426846288591,0.223792352366345,2.86620149306633e-06,3,0,1
0.752253454379854,0.251506757455942,1.52171334326157e-06,3,0,1
0.756337963827841,0.283624669647697,3.1580045010457e-06,3,0,1
0.764500083802964,0.383496611725361,1.55051012726722e-06,3,0,1
0.763460431996714,0.364002375837815,1.151873243294e-06,3,0,1
0.759054738460443,0.389283562954256,1.31764281665202e-06,3,0,1
0.747393558612692,0.436487823372246,4.23662780988211e-06,3,0,0.971997199719972
0.758970655897282,0.18000647162586,3.87980192074455e-06,3,0,1
0.753190443446154,0.284599458963389,3.53258603624323e-06,3,0,1
0.770482199902275,0.345516662929841,1.50731303055772e-06,3,0,1
0.768368430739068,0.350058142561328,1.70682472769335e-06,3,0,1
0.769406906626802,0.340601067589586,1.69077108735237e-06,3,0,1
0.767801911808219,0.346468074839378,1.74870420055641e-06,3,0,1
0.750836400839034,0.264684797496714,1.6926842596569e-06,3,0,0.998299829982998
0.758657544908904,0.24621160957052,3.01287228922784e-06,3,0,1
0.755507491592744,0.29052431556355,3.49888293858969e-06,3,0,1
0.753298010651157,0.278256480504982,2.86449378945566e-06,3,0,1
0.755780625934541,0.264384356734906,1.5832811828152e-06,3,0,1
0.749633124733087,0.258139195723384,1.70364940514267e-06,3,0,0.995799579957996
0.756948728536458,0.241238614354634,2.0011238152488e-06,3,0,1
0.752645770017942,0.302698140557178,3.34061518413778e-06,3,0,0.999099909990999
0.766712249741607,0.308589085208155,1.88807856864263e-06,3,0,1
0.757314637694187,0.300828024709662,3.5044065830053e-06,3,0,1
0.754624662761723,0.252307389667511,1.87073177096632e-06,3,0,1
0.758261563374597,0.267066246298335,2.15338069869266e-06,3,0,1
0.756985717257507,0.306997947538565,1.9953014935183e-06,3,0,1
0.759144218235505,0.272906812076475,1.88539374356192e-06,3,0,1
0.754917933216765,0.248601591725931,3.87180760464688e-06,3,0,1
0.745954338940518,0.671765047418665,2.35417129707427e-06,3,0,0.944494449444945
0.751375255557446,0.333532923632772,3.02614170525013e-06,3,0,0.992699269926993
0.691034115508233,1.45158160681167,3.61714657403134e-06,3,0,0.723472347234723
0.749351987956092,0.478552560226625,2.44664855041137e-06,3,0,0.972797279727973
