Source,Sum Sq.,d.f.,Singular?,Mean Sq.,F,Prob>F
test season,8.68972889825272,3,0,2.89657629941757,582.01282098259,0
test location,1.32961484097925,1,0,1.32961484097925,267.161229129112,3.7379851908939e-59
test season:test location,0.306085971761906,3,0,0.102028657253969,20.5007500204253,3.12431864638187e-13
Error,42.3378552684536,8507,0,0.00497682558698173,,
Total,52.3574620614793,8514,0,,,
