Source,Sum Sq.,d.f.,Singular?,Mean Sq.,F,Prob>F
test season,0.922382139598973,3,0,0.307460713199658,778.136911322121,0
test location,0.145458437079237,1,0,0.145458437079237,368.133469075381,2.33938759114702e-80
test season:test location,0.0223235607021306,3,0,0.0074411869007102,18.8325270283531,3.60008012729429e-12
Error,3.36132144502105,8507,0,0.000395124185379223,,
Total,4.40468382317682,8514,0,,,
