Source,Sum Sq.,d.f.,Singular?,Mean Sq.,F,Prob>F
test season,0.922382139598973,3,0,0.307460713199658,778.136911322121,0
test location,0.145458437079237,1,0,0.145458437079237,368.133469075382,2.33938759114628e-80
test season:test location,0.022323560702131,3,0,0.00744118690071035,18.8325270283534,3.6000801272924e-12
Error,3.36132144502105,8507,0,0.000395124185379223,,
Total,4.40468382317682,8514,0,,,
