Source,Sum Sq.,d.f.,Singular?,Mean Sq.,F,Prob>F
test season,47.4592354677187,3,0,15.8197451559062,235.624604453433,7.22491309464358e-147
test location,8.50036713419968,1,0,8.50036713419968,126.607326727826,3.63649982726017e-29
test season:test location,5.08872592136326,3,0,1.69624197378775,25.2643983953075,2.88461956010919e-16
Error,571.156702219064,8507,0,0.0671396146960226,,
Total,630.500275229132,8514,0,,,
