Source,Sum Sq.,d.f.,Singular?,Mean Sq.,F,Prob>F
birth season,0.0015332813595408,3,0,0.000511093786513598,1.14211512696025,0.334023524296293
birth location,0.00168684171363129,1,0,0.00168684171363129,3.76949884495336,0.0540327218848853
birth season:birth location,0.00169558261170614,3,0,0.000565194203902046,1.26301056084079,0.289158260407416
Error,0.0684671339085609,153,0,0.000447497607245496,,
Total,0.0731528078424628,160,0,,,
