Source,Sum Sq.,d.f.,Singular?,Mean Sq.,F,Prob>F
birth season,0.000186134671203568,3,0,6.20448904011892e-05,3.02219873116406,0.0315428689875227
birth location,1.35825099668578e-05,1,0,1.35825099668578e-05,0.661602335380609,0.417258813270813
birth season:birth location,7.2078970930707e-05,3,0,2.4026323643569e-05,1.17031917311179,0.323029589769486
Error,0.00314104699121675,153,0,2.05297188968415e-05,,
Total,0.00339133068812606,160,0,,,
