Source,Sum Sq.,d.f.,Singular?,Mean Sq.,F,Prob>F
birth season,0.0604573441510537,3,0,0.0201524480503512,1.2469312514665,0.294792304173267
birth location,0.0973735870847994,1,0,0.0973735870847994,6.02498359008622,0.0152256996270128
birth season:birth location,0.0575433988767173,3,0,0.0191811329589058,1.18683120111439,0.316745019412995
Error,2.47273019108109,153,0,0.0161616352358241,,
Total,2.67474865556286,160,0,,,
