Source,Sum Sq.,d.f.,Singular?,Mean Sq.,F,Prob>F
birth season,0.0604573441510523,3,0,0.0201524480503508,1.24693125146647,0.294792304173278
birth location,0.0973735870847966,1,0,0.0973735870847966,6.02498359008602,0.0152256996270145
birth season:birth location,0.0575433988767182,3,0,0.0191811329589061,1.1868312011144,0.31674501941299
Error,2.4727301910811,153,0,0.0161616352358242,,
Total,2.67474865556288,160,0,,,
