Source,Sum Sq.,d.f.,Singular?,Mean Sq.,F,Prob>F
birth season,0.000186134671203579,3,0,6.20448904011929e-05,3.02219873116424,0.0315428689875153
birth location,1.35825099668635e-05,1,0,1.35825099668635e-05,0.661602335380889,0.417258813270714
birth season:birth location,7.2078970930706e-05,3,0,2.40263236435687e-05,1.17031917311177,0.323029589769492
Error,0.00314104699121675,153,0,2.05297188968415e-05,,
Total,0.00339133068812608,160,0,,,
