Source,Sum Sq.,d.f.,Singular?,Mean Sq.,F,Prob>F
test season,0.0366485070551348,3,0,0.0122161690183783,0.851407177820121,0.466705397334809
test location,1.16084819732686,1,0,1.16084819732686,80.9054365633559,2.4139230910197e-17
test season:test location,0.0692764643489496,3,0,0.0230921547829832,1.6094101435554,0.187142968249239
Error,4.44794511292851,310,0,0.0143482100417049,,
Total,5.73177257307549,317,0,,,
