Source,Sum Sq.,d.f.,Singular?,Mean Sq.,F,Prob>F
test season,0.0188128010694057,3,0,0.00627093368980192,0.436959683475698,0.726707320445155
test location,1.12644350014297,1,0,1.12644350014297,78.4907670250423,6.38129901058929e-17
test season:test location,0.0723988735875971,3,0,0.0241329578625324,1.68158844449168,0.170905467422261
Error,4.44889887409192,310,0,0.0143512866906191,,
Total,5.7317725730755,317,0,,,
