Source,Sum Sq.,d.f.,Singular?,Mean Sq.,F,Prob>F
test season,0.000326407765682588,3,0,0.000108802588560863,0.235561694685508,0.871552112975716
test location,0.0646958269112484,1,0,0.0646958269112484,140.068897513123,6.44416497820207e-27
test season:test location,0.00185871579478071,3,0,0.00061957193159357,1.34139652480891,0.260954130393785
Error,0.14318458057834,310,0,0.000461885743801096,,
Total,0.215014805496486,317,0,,,
