Source,Sum Sq.,d.f.,Singular?,Mean Sq.,F,Prob>F
test season,7.1434757661192e-05,3,0,2.3811585887064e-05,0.983226461471565,0.400896544003986
test location,0.00356981597916287,1,0,0.00356981597916287,147.404610089569,5.16895775622221e-28
test season:test location,0.000163770925176605,3,0,5.45903083922017e-05,2.25413947671018,0.0820829875872533
Error,0.00750751928903749,310,0,2.42178041581854e-05,,
Total,0.0112564578819845,317,0,,,
