Source,Sum Sq.,d.f.,Singular?,Mean Sq.,F,Prob>F
test season,2.46508812003555e-05,3,0,8.2169604001185e-06,0.333203113251658,0.801346751341115
test location,0.00315456978290285,1,0,0.00315456978290285,127.919865917533,4.62081873052128e-25
test season:test location,4.85500548755833e-05,3,0,1.61833516251944e-05,0.65624548273146,0.579562359527823
Error,0.00764475967579833,310,0,2.46605150832204e-05,,
Total,0.0112564578819845,317,0,,,
