Source,Sum Sq.,d.f.,Singular?,Mean Sq.,F,Prob>F
test season,0.0002755549788932,3,0,9.18516596310666e-05,0.20112526326749,0.895571040089109
test location,0.068647850276145,1,0,0.068647850276145,150.316466953277,1.92049067809436e-28
test season:test location,0.00360728748971105,3,0,0.00120242916323702,2.63292882227636,0.0500528522798812
Error,0.141573534935594,310,0,0.000456688822372885,,
Total,0.215014805496486,317,0,,,
