Source,Sum Sq.,d.f.,Singular?,Mean Sq.,F,Prob>F
test season,0.000275554978893214,3,0,9.18516596310713e-05,0.2011252632675,0.895571040089102
test location,0.0686478502761449,1,0,0.0686478502761449,150.316466953277,1.92049067809458e-28
test season:test location,0.00360728748971108,3,0,0.00120242916323703,2.63292882227637,0.0500528522798795
Error,0.141573534935595,310,0,0.000456688822372886,,
Total,0.215014805496486,317,0,,,
