Source,Sum Sq.,d.f.,Singular?,Mean Sq.,F,Prob>F
test season,7.14347576611959e-05,3,0,2.38115858870653e-05,0.983226461471616,0.400896544003963
test location,0.00356981597916286,1,0,0.00356981597916286,147.404610089568,5.16895775622399e-28
test season:test location,0.000163770925176592,3,0,5.45903083921974e-05,2.25413947670999,0.0820829875872719
Error,0.0075075192890375,310,0,2.42178041581855e-05,,
Total,0.0112564578819845,317,0,,,
