Source,Sum Sq.,d.f.,Singular?,Mean Sq.,F,Prob>F
test season,0.0188128010694064,3,0,0.00627093368980214,0.436959683475715,0.726707320445143
test location,1.12644350014297,1,0,1.12644350014297,78.4907670250427,6.38129901058836e-17
test season:test location,0.0723988735875953,3,0,0.0241329578625318,1.68158844449165,0.170905467422269
Error,4.4488988740919,310,0,0.014351286690619,,
Total,5.73177257307549,317,0,,,
